㔂,ㄌㄢˊ,100
㘛,ㄎㆰˊ,100
㤉,ㆣㆤˊ,100
㧌,ㄇㄠ,100
㧎,ㄎㆤˊ,100
㧒,ㄏㄧㄚㆵ,100
㧣,ㄉㄨ,100
㧻,ㄉㆦㆻ,100
㨂,ㄉㄤ˪,100
㨑,ㄗㄤ,100
㨨,ㄌㄧㄨˊ,100
㨪,ㄏㆮㆷ,100
㨻,ㄗㆩ˫,100
㴘,ㆠㄠ˫,100
㴙,ㄘㄚㆴ8,100
㷮,ㄗㄠ,100
㽎,ㄒㄧㆬ˪,100
㾀,ㄎㄧㄚㆴ,100
䀐,ㄒㄧㆰ,100
䆀,ㆠㄞˋ,100
䈄,ㄏㆰ,100
䖙,ㄊㆤ,100
䖙,ㄊㆥ,95
䖳,ㄊㆤ˫,100
䘥,ㄍㄚㆷ,100
䘼,ㆭˋ,100
䘼,ㄨㆪˋ,95
䠡,ㄘㆤˊ,100
䢢,ㄑㄧㄤ˫,100
䫌,ㄆㄨㆤˋ,100
䫌,ㄆㆤˋ,95
䫌,ㄆㄨㄧˋ,90
䲅,ㄍㄨㄧ,100
一,ㄐㄧㆵ8,100
一,ㄧㆵ,95
一,˙ㄐㄧㆵ8,90
丁,ㄉㄧㄥ,100
七,ㄑㄧㆵ,100
七,ㄑㄧ,95
丈,ㄉㄧㆫ˫,100
丈,ㄉㄧㆲ˫,95
丈,ㄉㆭ˫,90
丈,ㄉㄧㆧ˫,85
三,ㄙㆩ,100
三,ㄙㆰ,95
三,ㄙㆰ˪,90
三,ㄙㄢ,85
上,ㄒㄧㆲ˫,100
上,ㄐㄧㆫ˫,95
上,ㄑㄧㆫ˫,90
上,ㄒㄧㄤ˫,85
上,ㄒㄧㆲˋ,80
上,˙ㄒㄧㆲ˫,75
上,ㄑㄧㆧ˫,70
上,ㄑㄧㄨ˫,65
上,ㄐㄧㆧ˫,60
下,ㆤ˫,100
下,ㄏㄚ˫,95
下,ㆤ,90
下,ㄏㆤ˫,85
下,ㆥ,80
下,ㆥ˫,75
不,ㄅㄨㆵ,100
不,ㄅㄨㆷ,95
丑,ㄊㄧㄨˋ,100
丑,ㄊㄧㆫˋ,95
且,ㄑㄧㆩˋ,100
且,ㄘㆤˋ,95
丕,ㄆㄧ,100
世,ㄙㆤ˪,100
世,ㄒㄧ˪,95
世,ㄒㄧˋ,90
丘,ㄎㄨ,100
丘,ㄎㄧㄨ,95
丙,ㄅㄧㆩˋ,100
丙,ㄅㄧㄥˋ,95
丞,ㄒㄧㄥˊ,100
丟,ㄉㄧㄨ,100
並,ㄆㄧㄥ˫,100
並,ㄅㄧㄥ˫,95
个,ㆤˊ,100
中,ㄉㄧㆲ,100
中,ㄉㄧㆲ˪,95
中,ㄉㄧㄥ˪,90
中,ㄉㄧㄥ,85
中,ㄉㆲ,80
串,ㄘㄨㄢ˪,100
串,ㄘㆭ˪,95
丸,ㄨㄢˊ,100
丹,ㄉㄢ,100
主,ㄗㄨˋ,100
主,ㄐㄧˋ,95
丼,ㄉㆱˊ,100
乃,ㄋㄞˋ,100
久,ㄍㄨˋ,100
久,ㄍㄧㄨˋ,95
么,ㄧㄜ,100
之,ㄐㄧ,100
乍,ㄗㆩ˪,100
乎,ㄏㆧㆷ,100
乎,˙ㄏㆧㆷ,95
乏,ㄏㄚㆵ8,100
乏,ㄏㄨㄚㆵ8,95
乒,ㄆㄧㄣ˫,100
乓,ㄅㄧㄤ˪,100
乓,ㄆㆲ˫,95
乖,ㄍㄨㄞ,100
乘,ㄒㄧㄥ˫,100
乘,ㄒㄧㄥˊ,95
乙,ㄧㆵ,100
乜,ㄇㄧˋ,100
九,ㄍㄠˋ,100
九,ㄍㄧㄨˋ,95
乞,ㄎㄧㆵ,100
也,ㄧㄚ˫,100
也,ㄚ˫,95
乩,ㄍㄧ,100
乳,ㄌㄨˋ,100
乳,ㆡㄨˋ,95
乳,ㄌㄧˋ,90
乳,ㆢㄧˋ,85
乳,ㆢㆪˋ,80
乳,ㆣㄧˋ,75
乾,ㄍㄨㆩ,100
乾,ㄍㄢ,95
乾,ㄎㄧㄢˊ,90
乾,ㄉㄚ,85
亂,ㄌㄨㄢ˫,100
亂,ㄌㄢ˫,95
了,ㄌㄧㄠˋ,100
了,˙ㄌㄧㄠˋ,95
予,ㄏㆦ˫,100
予,ㄏㄜ˫,95
予,ㄏㆲ˫,90
事,ㄙㄨ˫,100
事,ㄉㄞ˫,95
二,ㆢㄧ˫,100
二,ㄌㄧ˫,95
二,˙ㄌㄧ˫,90
二,˙ㆢㄧ˫,85
二,ㆣㄧ˫,80
云,ㄨㄣˊ,100
互,ㄏㆦ˫,100
五,ㆣㆦ˫,100
五,ㄫㆦˋ,95
井,ㄗㆥˋ,100
井,ㄐㆪˋ,95
井,ㄐㄧㄥˋ,90
亞,ㄚ,100
亡,ㆠㆲˊ,100
亢,ㄎㆲ˪,100
交,ㄍㄠ,100
交,ㄍㄚ,95
交,ㄍㄧㄠ,90
交,ㄍㄠ˫,85
亥,ㄏㄞ˫,100
亦,ㄧㆻ8,100
亨,ㄏㄧㄥ,100
享,ㄏㄧㄤˋ,100
享,ㄏㄧㆲˋ,95
京,ㄍㄧㆩ,100
京,ㄍㄧㄥ,95
亭,ㄉㄧㄥˊ,100
亮,ㄌㄧㄤ˫,100
亮,ㄌㄧㆲ˫,95
人,ㄌㄤˊ,100
人,ㆢㄧㄣˊ,95
人,ㄌㄧㄣˊ,90
人,˙ㄌㄤˊ,85
人,ㆭˊ,80
人,ㆣㄧㄣˊ,75
仁,ㆢㄧㄣˊ,100
仁,ㄌㄧㄣˊ,95
仁,ㄌㄧㄣ,90
仁,ㆣㄧㄣˊ,85
仃,ㄉㄧㄥ,100
仄,ㄗㆤㆷ,100
仄,ㄐㄧㆻ,95
仆,ㄆㄚㆻ,100
仇,ㄒㄧㄨˊ,100
仇,ㄍㄧㄨˊ,95
今,ㄍㄧㄣ,100
今,ㄉㆩ,95
今,ㄍㄧㆬ,90
介,ㄍㄞ˪,100
仔,ㄚˋ,100
仔,˙ㄚˋ,95
仔,ㄚㆷ,90
仔,ㄗㄨˋ,85
仕,ㄙㄨ˫,100
他,ㄊㆩ,100
他,ㄉㄚ,95
他,ㄊㄚ,90
仗,ㄉㄧㆲ˫,100
仗,ㄉㄧㄤ˫,95
付,ㄏㄨ˪,100
仙,ㄒㄧㄢ,100
仙,ㄒㄧㄢˋ,95
仙,ㄑㄧㄢ,90
仙,ㄘㄢ,85
仝,ㄍㄤ˫,100
仝,ㄍㄤˊ,95
仟,ㄑㄧㄢ,100
代,ㄉㄞ˫,100
代,ㄉㄞ˪,95
代,ㄉㆤ˫,90
代,ㄉㆤ˪,85
令,ㄌㄧㄥ˫,100
令,ㄌㄧㄥˊ,95
以,ㄧˋ,100
仰,ㆣㄧㆲˋ,100
仰,ㄧㆲˋ,95
仲,ㄉㄧㆲ˫,100
仵,ㄫㆦˋ,100
件,ㄍㄧㆩ˫,100
任,ㆢㄧㆬ˫,100
任,ㄌㄧㆬ˫,95
任,ㆢㄧㆬˊ,90
任,ㄌㄧㆬˊ,85
份,ㄏㄨㄣ˫,100
份,ㄏㄨㄣ,95
仿,ㄏㆲˋ,100
企,ㄎㄧ˪,100
伊,ㄧ,100
伊,˙ㄧ,95
伊,ㄧ˫,90
伍,ㄫㆦˋ,100
伏,ㄏㆦㆻ8,100
伐,ㄏㄨㄚㆷ8,100
伐,ㄏㄨㄚㆵ8,95
伐,ㄏㄨㄚ˫,90
休,ㄏㄧㄨ,100
伙,ㄏㄨㆤˋ,100
伙,ㄏㆤˋ,95
伨,ㄊㄧㄣ˫,100
伯,ㄅㆤㆷ,100
伯,ㄅㄧㆵ,95
伯,ㄆㄧㆻ,90
伯,ㄅㄧㆻ,85
估,ㄍㆦˋ,100
伴,ㄆㄨㆩ˫,100
伴,ㄆㄨㄢ˫,95
伶,ㄌㄧㄥˋ,100
伶,ㄌㄧㄥˊ,95
伸,ㄘㄨㄣ,100
伸,ㄒㄧㄣ,95
伸,ㄘㆭ,90
伻,ㄆㆥ,100
似,ㄙㄞ˫,100
似,ㄙㄨ˫,95
佃,ㄉㄧㄢ˫,100
但,ㄋㄚ˫,100
但,ㄉㄢ˫,95
但,ㄋㄧㄚ˫,90
佇,ㄉㄧ˫,100
佇,ㄉㄨ˫,95
佈,ㄅㆦ˪,100
位,ㄨㄧ˫,100
低,ㄍㆤ˫,100
低,ㄉㆤ,95
住,ㄗㄨ˫,100
佐,ㄗㄜ˪,100
佑,ㄧㄨ˫,100
佔,ㄐㄧㆰ˪,100
何,ㄏㄜˊ,100
何,ㄨㄚˊ,95
佗,ㄉㄜˋ,100
佗,ㄉㄜㆷ,95
佗,ㄉㄚˋ,90
佗,ㄉㄚㆷ,85
佗,ㄉㄧㄜㆷ8,80
佘,ㄒㄧㄚˊ,100
余,ㄧˊ,100
余,ㄨˊ,95
佛,ㄏㄨㆵ8,100
佛,ㄅㄨㆵ8,95
作,ㄗㆦㆻ,100
作,ㄗㄜㆷ,95
佟,ㄉㆲˊ,100
你,ㄌㄧˋ,100
你,˙ㄌㄧˋ,95
你,ㄌㄨˋ,90
佩,ㄅㄨㆤ˫,100
佩,ㄆㄨㆤ˪,95
佬,ㄌㄠˋ,100
佬,ㄌㄜˋ,95
佮,ㄍㄚㆷ,100
佮,ㄍㄚㆴ,95
佯,ㄉㆥ˪,100
佯,ㄉㆪ˪,95
佳,ㄍㄚ,100
佳,ㄎㄚ,95
佳,ㄍㄞ,90
併,ㄅㄧㄥ˪,100
使,ㄙㄞˋ,100
使,ㄙㄨˋ,95
使,ㄙㄞ˪,90
使,ㄙㄨ˪,85
使,ㄙㄞㆷ,80
使,ㄒㄧㄚㆷ,75
來,ㄌㄞˊ,100
來,˙ㄌㄞˊ,95
來,ㄌㄞ,90
例,ㄌㆤ˫,100
侍,ㄙㄞ˫,100
侍,ㄙㄨ˫,95
侍,ㄒㄧ˫,90
侏,ㄗㄨ,100
侖,ㄌㄨㄣˊ,100
侗,ㄉㆲ˪,100
供,ㄍㄧㄥ,100
供,ㄍㄧㆲ,95
供,ㄍㄧㄥ˪,90
依,ㄧ,100
侮,ㆠㄨˋ,100
侯,ㄏㆦˊ,100
侯,ㄏㄠˊ,95
侯,ㄍㄠˊ,90
侵,ㄑㄧㆬ,100
侷,ㄍㄧㆦㆻ8,100
侹,ㄊㄧㆩ˫,100
便,ㄅㄧㄢ˫,100
便,ㄅㄢˊ,95
係,ㄏㆤ˫,100
促,ㄑㄧㆻ,100
促,ㄑㄧㆦㆻ,95
俄,ㄫㆦˊ,100
俄,ㆣㄜˊ,95
俊,ㄗㄨㄣ˪,100
俍,ㄌㄤ˫,100
俏,ㄑㄧㄜ,100
俏,ㄑㄧㄠ˪,95
俐,ㄌㄧ˫,100
俗,ㄒㄧㆦㆻ8,100
俗,ㄒㄧㄜㆷ8,95
俗,ㄒㄧㆦㆻ,90
俘,ㄏㄨ,100
俚,ㄌㄧˋ,100
保,ㄅㄜˋ,100
俞,ㄌㄨˊ,100
俞,ㆡㄨˊ,95
俞,ㆢㄧˊ,90
俠,ㄍㄧㄚㆴ,100
信,ㄒㄧㄣ˪,100
修,ㄒㄧㄨ,100
俯,ㄏㄨˋ,100
俱,ㄎㄨ˫,100
俳,ㄅㄞ,100
俳,ㄅㄞˊ,95
俸,ㄏㆲ˫,100
俺,ㄢˋ,100
倆,ㄌㄧㆲˋ,100
倉,ㄘㆭ,100
倉,ㄘㆲ,95
個,ㄍㄜ˪,100
個,ㄍㄜˊ,95
個,ㄍㆦˋ,90
個,ㄍㆮˊ,85
倌,ㄍㄨㆩ,100
倍,ㄅㄨㆤ˫,100
倍,ㄅㆤ˫,95
倏,ㄙㄨㄚ˫,100
倒,ㄉㄜ˪,100
倒,ㄉㄜˋ,95
倒,ㄊㄜㆷ8,90
倒,˙ㄉㄜˋ,85
倒,ㄉㄠˋ,80
倖,ㄏㄧㄥ˫,100
倖,ㄒㄧㄥ˫,95
候,ㄏㄠ˫,100
候,ㄏㄧㄜ˫,95
倚,ㄨㄚˋ,100
倚,ㄧˋ,95
借,ㄐㄧㄜㆷ,100
借,ㄐㄧㄚ˪,95
倡,ㄑㄧㆲ˪,100
倡,ㄑㄧㆲ,95
倦,ㄍㄨㄢ˫,100
倩,ㄑㄧㆩ˪,100
倪,ㆣㆤˊ,100
倫,ㄌㄨㄣˊ,100
倭,ㆤ,100
倯,ㄙㆲˊ,100
值,ㄉㄚㆵ8,100
值,ㄉㄧㆵ8,95
偃,ㄧㄢˋ,100
假,ㄍㆤˋ,100
假,ㄍㄚˋ,95
假,ㄍㄚ˪,90
假,ㄍㆤ˪,85
偈,ㄎㄧ˪,100
偉,ㄨㄧˋ,100
偌,ㆣㄨㄚ˫,100
偌,ㆡㄨㄚ˫,95
偌,ㄌㄨㄚ˫,90
偏,ㄆㄧㄢ,100
偏,ㄆㆪ,95
偓,ㆦ˪,100
偕,ㄍㄞ,100
做,ㄗㄜ˪,100
做,ㄗㄨㆤ˪,95
停,ㄊㄧㄥˊ,100
偝,ㆮ˫,100
偝,ㄧㄤ˫,95
偝,ㄤ˫,90
健,ㄍㄧㄢ˫,100
健,ㄍㄧㆩ˫,95
側,ㄑㄧㆻ,100
偵,ㄐㄧㄥ,100
偶,ㄫㆦˋ,100
偷,ㄊㄠ,100
偽,ㆣㄨㄧ˫,100
傀,ㄍㄚ,100
傀,ㄎㄨㄧˋ,95
傅,ㄏㄨ˫,100
傅,ㄅㆦ˪,95
傍,ㄅㆭ˫,100
傍,ㄅㆲ˫,95
傑,ㄍㄧㄚㆵ8,100
傘,ㄙㄨㆩ˪,100
傘,ㄙㄢ˪,95
備,ㄅㄧ˫,100
催,ㄘㄨㄧ,100
傱,ㄗㆲˊ,100
傲,ㄫㆦ˫,100
傳,ㄊㄨㄢˊ,100
傳,ㄊㆭˊ,95
傳,ㄉㄨㄢ˫,90
傳,ㄉㄨㄢˊ,85
傳,ㄊㄨㆪˊ,80
傳,ㄉㆭˊ,75
債,ㄗㆤ˪,100
傷,ㄒㄧㆫ,100
傷,ㄒㄧㆲ,95
傷,ㄒㄧㆧ,90
傾,ㄎㄧㄥ,100
僆,ㄋㄨㄚ˫,100
僆,ㄌㄨㄚ˫,95
像,ㄑㄧㆫ˫,100
像,ㄒㄧㆲ˫,95
像,ㄑㄧㆧ˫,90
僑,ㄍㄧㄠˊ,100
僕,ㄅㆦㆻ8,100
僚,ㄌㄧㄠˊ,100
僥,ㄏㄧㄠ,100
僧,ㄐㄧㄥ,100
僧,ㄒㄧㄥ,95
僫,ㄜㆷ,100
僭,ㄐㄧㆰ˪,100
僭,ㄑㄧㆰ˪,95
僮,ㄉㆲˊ,100
僱,ㄍㆦ˪,100
僵,ㄎㄧㆲ,100
價,ㄍㆤ˪,100
價,ㄍㄚ˪,95
僻,ㄆㄧㄚㆷ,100
儀,ㆣㄧˊ,100
億,ㄧㆻ,100
儉,ㄎㄧㆰ˫,100
儑,ㆣㆰ˫,100
儒,ㄌㄨˊ,100
儒,ㆡㄨˊ,95
儘,ㄐㄧㄣ˫,100
儘,ㄐㄧㄣˋ,95
償,ㄒㄧㆲˊ,100
償,ㄒㄧㆲˋ,95
儡,ㄌㆤˋ,100
優,ㄧㄨ,100
儱,ㄌㄤˋ,100
儲,ㄉㄨˊ,100
儳,ㄙㆰˊ,100
儳,ㄙㆰ˫,95
儷,ㄌㆤ˫,100
儸,ㄌㄜˊ,100
儼,ㆣㄧㆰˋ,100
允,ㄧㄣˋ,100
允,ㄨㄣˋ,95
元,ㆣㄨㄢˊ,100
兄,ㄏㄧㆩ,100
兄,ㄏㄧㄥ,95
充,ㄑㄧㆲ,100
兆,ㄉㄧㄠ˫,100
兇,ㄏㄧㆲ,100
先,ㄒㄧㄥ,100
先,ㄒㄧㄢ,95
先,ㄒㄧㄣ,90
光,ㄍㆲ,100
光,ㄍㆭ,95
光,ㄍㄨㆪ,90
克,ㄎㄧㆻ,100
兌,ㄉㄨㄧ˫,100
兌,ㄉㄨㆤ˫,95
兌,ㄉㄨㆤˊ,90
免,ㆠㄧㄢˋ,100
兒,ㆢㄧˊ,100
兒,ㄌㄧˊ,95
兔,ㄊㆦ˪,100
兜,ㄉㄠ,100
入,ㆢㄧㆴ8,100
入,ㄌㄧㆴ8,95
內,ㄌㄞ˫,100
內,ㄌㄨㆤ˫,95
全,ㄗㄨㄢˊ,100
全,ㄗㆭˊ,95
全,ㄗㄨㆪˊ,90
兩,ㄋㆭ˫,100
兩,ㄌㄧㆲˋ,95
兩,ㄋㄧㄨˋ,90
兩,ㄋㄧㆦˋ,85
八,ㄅㆤㆷ,100
八,ㄅㄚㆵ,95
八,ㄅㄨㆤㆷ,90
八,ㄅㄚ,85
公,ㄍㆲ,100
公,ㄍㄤ,95
公,ㄍㄤˋ,90
公,ㄍㄧㄥ,85
六,ㄌㄚㆻ8,100
六,ㄌㄧㆦㆻ8,95
共,ㄍㄚ˫,100
共,ㄍㄤ˫,95
共,ㄍㄧㆲ˫,90
兵,ㄅㄧㄥ,100
其,ㄍㄧˊ,100
具,ㄍㄨ˫,100
具,ㄎㄨ˫,95
典,ㄉㄧㄢˋ,100
兼,ㄍㄧㆰ,100
冇,ㄆㆩ˪,100
冊,ㄘㆤㆷ,100
冊,ㄑㄧㆻ,95
再,ㄗㄞ˪,100
冒,ㄇㆦ˫,100
冗,ㄌㄧㆲ˫,100
冗,ㄌㄧㄥ˫,95
冠,ㄍㄨㄢ,100
冠,ㄍㄨㄢ˪,95
冤,ㄨㄢ,100
冥,ㆠㄧㄥˊ,100
冬,ㄉㄤ,100
冬,ㄉㆲ,95
冰,ㄅㄧㄥ,100
冰,ㄅㄧㄣ,95
冶,ㄧㄚˋ,100
冷,ㄌㄧㄥˋ,100
准,ㄗㄨㄣˋ,100
凊,ㄑㄧㄣ˪,100
凊,ㄑㄧㄥ˪,95
凊,ㄑㄧ˪,90
凋,ㄉㄧㄠ,100
凌,ㄌㄧㄥˊ,100
凍,ㄉㄤ˪,100
凍,ㄉㆲ˪,95
凜,ㄌㄧㆬˋ,100
凝,ㆣㄧㄥˊ,100
凡,ㄏㄨㄢˊ,100
凡,ㄏㄨㄢ˫,95
凡,ㄏㄢ˫,90
凰,ㄏㆲˊ,100
凱,ㄎㄞˋ,100
凱,ㄍㆤ,95
凶,ㄏㄧㆲ,100
凶,ㄏㄧㄥ,95
凸,ㄉㄨㆵ8,100
凹,ㄋㄚㆷ,100
凹,ㄋㆤㆷ,95
凹,ㄠ˫,90
凹,ㄌㄚㆴ,85
出,ㄘㄨㆵ,100
出,˙ㄘㄨㆵ,95
出,ㄗㄨㆵ,90
函,ㄏㆰˊ,100
刀,ㄉㄜ,100
刁,ㄉㄧㄠ,100
刁,ㄊㄧㄠ,95
刃,ㆢㄧㆬ˫,100
分,ㄏㄨㄣ,100
分,ㄅㄨㄣ,95
分,ㄏㄨㄣ˫,90
切,ㄑㄧㄚㆵ,100
切,ㄘㆤ˪,95
切,ㄎㄧㆵ8,90
刊,ㄎㄢ,100
刎,ㆠㄨㄣˋ,100
刐,ㄉㆮˋ,100
刐,ㄉㄢˋ,95
刑,ㄏㄧㄥˊ,100
划,ㄍㄜ˪,100
列,ㄌㄧㄚㆵ8,100
刜,ㄆㄨㆵ,100
初,ㄘㆦ,100
初,ㄘㆤ,95
初,ㄘㄨㆤ,90
刣,ㄊㄞˊ,100
判,ㄆㄨㆩ˪,100
別,ㄅㄚㆵ8,100
別,ㄅㄧㄚㆵ8,95
利,ㄌㄧ˫,100
利,ㄌㄞ˫,95
刪,ㄙㄢ,100
刮,ㄎㆤ,100
刮,ㄍㄨㆤㆷ,95
刮,ㄍㄨㄚㆵ,90
刮,ㄍㄨㄧㆷ,85
到,ㄍㄠ˪,100
到,ㄉㄠ˪,95
到,ㄉㄜ˪,90
制,ㄗㆤ˪,100
刷,ㄙㄨㄚㆵ,100
券,ㄍㄨㄢ˪,100
券,ㄍㆭ˪,95
刺,ㄑㄧㄚㆷ,100
刺,ㄑㄧ˪,95
刻,ㄎㄧㆻ,100
剁,ㄉㆦㆻ,100
剃,ㄊㄧ˪,100
剃,ㄊㆤ˪,95
則,ㄐㄧㆻ,100
剉,ㄘㄜ˪,100
削,ㄒㄧㄚㆷ,100
削,ㄒㄧㄚㆵ,95
剋,ㄎㄧㆻ,100
剌,ㄌㄨㄚㆷ8,100
剌,ㄌㄚㆵ8,95
前,ㄐㄧㄥˊ,100
前,ㄐㄧㄢˊ,95
前,ㄗㄨㄣˊ,90
前,ㄗㄨ˫,85
前,ㄗㆮˊ,80
前,ㄗㄢˊ,75
剔,ㄊㄚㆻ,100
剔,ㄊㄧㆻ,95
剖,ㄆㆦˋ,100
剛,ㄍㆲ,100
剝,ㄅㄚㆻ,100
剝,ㄅㆦㆻ,95
剩,ㄒㄧㆲ˫,100
剩,ㄒㄧㄥ˫,95
剩,ㄒㄧㄣ˫,90
剪,ㄐㄧㄢˋ,100
副,ㄏㄨ˪,100
割,ㄍㄨㄚㆷ,100
割,ㄍㄚㆵ,95
創,ㄘㆲ˪,100
創,ㄘㆲ,95
剷,ㄊㄨㆩˋ,100
剺,ㄌㆤㆷ8,100
剺,ㄌㄧ˪,95
剾,ㄎㄠ,100
剿,ㄗㄠˊ,100
劃,ㄨㆤㆷ8,100
劃,ㄨㄧㆷ8,95
劃,ㄧㆻ8,90
劃,ㄨㆤ˫,85
劇,ㄍㄧㆦㆻ8,100
劇,ㄍㄧㆻ8,95
劈,ㄆㄧㆻ,100
劉,ㄌㄠˊ,100
劌,ㄍㄨㄧ˪,100
劍,ㄍㄧㆰ˪,100
劑,ㄗㆤ,100
劑,ㄗㆤ˪,95
力,ㄌㄧㆻ8,100
力,ㄌㄚㆵ8,95
力,ㄌㄧˋ,90
功,ㄍㆲ,100
功,ㄍㄤ,95
加,ㄍㆤ,100
加,ㄍㄚ,95
劣,ㄌㄨㄚㆵ8,100
助,ㄗㆦ˫,100
努,ㄌㆦˋ,100
劫,ㄍㄧㄚㆴ,100
勁,ㄍㄧㄥ˫,100
勁,ㄍㄧㄥ˪,95
勁,ㄫㆤ˫,90
勃,ㄅㄨㆵ8,100
勇,ㄧㆲˋ,100
勉,ㆠㄧㄢˋ,100
勍,ㄎㄧㄤ,100
勒,ㄌㄧㆻ,100
勒,ㄌㄧㆻ8,95
動,ㄉㆲ˫,100
動,ㄉㄤ˫,95
動,ㄊㆰ˫,90
勘,ㄎㆰ,100
勘,ㄎㆰ˪,95
務,ㆠㄨ˫,100
勝,ㄒㄧㄥ˪,100
勝,ㄒㄧㄥ,95
勞,ㄌㄜˊ,100
勞,ㄌㆦˋ,95
勞,ㄌㄜ˫,90
勞,ㄌㆦˊ,85
募,ㆠㆦ˫,100
勢,ㄙㆤ˪,100
勢,ㄒㄧ˪,95
勤,ㄎㄧㄣˊ,100
勤,ㄎㄨㄣˊ,95
勥,ㄎㄧㄤ˪,100
勳,ㄏㄨㄣ,100
勵,ㄌㆤ˫,100
勸,ㄎㆭ˪,100
勸,ㄎㄨㄢ˪,95
勸,ㄎㄨㆪ˪,90
勺,ㄒㄧㄚㆷ8,100
勻,ㄨㄣˊ,100
勻,ㄧㄢˊ,95
勼,ㄍㄧㄨ,100
勾,ㄍㄠ,100
勿,ㆠㄨㆵ8,100
包,ㄅㄠ,100
包,ㄅㄠˊ,95
匆,ㄘㆲ,100
匏,ㄅㄨˊ,100
化,ㄏㄨㄚ˪,100
化,ㄏㄨㄚ,95
北,ㄅㄚㆻ,100
北,ㄅㆦㆻ,95
匙,ㄒㄧˊ,100
匠,ㄑㄧㆫ˫,100
匠,ㄑㄧㆧ˫,95
匡,ㄎㆲ,100
匪,ㄏㄨㄧˋ,100
匯,ㄏㄨㆤ˫,100
匯,ㄏㄨㆤˊ,95
匹,ㄆㄧㆵ,100
匼,ㄎㄚㆴ,100
匾,ㄅㄧㄢˋ,100
匿,ㄌㄧㆻ8,100
區,ㄎㄨ,100
區,ㆦ,95
區,ㄑㄧ˫,90
十,ㄗㄚㆴ8,100
十,ㄒㄧㆴ8,95
千,ㄑㄧㄢ,100
千,ㄑㄧㄥ,95
升,ㄒㄧㄥ,100
升,ㄐㄧㄣ,95
午,ㄫㆦˋ,100
午,ㆣㆦ˫,95
半,ㄅㄨㆩ˪,100
半,ㄅㄨㄢ˪,95
半,ㄅㄧㄢ˪,90
卌,ㄒㄧㄚㆴ,100
卑,ㄅㄧ,100
卒,ㄗㄨㆵ,100
卓,ㄉㄜㆷ,100
卓,ㄉㆦㆻ,95
卓,ㄉㄚˋ,90
協,ㄏㄧㄚㆴ8,100
協,ㄏㄚㆷ8,95
南,ㄌㆰˊ,100
博,ㄆㆦㆻ,100
卜,ㄅㆦㆻ,100
卜,ㄅㄜㆷ,95
占,ㄐㄧㆰ˪,100
占,ㄐㄧㆰ,95
卡,ㄎㄚㆷ,100
卡,ㄎㄚㆷ8,95
卡,ㄎㄚˋ,90
卦,ㄍㄨㄚ˪,100
卯,ㄇㄠㆷ,100
卯,ㆠㄠˋ,95
印,ㄧㄣ˪,100
危,ㆣㄨㄧˊ,100
危,ㄨㄧˊ,95
危,ㄏㄨㄧˊ,90
危,ㄌㄨㄧˊ,85
即,ㄐㄧㆻ,100
卵,ㄋㆭ˫,100
卵,ㄌㄨㄢˋ,95
卵,ㄋㄨㄧ˫,90
卷,ㄍㆭˋ,100
卷,ㄍㄨㄢ˪,95
卷,ㄍㆭ˪,90
卷,ㄍㄨㆪˋ,85
卸,ㄒㄧㄚ˪,100
卹,ㄙㄨㆵ,100
卻,ㄎㄧㆦㆻ,100
卿,ㄎㄧㄥ,100
厄,ㆤㆷ,100
厘,ㄌㄧˊ,100
厚,ㄍㄠ˫,100
厚,ㄏㆦ˫,95
厚,ㄏㄧㄜ˫,90
厝,ㄘㄨ˪,100
厝,ㄌㄧㄠˊ,95
原,ㆣㄨㄢˊ,100
原,ㄨㄢˊ,95
厭,ㄧㄚ˪,100
厭,ㄧㄢ˪,95
厲,ㄌㄧ˫,100
厲,ㄌㆤ˫,95
去,ㄎㄧ˪,100
去,˙ㄎㄧ˪,95
去,ㄎㄧ,90
去,ㄎㄨ˪,85
參,ㄘㆰ,100
參,ㄒㄧㆬ,95
參,ㄙㆱ,90
參,ㄙㆰ,85
參,ㄙㆲ,80
又,ㄧㄨ˫,100
叉,ㄘㆤ,100
及,ㄍㄧㆴ8,100
友,ㄧㄨˋ,100
反,ㄏㄨㄢˋ,100
反,ㄅㄧㄥˋ,95
反,ㄅㆮˋ,90
反,ㄅㄨㆪˋ,85
反,ㄅㄢˋ,80
叔,ㄐㄧㆻ,100
叔,ㄒㄧㆦㆻ,95
取,ㄘㄨˋ,100
受,ㄒㄧㄨ˫,100
受,ㄒㄧㆫ˫,95
叛,ㄅㄨㄢ˫,100
叡,ㄌㄨㆤ˫,100
叡,ㆡㄨㆤ˫,95
叢,ㄗㄤˊ,100
叢,ㄗㆲˊ,95
口,ㄎㄠˋ,100
口,ㄍㄠˋ,95
口,ㄎㄧㄜˋ,90
古,ㄍㆦˋ,100
句,ㄍㄨ˪,100
另,ㄌㄧㄥ˫,100
叨,ㄌㄜ,100
叨,ㄊㄜ,95
叨,ㄌㄨ,90
叩,ㄎㄠ˪,100
叩,ㄎㄧㄜ˪,95
只,ㄐㄧˋ,100
叫,ㄍㄧㄜ˪,100
召,ㄉㄧㄠ˪,100
叭,ㄅㄚㆷ,100
叮,ㄉㄧㄥ˪,100
叮,ㄉㄧㄥ,95
可,ㄎㄜˋ,100
可,ㄎㄨㄚˋ,95
可,ㄎㆦˋ,90
可,ㄎㆦ,85
可,ㄎㆧˋ,80
台,ㄉㄞˊ,100
叱,ㄑㄧㆵ,100
叱,ㄑㄧㆷ8,95
史,ㄙㄨˋ,100
史,ㄙㄞˋ,95
右,ㄧㄨ˫,100
司,ㄒㄧ,100
司,ㄙㄞ,95
司,ㄙㄨ,90
各,ㄍㆦㆻ,100
各,ㄍㄜㆷ,95
合,ㄏㄚㆴ8,100
合,ㄏㄚㆷ8,95
合,ㄍㄚㆴ,90
合,ㄍㄚㆷ,85
吉,ㄍㄧㄚㆵ,100
吉,ㆢㄧ˪,95
吊,ㄉㄧㄠ˪,100
吋,ㄘㄨㄣ˪,100
同,ㄉㆲˊ,100
同,ㄉㄤˊ,95
名,ㄇㄧㄚˊ,100
名,ㆠㄧㄥˊ,95
后,ㄏㄧㄜ˫,100
后,ㄠ˫,95
后,ㄏㆦ˫,90
吏,ㄌㄧ˫,100
吐,ㄊㆦˋ,100
吐,ㄊㆦ˪,95
向,ㄏㄧㆲ˪,100
向,ㆭ˪,95
向,ㄏㄧㆩ˪,90
向,ㄏㄧㄤ˪,85
向,ㆩ˪,80
吒,ㄑㄧㄚ,100
君,ㄍㄨㄣ,100
吝,ㄌㄧㄣ˫,100
吞,ㄊㄨㄣ,100
吟,ㆣㄧㆬˊ,100
吠,ㄅㄨㄧ˫,100
吠,ㄏㄨㄧ˫,95
否,ㄏㆧˋ,100
否,ㄆㄧˋ,95
否,ㄏㆦˋ,90
吧,ㄅㄚ,100
吩,ㄏㄨㄢ,100
吩,ㄏㄨㄣ,95
吪,ㄜ,100
吪,ㄜˊ,95
含,ㄍㆰˊ,100
含,ㄏㆰˊ,95
含,ㄍㆩˊ,90
吭,ㄎㆲ˫,100
吭,ㄎㆭㆷ,95
吮,ㄘㆭˋ,100
吮,ㄗㄨㆪ˫,95
吮,ㄗㆭ˫,90
吱,ㄍㄧ,100
吳,ㄫㆦˊ,100
吳,ㆣㆦˊ,95
吵,ㄘㄚˋ,100
吵,ㄘㄠˋ,95
吶,ㄋㄚ˫,100
吸,ㄎㄧㆴ,100
吸,ㄎㄧㆴ8,95
吸,ㄏㄧㄚㆴ,90
吹,ㄘㄨㆤ,100
吹,ㄘㆤ,95
吹,ㄘㄨㄧ,90
吻,ㆠㄨㄣˋ,100
吼,ㄏㄠˋ,100
吼,ㄏㆯㆷ8,95
吾,ㄫㆦˊ,100
呂,ㄌㄨ˫,100
呂,ㄌㄧ˫,95
呃,ㆤㆷ,100
呃,ㆤ˪,95
呆,ㄉㄞ,100
呈,ㄊㄧㄥˊ,100
呈,ㄉㄧㄥˊ,95
告,ㄍㄜ˪,100
呔,ㄊㄞ˪,100
呔,ㄊㄚㆷ,95
呢,ㄋㆤ,100
呢,ㄋㄧˊ,95
呢,˙ㄋㆤㆷ,90
呢,˙ㄋㄧㆷ,85
呢,ㄋㄧˋ,80
呢,ㄋㄧ,75
呢,ㄋㆤㆷ,70
呢,ㄋㄧㆷ,65
呧,ㄉㄧ,100
周,ㄐㄧㄨ,100
呱,ㄍㄨㄚ˫,100
呱,ㄍㄨㄚㆻ8,95
呱,ㄍㄨㄚㆵ8,90
呱,ㄍㆦㆴ,85
呲,ㄘㄨ˫,100
味,ㆠㄧ˫,100
呴,ㄍㄨ,100
呵,ㄜ,100
呵,ㄏㄚ,95
呸,ㄆㄨㄧ˪,100
呺,ㄏㄠ,100
呻,ㄘㄢ,100
呻,ㄒㄧㄣ,95
呼,ㄏㆦ,100
呼,ㄎㆦ,95
呼,ㄏㆧ,90
命,ㄇㄧㄚ˫,100
命,ㆠㄧㄥ˫,95
呾,ㄉㆩ˪,100
呿,ㄎㄨㆷ,100
咁,ㄍㆰ˫,100
咂,ㄗㄚㆴ8,100
咇,ㄆㄧㆷ8,100
和,ㄏㄜˊ,100
和,ㄏㄨㆤˊ,95
和,ㄏㆰ˫,90
和,ㄏㄜ˫,85
和,ㄏㆤˊ,80
和,ㄏㆰˊ,75
咍,ㄏㄞ,100
咎,ㄍㄧㄨ˫,100
咐,ㄏㄨ˪,100
咑,ㄉㄚ˫,100
咑,ㄉㄚㆷ,95
咒,ㄐㄧㄨ˪,100
咕,ㄍㄨ˫,100
咕,ㄍㆦ,95
咕,ㄍㄨˋ,90
咖,ㄍㄚ,100
咧,ㄉㆤㆷ,100
咧,ㄌㆤㆷ,95
咧,˙ㄌㆤㆷ,90
咧,ㄉㄧㆷ,85
咧,ㄌㄧㆷ,80
咧,ㄌㆤˊ,75
咩,ㄇㆤㆷ,100
咪,ㆠㄧˊ,100
咪,ㄇㄧ,95
咪,ㆠㄧ,90
咪,ㄇㄧˊ,85
咪,ㆠㄧ9,80
咫,ㄐㄧˋ,100
咬,ㄍㄚ˫,100
咬,ㄫㄠˋ,95
咯,ㄍㆦㆻ8,100
咯,ㄎㄚㆻ8,95
咯,ㄌㆦㆻ8,90
咯,ㄍㆦㆻ,85
咱,ㄌㄢˋ,100
咱,ㄗㄚ,95
咳,ㄍㄚ,100
咳,ㄎㄚ,95
咸,ㄏㆰˊ,100
咻,ㄏㄧㄨ,100
咽,ㄧㄢ,100
咾,ㄌㄜˋ,100
哀,ㄞ,100
品,ㄆㄧㄣˋ,100
哆,ㄉㄜ,100
哈,ㄏㄚ,100
哈,ㄏㄚㆷ,95
哈,ㄏㄚˋ,90
哈,ㄏㄚ˫,85
哈,ㄏㄚㆷ8,80
哉,ㄗㄞ˪,100
哉,ㄗㄞ,95
哎,ㄞ,100
哎,ㄞㆷ,95
哎,˙ㄞㆷ,90
哖,ㄋㄧˊ,100
員,ㄨㄢˊ,100
員,ㆪˊ,95
員,ㆣㄨㄢˊ,90
哥,ㄍㄜ,100
哥,ㄍㄜㆷ,95
哥,˙ㄍㄜ,90
哥,˙ㄍㄜㆷ,85
哦,ㆧ˫,100
哦,ㆧˋ,95
哨,ㄒㄧㄠ˪,100
哨,ㄙㄠ˪,95
哩,ㄌㄧ,100
哩,ㄌㄧˋ,95
哩,ㄇㄞ,90
哩,˙ㄌㄧㆷ,85
哩,ㄌㄧㆷ,80
哪,ㄋㄚˋ,100
哪,ㄋㄚ˪,95
哪,ㄌㄜˊ,90
哭,ㄎㄠ˪,100
哮,ㄏㄠ˪,100
哱,ㄆㄨ˫,100
哲,ㄉㄧㄚㆵ,100
哲,ㄊㄧㄚㆵ,95
哹,ㄅㄨ,100
哺,ㄅㆦ˫,100
哺,ㄍㄜ,95
哺,ㄍㆦ,90
哼,ㄏㆮ,100
哼,ㄏㆭㆷ,95
哼,˙ㄏㆭㆷ,90
哼,ㄏㆬㆷ,85
哽,ㄍㆥˋ,100
哽,ㄍㆪˋ,95
哽,ㄍㆤˊ,90
唅,ㄏㆩㆷ,100
唅,˙ㄏㆩㆷ,95
唆,ㄙㄜ˫,100
唆,ㄙㄜ,95
唇,ㄉㄨㄣˊ,100
唇,ㄙㄨㄣˊ,95
唉,ㄏㄞㆷ,100
唌,ㄒㄧㆩˊ,100
唏,ㄏㄧ˪,100
唐,ㄉㆭˊ,100
唐,ㄉㆲˊ,95
唔,ㆧ,100
唚,ㄐㄧㆬ,100
唧,ㄐㄧㆻ,100
唬,ㄏㆦˋ,100
唭,ㄍㄧ˪,100
唭,ㄍㄧ,95
售,ㄒㄧㄨ˫,100
唯,ㆠㄧˊ,100
唯,ㄨㄧˊ,95
唯,ㆠㄧ˫,90
唱,ㄑㄧㆫ˪,100
唱,ㄑㄧㄤ˪,95
唱,ㄑㄧㆲ˪,90
唱,ㄑㄧㆧ˪,85
唷,ㄧㄜㆷ,100
唷,˙ㄧㄜㆷ,95
唸,ㄌㄧㆰ˫,100
唾,ㄊㄜ˪,100
唿,ㄏㄨㆵ,100
啄,ㄉㆦㆻ,100
啄,ㄉㆤㆷ,95
商,ㄒㄧㆲ,100
商,ㆪˊ,95
啉,ㄌㄧㆬ,100
啊,ㄚㆷ,100
啊,˙ㄚㆷ,95
啊,ㄚ,90
問,ㄇㆭ˫,100
問,ㆠㄨㄣ˫,95
問,ㄇㄨㄧ˫,90
啖,ㄉㆰ˫,100
啖,ㄉㆰ,95
啞,ㆤˋ,100
啞,ㄚˋ,95
啞,ㆥˋ,90
啟,ㄎㆤˋ,100
啡,ㄅㄧ,100
啤,ㄅㄧˊ,100
啥,ㄒㄧㆩˋ,100
啥,ㄙㆩˋ,95
啥,ㄒㄧㆩㆷ,90
啥,ㄙㆩㆷ,85
啦,˙ㄌㄚㆷ,100
啦,ㄌㄚㆷ,95
啼,ㄊㄧˊ,100
啼,ㄊㆤˊ,95
啾,ㄑㄧㆫ˪,100
喀,ㄎㆥㆷ8,100
喀,ㄎㆥㆷ,95
喁,ㆣㄨ˫,100
喂,ㄨㆤˊ,100
喂,˙ㄨㆤㆷ,95
喂,˙ㆤㆷ,90
喂,ㄨㆤㆷ,85
喂,ㆤㆷ,80
喃,ㄋㄠㆷ,100
善,ㄒㄧㄢ˫,100
喆,ㄐㄧㄚㆵ,100
喇,ㄌㄚˋ,100
喈,ㄍㆮ,100
喉,ㄠˊ,100
喊,ㄏㄧㆰ˪,100
喊,ㄏㄢˋ,95
喋,ㄊㄧㆷ8,100
喋,ㄙㄚㆷ,95
喌,ㄐㄧㄨㆷ,100
喌,ㄗㄨˊ,95
喌,ㄗㄨ9,90
喌,ㄗㄨ,85
喎,ㄨㄚ,100
喑,ㆪ˪,100
喓,ㄧㆯ,100
喔,ㆦㆷ,100
喔,ㄜㆷ,95
喔,˙ㆦㆷ,90
喔,ㆦㆴ,85
喘,ㄘㄨㄢˋ,100
喙,ㄘㄨㄧ˪,100
喚,ㄏㄨㄢ˪,100
喜,ㄏㄧˋ,100
喝,ㄏㄨㄚㆷ,100
喝,ㄏㄚㆵ,95
喝,ㄏㄚˋ,90
喢,ㄙㆩㆷ,100
喧,ㄙㄨㄢ,100
喨,ㄌㄧㄤ,100
喪,ㄙㆲ,100
喪,ㄙㆲ˪,95
喪,ㄙㆭ,90
喬,ㄍㄧㄠˊ,100
單,ㄉㄨㆩ,100
單,ㄉㄢ,95
喲,ㄧㄜ˫,100
喳,ㄘㄚ˫,100
喵,ㄇㄧㄠ,100
喵,ㄋㄧㄠ,95
喵,ㄫㄧㄠ,90
喻,ㆡㄨ˫,100
喻,ㄌㄨ˫,95
嗄,ㄙㄚ˪,100
嗄,ㄙㄚㆷ,95
嗆,ㄑㄧㆲ,100
嗇,ㄒㄧㆻ,100
嗇,ㄒㄧㄚㆷ,95
嗑,ㄎㄚㆴ,100
嗔,ㄐㄧㄣ,100
嗕,ㄫㄠㆷ,100
嗕,ㄋㄠㆷ,95
嗙,ㄅㆲ˪,100
嗙,ㄆㆭㆷ,95
嗚,ㆦ,100
嗚,ㆧ,95
嗝,ㄍㆤㆷ,100
嗣,ㄙㄨ˫,100
嗣,ㄙㄨˊ,95
嗤,ㄑㄧ,100
嗤,ㄑㄧㆷ8,95
嗦,ㄙㄜ,100
嗨,ㄏㄞㆷ8,100
嗨,ㄏㄞˋ,95
嗲,ㄉㆤㆷ,100
嗲,ㄉㆤ,95
嗷,ㄜˊ,100
嗷,ㄜㆷ,95
嗷,ㄨㆷ,90
嗷,ㄠˊ,85
嗹,ㄌㄧㄢˊ,100
嗹,ㄌㄧㄢ,95
嗺,ㄙㄨㄧ,100
嗽,ㄙㄠ˪,100
嗾,ㄗㄚㆻ8,100
嘆,ㄊㄢ˪,100
嘈,ㄘㄠㆷ8,100
嘈,ㄗㄜ˫,95
嘉,ㄍㄚ,100
嘉,ㄍㄚ˫,95
嘎,ㄎㄧㄚㆻ8,100
嘐,ㄏㄠ,100
嘓,ㆣㆦㆻ8,100
嘓,ㄍㆦㆻ8,95
嘓,ㄎㆦㆻ8,90
嘓,ㄍㆦㆻ,85
嘓,ㄎㆦㆻ,80
嘔,ㄠˋ,100
嘔,ㆦˋ,95
嘖,ㄘㆤㆷ,100
嘖,˙ㄘㆤㆷ,95
嘗,ㄒㄧㆲˊ,100
嘛,ㄇㄚ˫,100
嘛,ㄇㄚ˪,95
嘛,˙ㄇㄚㆷ,90
嘛,ㄇㄚㆷ,85
嘟,ㄉㄨ˫,100
嘩,ㄏㄨㄚ˫,100
嘩,ㄏㄨㄚ,95
嘮,ㄌㄜ,100
嘯,ㄒㄧㄠ˪,100
嘰,ㄍㄧ,100
嘵,ㄏㄧㄠ,100
嘹,ㄌㄧㄠˊ,100
嘻,ㄏㄧ,100
嘿,ㄏㆤㆷ,100
嘿,˙ㄏㆤㆷ,95
嘿,ㄏㆥ˫,90
嘿,ㄏㆥㆷ,85
嘿,ㄏㄧㄠ˪,80
嘿,ㄏㆥ˪,75
噁,ㆧ˪,100
噍,ㄉㄚ,100
噎,ㄨㆷ,100
噎,ㄚㆴ,95
噓,ㄒㄧ,100
噓,ㄙㄨㆵ8,95
噓,ㄙㄨ˫,90
噓,ㄙㄨ,85
噗,ㄆㆦㆻ8,100
噗,ㄆㆦㆻ,95
噗,ㄅㆦㆻ,90
噢,ㄠㆷ8,100
噢,ㄠㆷ,95
噤,ㄎㄧㆫ˫,100
噤,ㄎㄧㆧ˫,95
噤,ㄍㄧㆬ˪,90
器,ㄎㄧ˪,100
器,ㄏㄧ˪,95
噪,ㄘㄜ˪,100
噪,ㄙㄜㆷ,95
噪,ㄙㄜ˪,90
噬,ㄙㆤ˫,100
噭,ㄍㄧㄠ˪,100
噯,ㄞ˪,100
噯,ㄞㆷ,95
噴,ㄆㄨㄣ˪,100
噶,ㄍㄚㆵ,100
噷,ㄏㆬㆷ8,100
噸,ㄉㆲ˪,100
噸,ㄉㄨㄣ˪,95
噹,ㄉㄤ,100
噼,ㄅㄧㄚㆷ,100
嚀,ㄌㄧㄥˊ,100
嚆,ㄜˊ,100
嚇,ㄏㄧㆩㆷ,100
嚇,ㄏㆤㆷ,95
嚇,ㄏㆩˋ,90
嚇,ㄏㄧㆻ,85
嚇,ㄏㆥㆷ,80
嚇,ㄏㆤ˫,75
嚎,ㄏㄜˊ,100
嚓,ㄑㄧㄚㆻ8,100
嚙,ㆣㆤ˪,100
嚨,ㄋㄚˊ,100
嚨,ㄌㆲˊ,95
嚨,ㄌㄧㆲˊ,90
嚮,ㄏㄧㆲ˪,100
嚴,ㆣㄧㆰˊ,100
嚵,ㄘㆩ˪,100
嚶,ㆪ,100
嚶,ㆪ˪,95
嚷,ㆢㄧㄤˋ,100
嚷,ㄌㄧㆲˋ,95
嚷,ㆢㄧㆲˋ,90
嚷,ㆣㄧㆲˋ,85
嚷,ㆣㄧㄤˋ,80
嚾,ㄨㄤ,100
囂,ㄏㄧㄠ,100
囂,ㄏㄧㄚ,95
囉,ㄌㄜ,100
囉,ㄌㄜˊ,95
囉,ㄌㄜ˫,90
囉,˙ㄌㆦㆷ,85
囉,ㄌㆦㆷ,80
囉,ㄌㄜㆷ,75
囉,ㆦㆷ,70
囊,ㄌㆲˊ,100
囊,ㄌㆲ,95
囊,ㄌㆱˊ,90
囑,ㄐㄧㆦㆻ,100
囚,ㄒㄧㄨˊ,100
囚,ㄒㄧㆫˊ,95
四,ㄒㄧ˪,100
四,ㄙㄨ˪,95
囝,ㄍㄧㆩˋ,100
囝,ㄍㆩˋ,95
回,ㄏㄨㆤˊ,100
回,ㄏㆤˊ,95
囟,ㄒㄧㄣ˪,100
因,ㄧㄣ,100
囡,ㆣㄧㄣˋ,100
囤,ㄉㄨㄣˋ,100
囥,ㄎㆭ˪,100
囫,ㄏㄨㆵ,100
囮,ㆠㄨㆤˊ,100
困,ㄎㄨㄣ˪,100
囷,ㄎㄨㄣˊ,100
固,ㄍㆦ˪,100
圃,ㄆㆦˋ,100
圇,ㄌㄨㄣˊ,100
圇,ㄌㄨㄣ,95
圇,ㆭˊ,90
圇,ㄋㆭˊ,85
圇,ㄋㄨㄧˊ,80
圈,ㄎㄧㄢ,100
圈,ㄎㄨㄢ,95
圈,ㄎㄨㄢˊ,90
國,ㄍㆦㆻ,100
圍,ㄨㄧˊ,100
圍,ㄨˊ,95
圍,ㄧㄨˊ,90
園,ㄏㆭˊ,100
園,ㄨㄢˊ,95
園,ㄏㄨㆪˊ,90
圓,ㆪˊ,100
圓,ㄨㄢˊ,95
圖,ㄉㆦˊ,100
團,ㄊㄨㄢˊ,100
圜,ㄏㄨㄢˊ,100
土,ㄊㆦˋ,100
土,ㄊㆦˊ,95
在,ㄗㄞ˫,100
圭,ㄍㄨㄧ,100
地,ㄉㆤ˫,100
地,ㄉㄨㆤ˫,95
地,ㄉㆤ˪,90
地,ㄉㄧ˫,85
地,ㄌㄧ˫,80
圳,ㄗㄨㄣ˪,100
圾,ㄙㄚㆴ,100
址,ㄐㄧˋ,100
坂,ㄅㄢˋ,100
均,ㄍㄧㄣ,100
均,ㄍㄨㄣ,95
坉,ㄊㄨㄣ˫,100
坊,ㄏㆲ,100
坊,ㄏㆭ,95
坌,ㄏㄨㄣ,100
坎,ㄎㆰˋ,100
坎,ㆣㆰˋ,95
坎,ㄎㆰ,90
坐,ㄗㆤ˫,100
坐,ㄘㆤ˫,95
坐,ㄗㄜ˫,90
坑,ㄎㆥ,100
坑,ㄎㆪ,95
坑,ㄎㄧㄥ,90
坑,ㄎㆤ,85
坡,ㄆㄜ,100
坤,ㄎㄨㄣ,100
坦,ㄊㄢˋ,100
坦,ㄊㆩˋ,95
坩,ㄎㆩ,100
坪,ㄅㆥˊ,100
坪,ㄅㆪˊ,95
坪,ㄆㄧㆩˊ,90
坪,ㄆㄧㄥˊ,85
坪,ㄅㄧㄥˊ,80
坪,ㄆㆪˊ,75
坪,ㄆㆥˊ,70
坯,ㄆㄨㆤ,100
坯,ㄆㆤ,95
坱,ㄧㄥ,100
坵,ㄎㄨ,100
坵,ㄎㄧㄨ,95
坷,ㄎㄧㄚㆵ8,100
垂,ㄙㄨㄧˊ,100
垂,ㄙㄨㆤˊ,95
垂,ㄙㆤˊ,90
垃,ㄌㄚㆷ,100
垃,ㄌㄚˊ,95
垃,ㄌㄚㆴ,90
型,ㄏㄧㄥˊ,100
垢,ㄍㄠˋ,100
垣,ㄨㄢˊ,100
垺,ㄅㄨˊ,100
垺,ㄆㄨˊ,95
埃,ㄧㄚ,100
埃,ㄞ,95
埆,ㄍㄚㆻ,100
埆,ㄍㄚㆵ,95
埋,ㄉㄞˊ,100
埋,ㆠㄞˊ,95
城,ㄒㄧㆩˊ,100
城,ㄒㄧㄥˊ,95
埒,ㄌㄨㄚㆷ8,100
埔,ㄅㆦ,100
埕,ㄉㄧㆩˊ,100
域,ㄏㄧㆻ8,100
域,ㄧㆻ8,95
埠,ㄅㆦ,100
埠,ㄅㆦ˫,95
埤,ㄅㄧ,100
執,ㄐㄧㆴ,100
培,ㄅㄨㆤˊ,100
培,ㄅㄨㆤ˫,95
基,ㄍㄧ,100
基,ㄍㆤ,95
埽,ㄙㄜ˪,100
堀,ㄎㄨㆵ,100
堂,ㄉㆭˊ,100
堂,ㄉㆲˊ,95
堅,ㄍㄧㄢ,100
堆,ㄉㄨㄧ,100
堊,ㆦㆻ,100
堡,ㄅㄜˋ,100
堤,ㄊㆤˊ,100
堪,ㄎㆰ,100
堯,ㆣㄧㄠˊ,100
報,ㄅㄜ˪,100
場,ㄉㄧㆫˊ,100
場,ㄑㄧㄤˊ,95
場,ㄚˋ,90
場,ㄉㄧㆧˊ,85
堵,ㄉㆦˋ,100
塊,ㄉㆤ˪,100
塊,ㄎㄨㄞ˪,95
塌,ㄊㄚㆴ,100
塌,ㄌㄚㆴ,95
塌,ㄌㄚㆴ8,90
塑,ㄙㆦㆻ,100
塔,ㄊㄚㆷ,100
塔,ㄘㄚㆷ,95
塗,ㄊㆦˊ,100
塗,ㄉㆦˊ,95
塗,ㄊㄜˊ,90
塘,ㄉㆭˊ,100
塘,ㄉㆲˊ,95
塚,ㄊㄧㆲˋ,100
塞,ㄙㄚㆵ,100
塞,ㄙㄞ˪,95
填,ㄊㄧㆰ˫,100
塭,ㄨㄣ˪,100
塵,ㄉㄧㄣˊ,100
塹,ㄗㆰ˫,100
塹,ㄘㆰ˪,95
塾,ㄒㄧㆦㆻ8,100
境,ㄍㄧㄥˋ,100
墈,ㄎㆰ˪,100
墊,ㄉㄧㆰ˫,100
墓,ㆠㆲ˫,100
墓,ㆠㆦ˫,95
墓,ㆠㄤ˫,90
墘,ㄍㆪˊ,100
墜,ㄉㄨㄧ˫,100
增,ㄐㄧㄥ,100
墟,ㄏㄧ,100
墨,ㆠㄚㆻ8,100
墨,ㆠㄧㆻ8,95
墩,ㄉㄨㄣ,100
墮,ㄉㄨㄧ˫,100
墳,ㄆㄨㄣˊ,100
墳,ㄏㄨㄣˊ,95
墼,ㄍㄚㆵ,100
墼,ㄍㄚㆻ,95
墾,ㄎㄨㄣˋ,100
壁,ㄅㄧㄚㆷ,100
壁,ㄅㄧㆻ,95
壁,ㄆㄧㆻ,90
壅,ㄧㄥ˪,100
壇,ㄉㄨㆩˊ,100
壇,ㄉㄢˊ,95
壓,ㄚㆴ,100
壓,ㄚㆷ,95
壕,ㄏㄜˊ,100
壘,ㄌㄨㄧˋ,100
壙,ㄎㆲ˪,100
壚,ㄌㆦˊ,100
壞,ㄏㄨㄞ˫,100
壞,ㄏㄞ˫,95
壟,ㄌㆲˋ,100
壟,ㄌㄤˊ,95
壟,ㄌㄤ,90
壟,ㄌㄧㆲˋ,85
壢,ㄌㄧㆻ8,100
壤,ㆢㄧㆲˋ,100
壩,ㄅㄚ˪,100
壩,ㄅㆤ˪,95
士,ㄙㄨ˫,100
壬,ㆢㄧㆬˊ,100
壬,ㄌㄧㆬˊ,95
壬,ㄌㄧㆬ˫,90
壬,ㆢㄧㆬ˫,85
壯,ㄗㆲ˪,100
壹,ㄧㆵ,100
壺,ㆦˊ,100
壺,ㄏㆦˊ,95
壽,ㄒㄧㄨ˫,100
夏,ㄏㄚ˫,100
夏,ㄏㆤ˫,95
夕,ㄒㄧㄚㆷ8,100
夕,ㄒㄧㆻ8,95
外,ㆣㄨㄚ˫,100
外,ㆣㄨㆤ˫,95
多,ㄉㄜ,100
多,ㄍㄚㆻ,95
夜,ㄧㄚ˫,100
夠,ㄍㄠ˪,100
夢,ㆠㄤ˫,100
夢,ㆠㆲ˫,95
夥,ㄏㄨㆤˋ,100
夥,ㄏㆤˋ,95
大,ㄉㄨㄚ˫,100
大,ㄉㄞ˫,95
大,ㄉㄚ,90
大,ㄊㄞˋ,85
大,ㄉㄚˋ,80
天,ㄊㆪ,100
天,ㄊㄧㄢ,95
太,ㄊㄞ˪,100
太,ㄊㄚ˫,95
太,ㄉㄞ˫,90
太,ㄊㄞ˫,85
夫,ㄏㄨ,100
夭,ㄧㄠˋ,100
央,ㄧㄤ,100
央,ㆭ,95
央,ㄧㆲ,90
央,ㄧㄥ,85
夯,ㆣㄧㄚˊ,100
夯,ㄍㄧㄚˊ,95
夯,ㆣㄧㄚㆷ8,90
失,ㄒㄧㆵ,100
夷,ㄧˊ,100
夸,ㄎㄨㄚ,100
夾,ㄫㆤㆷ,100
夾,ㄫㄨㆤㆷ,95
夾,ㆣㄨㆤㆷ8,90
夾,ㆣㄨㆤㆷ,85
奅,ㄆㆩ˫,100
奇,ㄍㄧˊ,100
奇,ㄎㄧㄚ,95
奇,ㄎㄚ,90
奇,ㄎㄧㆩ,85
奈,ㄋㄞ˫,100
奈,ㄉㄚ,95
奉,ㄏㆲ˫,100
奏,ㄗㄠ˪,100
契,ㄎㆤ˪,100
契,ㄎㄨㆤ˪,95
奒,ㄏㄞ,100
奔,ㄆㄨㄣ,100
奔,ㄅㄨㄣ,95
奕,ㄧ˫,100
套,ㄊㄜ˪,100
奚,ㄏㆤˊ,100
奠,ㄉㄧㄢ˫,100
奢,ㄑㄧㄚ,100
奧,ㄜ˪,100
奪,ㄉㄨㄚㆵ8,100
奮,ㄏㄨㄣ˪,100
奮,ㄅㄨㄣ˪,95
女,ㄌㄨˋ,100
女,ㄌㄧˋ,95
奴,ㄌㆦˊ,100
奶,ㄌㄧㄥ,100
奶,ㄋㄧ,95
奶,ㄋㄞ,90
奶,ㄋㆤ,85
奶,ㄌㄧㄣ,80
奶,ㄋㄞˋ,75
奸,ㄍㄢ,100
好,ㄏㄜˋ,100
好,ㄏㆧ˪,95
如,ㆡㄨˊ,100
如,ㄌㄨˊ,95
如,ㆢㄧˊ,90
如,ㄌㄧˊ,85
妃,ㄏㄨㄧ,100
妄,ㆠㆲ˫,100
妍,ㆣㄧㄢˋ,100
妍,ㆣㄧㄢˊ,95
妒,ㄉㆦ˪,100
妓,ㄍㄧ,100
妖,ㄧㄠ,100
妗,ㄍㄧㆬ˫,100
妙,ㄇㄧㄠ˫,100
妙,ㆠㄧㄠ˫,95
妝,ㄗㆭ,100
妝,ㄗㆲ,95
妣,ㄅㄧˋ,100
妥,ㄊㄜ˪,100
妨,ㄏㆲˊ,100
妮,ㄋㄧˊ,100
妯,ㄉㄧㆻ8,100
妲,ㄊㄢˋ,100
妹,ㄇㄨㆤ˫,100
妹,ㆠㆤ˫,95
妹,ㄇㄨㄞ˫,90
妹,ㄇㄞ˫,85
妻,ㄘㆤ,100
妻,ㄑㄧㆤ,95
妾,ㄑㄧㄚㆴ,100
姆,ㆬˋ,100
姊,ㄐㄧˋ,100
姊,ㄗㆤˋ,95
姊,ㄐㄧㆤˋ,90
始,ㄒㄧˋ,100
始,ㄙㄨˋ,95
姐,ㄐㄧㄚˋ,100
姐,ㄗㆤˊ,95
姐,ㄐㄧㄠˋ,90
姑,ㄍㆦ,100
姒,ㄙㄞ˫,100
姓,ㄙㆥ˪,100
姓,ㄒㄧㄥ˪,95
姓,ㄒㆪ˪,90
委,ㄨㄧˋ,100
姚,ㄧㄠˊ,100
姚,ㄧㄜˊ,95
姜,ㄍㄧㆫ,100
姜,ㄎㄧㆲ,95
姜,ㄍㄧㆲ,90
姜,ㄎㄧㆫ,85
姜,ㄎㄧㆧ,80
姦,ㄍㄢ˪,100
姦,ㄍㄢ,95
姨,ㄧˊ,100
姨,ㆪˊ,95
姪,ㄉㄧㆵ8,100
姪,ㄐㄧㆵ,95
姬,ㄍㄧ,100
姻,ㄧㄣ,100
姻,ㄧㆬ,95
姼,ㄑㄧㆵ,100
姿,ㄗㄨ,100
威,ㄨㄧ,100
娃,ㄨㄚ,100
娉,ㄆㄧㄥ,100
娌,ㄌㄧˋ,100
娑,ㄙㄜ,100
娗,ㄊㆩ˫,100
娘,ㄋㄧㄨˊ,100
娘,ㄋㄧㄚˊ,95
娘,ㄌㄧㆲˊ,90
娘,ㄋㄧㆦˊ,85
娘,ㄋㄧㄜˊ,80
娛,ㄫㆦˊ,100
娛,ㆣㆦˊ,95
娛,ㆣㄨˊ,90
娜,ㄋㄚˋ,100
娟,ㄍㄨㄢ,100
娥,ㄫㆦˊ,100
娩,ㆠㄧㄢˋ,100
娵,ㄗㆦ,100
娶,ㄘㄨㄚ˫,100
娼,ㄘㄤ,100
娼,ㄑㄧㆲ,95
婁,ㄌㆦˊ,100
婆,ㄅㄜˊ,100
婉,ㄨㄢˋ,100
婊,ㄅㄧㄠˋ,100
婚,ㄏㄨㄣ,100
婢,ㄅㄧ˫,100
婦,ㄏㄨ˫,100
婦,ㄅㄨ˫,95
婷,ㄉㄧㄥˊ,100
婸,ㆣㄧㄤ,100
婿,ㄙㄞ˪,100
婿,ㄙㆤ˪,95
媌,ㆠㄚˊ,100
媒,ㄇㄨㆤˊ,100
媒,ㄏㆬˊ,95
媒,ㄇㄨㄧˊ,90
媒,ㄇㄨㄞˊ,85
媒,ㄏㄨㄣˊ,80
媚,ㆠㄧ˫,100
媠,ㄙㄨㄧˋ,100
媧,ㄜ,100
媳,ㄒㄧㆻ,100
媽,ㄇㄚˋ,100
媽,ㄇㄚㆷ,95
媽,ㄇㄚ,90
嫁,ㄍㆤ˪,100
嫁,ㄍㄚ˪,95
嫂,ㄙㄜˋ,100
嫌,ㄏㄧㆰˊ,100
嫖,ㄆㄧㄠˊ,100
嫡,ㄉㄧㆻ,100
嫣,ㄧㄢ,100
嫦,ㄒㄧㆲˊ,100
嫩,ㄌㄨㄣ˫,100
嬈,ㄏㄧㄠˊ,100
嬉,ㄏㄧ,100
嬌,ㄍㄧㄠ,100
嬭,ㄌㆤˋ,100
嬰,ㆥ,100
嬰,ㆪ,95
嬰,ㄧㄥ,90
嬰,ㆪ˪,85
嬰,ㄋㆤ,80
嬰,ㄋㄧ,75
嬰,ㄇㄧ,70
嬸,ㄐㄧㆬˋ,100
嬸,ㄒㄧㆬˋ,95
孀,ㄙㆲ,100
子,ㄐㄧˋ,100
子,ㄗㄨˋ,95
子,ㆢㄧˋ,90
子,ㄌㄧˋ,85
子,ㄚˋ,80
孔,ㄎㆲˋ,100
孔,ㄎㄤˋ,95
孕,ㄧㄣ˫,100
字,ㆢㄧ˫,100
字,ㄌㄧ˫,95
字,ㆣㄧ˫,90
字,ㆡㄨ˫,85
存,ㄗㄨㄣˊ,100
存,ㄘㄨㄣˊ,95
存,ㄘㄨㄣ˫,90
孜,ㄗㄨ,100
孝,ㄏㄠ˪,100
孝,ㄏㄚ˪,95
孟,ㆠㄧㄥ˫,100
季,ㄍㄨㄧ˪,100
孤,ㄍㆦ,100
孩,ㄏㄞˊ,100
孫,ㄙㄨㄣ,100
孫,ㄙㆭ,95
孵,ㄅㄨ˫,100
孵,ㄏㄨ,95
學,ㄏㄚㆻ8,100
學,ㄜㆷ8,95
孽,ㆣㄧㄚㆵ8,100
宅,ㄊㆤㆷ8,100
宅,ㄊㄧㆻ8,95
宇,ㄨˋ,100
守,ㄒㄧㄨˋ,100
守,ㄐㄧㄨˋ,95
守,ㄐㄧㆫˋ,90
安,ㄢ,100
安,ㄨㆩ,95
安,ㄢˋ,90
宋,ㄙㆲ˪,100
宋,ㄙㄤ˪,95
宋,ㄒㄧㆲ˪,90
完,ㄨㄢˊ,100
宏,ㄏㆲˊ,100
宕,ㄊㆲ˫,100
宕,ㄉㆲ˫,95
宗,ㄗㆲ,100
官,ㄍㄨㆩ,100
官,ㄍㄨㄢ,95
宙,ㄉㄧㄨ˫,100
定,ㄉㄧㆩ˫,100
定,ㄉㄧㄥ˫,95
宛,ㄨㄢˋ,100
宜,ㆣㄧˊ,100
客,ㄎㆤㆷ,100
客,ㄎㄧㆻ,95
宣,ㄙㄨㄢ,100
室,ㄒㄧㆻ,100
室,ㄐㄧㆵ,95
宥,ㄧㄨ˫,100
宦,ㄏㄨㄢ˫,100
宮,ㄍㄧㆲ,100
宮,ㄍㄧㄥ,95
宮,ㄇㄚˋ,90
宰,ㄗㆮˋ,100
宰,ㄗㄞˋ,95
害,ㄏㄞ˫,100
宴,ㄧㄢ˪,100
宵,ㄒㄧㄠ,100
家,ㄍㆤ,100
家,ㄍㄚ,95
家,ㄍㄚ˫,90
家,ㄍㄞ,85
容,ㄧㆲˊ,100
宿,ㄒㄧㆦㆻ,100
宿,ㄒㄧㄨ˪,95
宿,ㄙㆦㆻ,90
寂,ㄐㄧㆻ8,100
寂,ㄒㄧㆦㆻ,95
寄,ㄍㄧㄚ˪,100
寄,ㄍㄧ˪,95
寄,ㄍㄧㆩ˪,90
寄,ㄍㄧㄚㆷ8,85
寄,ㄎㄧㄚㆷ8,80
寄,ㄎㄧㄚ˫,75
寄,ㄍㄧㄚㆵ,70
寅,ㄧㄣˊ,100
密,ㆠㄚㆵ8,100
密,ㆠㄧㆵ8,95
寇,ㄎㆦ˪,100
富,ㄏㄨ˪,100
富,ㄅㄨ˪,95
富,ㄏㄜˊ,90
寐,ㆠㄧ˫,100
寒,ㄍㄨㆩˊ,100
寒,ㄏㄢˊ,95
寒,ㆣㄢˊ,90
寓,ㆣㄨ˫,100
寓,ㄨˋ,95
寓,ㄨ˪,90
寞,ㆠㆦㆻ8,100
察,ㄘㄚㆵ,100
寡,ㄍㄨㄚˋ,100
寡,ㄍㄨㆩˋ,95
寢,ㄑㄧㆬˋ,100
寢,ㄎㄧㆬˋ,95
寥,ㄌㄧㄠˊ,100
實,ㄒㄧㆵ8,100
實,ㄗㄚㆵ8,95
寧,ㄌㄧㄥˊ,100
寨,ㄗㆤ˫,100
審,ㄒㄧㆬˋ,100
寫,ㄒㄧㄚˋ,100
寬,ㄎㄨㆩ,100
寬,ㄎㄨㄢ,95
寮,ㄌㄧㄠˊ,100
寵,ㄊㄧㄥˋ,100
寵,ㄊㄧㆲˋ,95
寶,ㄅㄜˋ,100
寸,ㄘㄨㄣ˪,100
寺,ㄒㄧ˫,100
封,ㄏㆲ,100
封,ㄅㄤ,95
射,ㄒㄧㄚ˫,100
將,ㄐㄧㆲ,100
將,ㄐㄧㆲ˪,95
將,ㄐㄧㄤ˪,90
專,ㄗㄨㄢ,100
尉,ㄨㆵ,100
尉,ㄨㄧ˪,95
尊,ㄗㄨㄣ,100
尋,ㄒㄧㆰˊ,100
尋,ㄒㄧㆬˊ,95
對,ㄉㄨㄧ˪,100
對,ㄨㄧ˪,95
導,ㄉㄜ˫,100
小,ㄒㄧㄜˋ,100
小,ㄒㄧㄠˋ,95
小,ㄒㄧㄠ9,90
少,ㄒㄧㄠ˪,100
少,ㄐㄧㄜˋ,95
少,ㄒㄧㄠˋ,90
尖,ㄐㄧㆰ,100
尚,ㄒㄧㆫ˫,100
尚,ㄒㄧㆲˋ,95
尚,ㄒㄧㆲ˫,90
尚,ㄒㄧㆧ˫,85
尤,ㄧㄨˊ,100
尪,ㄤ,100
就,ㄉㄜ˫,100
就,ㄐㄧㄨ˫,95
就,ㄉㄧㄜ˫,90
就,ㄉㄧㄜㆷ8,85
就,ㄉㄜㆷ8,80
就,ㄗㄨ˫,75
尹,ㄨㄣˋ,100
尺,ㄑㄧㄜㆷ,100
尺,ㄘㆤ,95
尺,ㄑㄧㆻ,90
尻,ㄎㄚ,100
尻,ㄍㄚ,95
尼,ㄋㄧˊ,100
尼,ㄌㄧˊ,95
尼,ㄌㄨㄧˊ,90
尾,ㆠㄨㆤˋ,100
尾,ㆠㆤˋ,95
尿,ㆢㄧㄜ˫,100
尿,ㄌㄧㄜ˫,95
尿,ㆣㄧㄜ˫,90
局,ㄍㄧㆦㆻ8,100
屁,ㄆㄨㄧ˪,100
屄,ㆠㄞ,100
居,ㄍㄧ,100
居,ㄍㄨ,95
屆,ㄍㄞ˪,100
屈,ㄎㄨㆵ,100
屋,ㆦㆻ,100
屍,ㄒㄧ,100
屎,ㄙㄞˋ,100
屎,ㄙㄨˋ,95
屏,ㄅㄧㄣˊ,100
屏,ㄅㄧㄥˊ,95
屏,ㄏㆤ˪,90
屐,ㄍㄧㄚㆷ8,100
屐,ㄍㄧㄚ˫,95
屐,ㄎㄧㄚㆷ8,90
屑,ㄙㄨㆵ,100
屑,ㄙㄚㆴ,95
展,ㄉㄧㄢˋ,100
展,ㄊㄧㄢˋ,95
屘,ㆠㄢ,100
屜,ㄊㄨㄚㆷ,100
屠,ㄉㆦˊ,100
屢,ㄌㄧˋ,100
層,ㄗㄢˊ,100
層,ㄗㄢ˪,95
履,ㄌㄧˋ,100
屧,ㄒㄧㄚㆴ,100
屬,ㄒㄧㆦㆻ8,100
屬,ㄐㄧㆦㆻ,95
屯,ㄉㄨㄣ˫,100
屯,ㄉㄨㄣ˪,95
屯,ㄉㄨㄣ,90
山,ㄙㄨㆩ,100
山,ㄙㄢ,95
山,ㄙㄢˋ,90
岐,ㄍㄧˊ,100
岑,ㆣㄧㆬˊ,100
岡,ㄍㆲ,100
岡,ㄍㆭ,95
岡,ㄍㆲˋ,90
岩,ㆣㄧㆰˊ,100
岩,ㆣㆰˊ,95
岫,ㄒㄧㄨ˫,100
岳,ㆣㄚㆻ8,100
岸,ㄏㄨㆩ˫,100
岸,ㆣㄢ˫,95
峇,ㆠㄚ˫,100
峇,ㆠㄚˊ,95
峨,ㄫㆦˊ,100
峰,ㄏㆲ,100
島,ㄉㄜˋ,100
島,ㄉㆦˋ,95
峻,ㄗㄨㄣ˪,100
峽,ㄍㄧㄚㆴ,100
崁,ㄎㆰ˪,100
崇,ㄗㆲˊ,100
崎,ㄍㄧㄚ˫,100
崎,ㄍㄧˊ,95
崔,ㄘㄨㄧ,100
崖,ㆣㄞˊ,100
崗,ㄍㆲ,100
崗,ㄍㄤ,95
崙,ㄌㄨㄣ˫,100
崙,ㄌㄨㄣ,95
崙,ㄌㄨㄣˋ,90
崙,ㄌㄨㄣˊ,85
崧,ㄒㄧㆲˊ,100
崩,ㄅㄤ,100
崩,ㄅㄧㄥ,95
嵌,ㄎㆰ˪,100
嵐,ㄌㆰˊ,100
嵙,ㄎㄜ,100
嵙,ㄎㆦ,95
嵯,ㄘㄨ,100
嶄,ㄗㆰˋ,100
嶠,ㄍㄧㄠ,100
嶢,ㆣㄧㄠˊ,100
嶺,ㄋㄧㄚˋ,100
嶺,ㄌㄧㄥˋ,95
嶼,ㄙㄨ˫,100
嶼,ㄒㄧ˫,95
嶽,ㆣㄚㆻ8,100
巒,ㄌㄨㄢˊ,100
巒,ㆠㄢˊ,95
巔,ㄉㄧㄢ,100
巖,ㆣㄧㆰˊ,100
川,ㄘㆭ,100
川,ㄘㄨㄢ,95
川,ㄘㄨㆪ,90
州,ㄐㄧㄨ,100
巡,ㄙㄨㄣˊ,100
巢,ㄗㄠˊ,100
工,ㄍㄤ,100
工,ㄎㄤ,95
工,ㄍㆲ,90
左,ㄗㄜˋ,100
巧,ㄎㄧㄠˋ,100
巧,ㄎㄚˋ,95
巧,ㄎㄠˋ,90
巨,ㄍㄨ˫,100
巨,ㄍㄧ˫,95
巫,ㆠㄨˊ,100
差,ㄘㄚ,100
差,ㄘㆤ,95
差,ㄘㄞ,90
差,ㄗㄨㄚㆷ8,85
己,ㄍㄧ˫,100
己,ㄍㄧˋ,95
己,ㄉㄧ˫,90
已,ㄧˋ,100
巳,ㄐㄧ˫,100
巳,ㄙㄨ˫,95
巴,ㄅㄚ,100
巷,ㄏㄤ˫,100
巽,ㄙㄨㄣ˪,100
巾,ㄍㄧㄣ,100
巾,ㄍㄨㄣ,95
市,ㄑㄧ˫,100
布,ㄅㆦ˪,100
布,ㄆㆦ˪,95
帆,ㄆㄤˊ,100
帆,ㄏㄨㄢˊ,95
希,ㄏㄧ,100
帕,ㄆㆤ˪,100
帕,ㄆㄚ˪,95
帖,ㄊㄧㄚㆴ,100
帙,ㄉㄧㄚㆵ8,100
帚,ㄑㄧㄨˋ,100
帚,ㄐㄧㄨˋ,95
帚,ㄒㄧㄨˋ,90
帛,ㄅㆤㆷ8,100
帛,ㄅㄧㆻ8,95
帛,ㄅㆤ˫,90
帝,ㄉㆤ˪,100
帥,ㄙㄨㆤ˪,100
帥,ㄙㄨㄧ˪,95
師,ㄙㄨ,100
師,ㄙㄞ,95
師,ㄒㄧ,90
席,ㄒㄧㆻ8,100
帳,ㄉㄧㆫ˪,100
帳,ㄉㄧㆲ˪,95
帳,ㄉㄧㆧ˪,90
帶,ㄉㄨㄚ˪,100
帶,ㄉㄞ˪,95
帷,ㄨㄧˊ,100
常,ㄒㄧㆲˊ,100
常,ㄑㄧㄤˊ,95
帽,ㆠㄜ˫,100
幅,ㄅㄚㆻ,100
幅,ㄏㆦㆻ,95
幌,ㄏㆮ˪,100
幌,ㄏㄧㄨ˪,95
幔,ㄇㄨㄚ,100
幕,ㆠㆦ˫,100
幡,ㄏㄨㄢ,100
幢,ㄉㆲˊ,100
幣,ㄅㆤ˪,100
幫,ㄅㄤ,100
幫,ㄅㆭ,95
幫,ㄆㆲˋ,90
干,ㄍㄢ,100
平,ㄅㄧㄥˊ,100
平,ㄅㆥˊ,95
平,ㄅㆪˊ,90
平,ㄅㄧㆩˊ,85
平,ㄗㆰ˫,80
平,ㄆㄧㄥˊ,75
年,ㄋㄧˊ,100
年,ㄌㄧㄢˊ,95
年,˙ㄋㄧˊ,90
幸,ㄏㄧㄥ˫,100
幹,ㄍㄢ˪,100
幻,ㄏㄨㄢ˪,100
幼,ㄧㄨ˪,100
幽,ㄧㄨ,100
幾,ㄍㄨㄧˋ,100
幾,ㄍㄧˋ,95
庄,ㄗㆭ,100
庇,ㄅㄧ˪,100
庇,ㄅㄧˋ,95
床,ㄘㆭˊ,100
床,ㄙㆭˊ,95
床,ㄘㆲˊ,90
序,ㄒㄧ˫,100
序,ㄙㄨ˫,95
底,ㄉㆤˋ,100
底,ㄉㄨㆤˋ,95
底,ㄉㄧ˫,90
底,ㄉㄧˋ,85
店,ㄉㄧㆰ˪,100
庚,ㄍㆥ,100
庚,ㄍㄧㄥ,95
庚,ㄍㆪ,90
府,ㄏㄨˋ,100
度,ㄉㆦ˫,100
度,ㄉㆦㆻ8,95
座,ㄗㄜ˫,100
庫,ㄎㆦ˪,100
庭,ㄉㄧㄥˊ,100
庭,ㄉㄧㆩˊ,95
庵,ㆰ,100
康,ㄎㆲ,100
康,ㄎㆭ,95
庸,ㄧㆲˊ,100
庾,ㄌㄨˋ,100
庾,ㆡㄨˋ,95
廁,ㄘㆤ˪,100
廂,ㄒㄧㆫ,100
廂,ㄒㄧㆲ,95
廈,ㄏㄚ˫,100
廉,ㄌㄧㆰˊ,100
廊,ㄌㆲˊ,100
廍,ㄆㆦ˫,100
廕,ㄧㆬ˪,100
廖,ㄌㄧㄠ˫,100
廚,ㄉㆦˊ,100
廚,ㄉㄨˊ,95
廚,ㄉㄜˊ,90
廟,ㆠㄧㄜ˫,100
廠,ㄑㄧㆫˋ,100
廠,ㄑㄧㆧˋ,95
廢,ㄏㄨㄧ˪,100
廢,ㄏㄨㆤ˪,95
廣,ㄍㆲˋ,100
廣,ㄍㆭˋ,95
廨,ㄍㄞ˪,100
廬,ㄌㆦˊ,100
廳,ㄊㄧㆩ,100
廳,ㄊㄧㄥ,95
延,ㄧㄢˊ,100
延,ㄑㄧㄢˊ,95
廷,ㄉㄧㄥˊ,100
建,ㄍㄧㄢ˪,100
廿,ㆢㄧㄚㆴ8,100
廿,ㄌㄧㄚㆴ8,95
弄,ㄌㄤ˫,100
弄,ㄌㆲ˫,95
弄,ㄌㆲ˪,90
弊,ㄅㆤ˪,100
弊,ㄅㄧㄚㆷ,95
式,ㄒㄧㆻ,100
式,ㄒㄧㆵ,95
弓,ㄍㄧㄥ,100
弓,ㄍㄧㆲ,95
弓,ㄍㄧㄣ,90
弔,ㄉㄧㄠ˪,100
引,ㄧㄣˋ,100
弘,ㄏㆲˊ,100
弟,ㄉㄧ˫,100
弟,ㄉㆤ˫,95
弦,ㄏㄧㄢˊ,100
弧,ㄏㆦˊ,100
弩,ㄌㆦˋ,100
弱,ㆢㄧㆦㆻ8,100
弱,ㄌㄧㆦㆻ8,95
張,ㄉㄧㆫ,100
張,ㄉㆭ,95
張,ㄉㄧㆲ,90
張,ㄉㄧㆧ,85
強,ㄍㄧㆲˊ,100
強,ㄍㄧㆲ˫,95
強,ㄍㄧㆲˋ,90
弼,ㄅㄧㆵ8,100
彈,ㄉㄨㆩˊ,100
彈,ㄉㄨㆩ˫,95
彈,ㄊㄢˊ,90
彈,ㄉㄢ˫,85
彈,ㄉㄢˊ,80
彌,ㄇㄧˋ,100
彌,ㆠㄧˊ,95
彌,ㄇㄧˊ,90
彌,ㄋㄧˊ,85
彌,ㄋㄧˋ,80
彎,ㄨㄢ,100
彗,ㄏㄨㄧ˫,100
彙,ㄌㄨㄧ˫,100
形,ㄏㄧㄥˊ,100
彤,ㄉㆲˊ,100
彥,ㆣㄧㄢ˫,100
彥,ㆣㄢ˫,95
彧,ㄏㄧㆦㆻ,100
彩,ㄘㄞˋ,100
彪,ㄅㄧㄨ,100
彬,ㄅㄧㄣ,100
彭,ㄆㆪˊ,100
彭,ㄆㆥˊ,95
彭,ㄆㄧㄥˊ,90
彰,ㄐㄧㆲ,100
彰,ㄐㄧㄤ,95
影,ㄧㆩˋ,100
影,ㄧㄥˋ,95
彷,ㄏㆲˋ,100
役,ㄧㆻ8,100
役,ㄧㄚㆷ8,95
彼,ㄏㄧㆵ,100
彼,ㄏㆤ,95
彼,ㄅㄧˋ,90
彿,ㄏㄨㆵ,100
往,ㆲˋ,100
往,ㄧㄥˋ,95
征,ㄐㄧㄥ,100
待,ㄊㄞ˫,100
待,ㄉㄞ˫,95
徊,ㄏㄨㆤˊ,100
律,ㄌㄨㆵ8,100
後,ㄠ˫,100
後,ㄏㄠ˫,95
後,ㄏㄧㄜ˫,90
後,ㄏㆦ˫,85
徐,ㄑㄧˊ,100
徑,ㄍㄧㄥ˪,100
徒,ㄉㆦˊ,100
得,ㄉㄧㆵ,100
得,ㄉㄧㆻ,95
得,˙ㄉㄧㆵ,90
得,ㆤㆷ,85
得,ㄐㄧㆵ,80
得,ㄌㄧㆵ,75
得,ㄉㆤ,70
徘,ㄅㄞˊ,100
徙,ㄙㄨㄚˋ,100
徛,ㄎㄧㄚ˫,100
從,ㄐㄧㆲˊ,100
從,ㄐㄧㄥˊ,95
從,ㄑㄧㆲ,90
御,ㆣㄨ˫,100
復,ㄏㆦㆻ8,100
循,ㄙㄨㄣ˫,100
循,ㄙㄨㄣˊ,95
微,ㆠㄧˊ,100
微,ㆠㄨㄧ,95
微,ㆠㄧ,90
徵,ㄉㄧㄥ,100
徵,ㄉㄧㄣ,95
德,ㄉㄧㆻ,100
徹,ㄊㄧㄚㆵ,100
徼,ㄎㄧㄜ˪,100
心,ㄒㄧㆬ,100
心,ㄒㄧㄣ,95
必,ㄅㄧㆵ,100
忌,ㄎㄧ˫,100
忌,ㄍㄧ˫,95
忌,ㄍㄧ˪,90
忍,ㆢㄧㆬˋ,100
忍,ㄌㄨㄣˋ,95
忍,ㄌㄧㆬˋ,90
忖,ㄘㄨㄣˋ,100
志,ㄐㄧ˪,100
忘,ㆠㆲ˫,100
忘,ㆠㆲˊ,95
忙,ㆠㄤˊ,100
忙,ㆠㆲˊ,95
忝,ㄊㄧㆰˋ,100
忠,ㄉㄧㆲ,100
忤,ㄫㆦˋ,100
快,ㄎㄨㄞ˪,100
快,ㄎㄨㆪ˪,95
快,ㄎㄨㆩ˪,90
念,ㄌㄧㆰ˫,100
忽,ㄏㄨㆵ,100
忿,ㄏㄨㄣˋ,100
怎,ㄗㄨㆩˋ,100
怎,ㄋㄨㄚˋ,95
怎,ㄋㄚˋ,90
怎,ㄗㆮˋ,85
怏,ㆭ˪,100
怐,ㄎㆦ˪,100
怒,ㄋㆦ˫,100
怕,ㄆㄚ˪,100
怕,ㄆㆩ˪,95
怖,ㄅㆦ˪,100
怙,ㄍㆦ˫,100
思,ㄙㄨ,100
思,ㄙㄨ˪,95
思,ㄒㄧ,90
怠,ㄉㄞ˫,100
怡,ㄧˊ,100
急,ㄍㄧㆴ,100
怦,ㄆㆥ˫,100
怦,ㄆㆪ˫,95
怦,ㄆㆩ˫,90
性,ㄒㄧㄥ˪,100
性,ㄙㆥ˪,95
性,ㄒㆪ˪,90
性,ㄒㄧㄤ˪,85
怨,ㄨㄢ˪,100
怪,ㄍㄨㄞ˪,100
怪,ㄍㄨㆤ˪,95
怫,ㄆㄨㆵ,100
怯,ㄎㄧㄚㆴ,100
恁,ㄌㄧㄣˋ,100
恂,ㄙㄨㄣˋ,100
恂,ㄙㆭˋ,95
恃,ㄒㄧ˫,100
恆,ㄏㄧㄥˊ,100
恍,ㄏㄨㆩˋ,100
恍,ㄏㆲˋ,95
恐,ㄎㄧㆲˋ,100
恕,ㄙㄨ˪,100
恢,ㄎㄨㆤ,100
恢,ㄏㄨㆤ,95
恣,ㄙㄨ˪,100
恥,ㄊㄧˋ,100
恨,ㄏㄨㄣ˫,100
恨,ㄏㄧㄣ˫,95
恩,ㄨㄣ,100
恩,ㄧㄣ,95
恬,ㄉㄧㆰ˫,100
恭,ㄍㄧㆲ,100
息,ㄒㄧㆵ,100
息,ㄒㄧㆻ,95
悄,ㄑㄧㄠˋ,100
悅,ㄧㄚㆵ8,100
悅,ㄨㄚㆵ8,95
悉,ㄒㄧㆻ,100
悔,ㄏㄨㆤˋ,100
悔,ㄏㄨㄧˋ,95
悖,ㄅㄨㆤ˫,100
悟,ㄫㆦ˫,100
悟,ㆣㆦ˫,95
悠,ㄧㄨ,100
患,ㄏㄨㄢ˫,100
悲,ㄅㄧ,100
悴,ㄗㄨㄧ˫,100
悶,ㆠㄨㄣ˫,100
悼,ㄉㄜ˫,100
悽,ㄑㄧ,100
悽,ㄑㆪ,95
悾,ㄎㆲ,100
情,ㄐㄧㄥˊ,100
情,ㄐㄧㆩˊ,95
惑,ㄏㄧㆻ8,100
惘,ㆠㆲˋ,100
惜,ㄒㄧㄜㆷ,100
惜,ㄒㄧㆻ,95
惝,ㄑㄧㄥˋ,100
惟,ㄧˊ,100
惟,ㄨㄧˊ,95
惠,ㄏㄨㄧ˫,100
惡,ㆦㆻ,100
惡,ㆧ˪,95
惰,ㄉㄨㆩ˫,100
惰,ㄉㄜ˫,95
惱,ㄌㄜˋ,100
惱,ㄌㆦˋ,95
惱,ㄋㄠˋ,90
惱,ㄋㆦˋ,85
想,ㄒㄧㆫ˫,100
想,ㄒㄧㆲˋ,95
想,ㄒㄧㆧ˫,90
惶,ㄏㄧㆩˊ,100
惶,ㄏㆲˊ,95
惹,ㆢㄧㄚˋ,100
惹,ㄌㄧㄚˋ,95
惻,ㄑㄧㆻ,100
愁,ㄑㄧㄨˊ,100
愈,ㆡㄨˋ,100
愈,ㄌㄨˋ,95
愉,ㄌㄨˊ,100
愉,ㆡㄨˊ,95
愍,ㆠㄧㄢˋ,100
意,ㄧ˪,100
愕,ㆣㆦㆻ8,100
愖,ㄒㄧㆬ˫,100
愚,ㆣㄨˊ,100
愛,ㄞ˪,100
感,ㄍㆰˋ,100
愣,ㆣㄤ˫,100
愧,ㄎㄨㄧ˪,100
愿,ㆣㄨㄢ˫,100
慄,ㄌㄚㆻ8,100
慄,ㄌㄧㆻ,95
慈,ㄗㄨˊ,100
態,ㄊㄞ˪,100
態,ㄊㄞ˫,95
慌,ㄏㆲ,100
慍,ㄨㄣ˪,100
慎,ㄒㄧㄣ˫,100
慒,ㄗㄜ,100
慕,ㆠㆦ˫,100
慘,ㄘㆰˋ,100
慟,ㄉㆲ˫,100
慢,ㆠㄢ˫,100
慣,ㄍㄨㄢ˪,100
慧,ㄏㄨㆤ˫,100
慧,ㄏㄨㄧ˫,95
慨,ㄎㄞ˪,100
慮,ㄌㄧ˫,100
慮,ㄌㄨ˫,95
慰,ㄨㄧ˪,100
慳,ㄍㄧㄢ,100
慶,ㄎㄧㄥ˪,100
慷,ㄎㆲˋ,100
慼,ㄘㆤㆷ,100
慼,ㄘㄨㆤㆷ,95
慼,ㄑㄧㆻ,90
慼,ㄘㄨㆤ˪,85
慾,ㄧㆦㆻ8,100
憂,ㄧㄨ,100
憎,ㄐㄧㄥ,100
憐,ㄌㄧㄢˊ,100
憐,ㄌㄧㄣˊ,95
憑,ㄅㄧㄣˊ,100
憑,ㄅㄧㄥˊ,95
憔,ㄐㄧㄠˊ,100
憚,ㄉㄢ˫,100
憢,ㆣㄧㄠˊ,100
憤,ㄏㄨㄣ˪,100
憫,ㆠㄧㄣˋ,100
憲,ㄏㄧㄢ˪,100
憶,ㄧㆻ,100
憾,ㄏㆰ˫,100
懂,ㄉㄤˋ,100
懂,ㄉㆲˋ,95
懇,ㄎㄨㄣˋ,100
應,ㄧㄥ˪,100
應,ㄧㄣ˪,95
應,ㄧㄥ,90
應,ㄧㆲ˪,85
應,ㄧㆲ,80
應,ㄏㄨㄣ,75
懊,ㄠ˪,100
懍,ㄌㄨㄣˋ,100
懍,ㄋㆭˋ,95
懍,ㄌㄧㄥˋ,90
懦,ㄋㆦ˫,100
懲,ㄉㄧㄥˊ,100
懵,ㆠㆲ˪,100
懵,ㆠㆲˋ,95
懶,ㄌㄢˋ,100
懶,ㄋㄨㄚ˫,95
懷,ㄏㄨㄞˊ,100
懷,ㄍㄨㄧˊ,95
懸,ㄍㄨㄢˊ,100
懸,ㄏㄧㄢˊ,95
懸,ㄍㄨㆮˊ,90
懺,ㄘㆰ˪,100
懼,ㄍㄨ˫,100
懿,ㄧ˪,100
戀,ㄌㄨㄢˊ,100
戀,ㄌㄨㄢ˫,95
戇,ㆣㆲ˫,100
戈,ㄍㄜ,100
戈,ㆣㆦ˪,95
戊,ㆠㆦ˫,100
戌,ㄙㄨㆵ,100
成,ㄒㄧㄥˊ,100
成,ㄐㄧㆩˊ,95
成,ㄑㄧㆩˊ,90
成,ㄒㄧㆩˊ,85
我,ㆣㄨㄚˋ,100
我,ㄫㆦˋ,95
戒,ㄍㄞ˪,100
或,ㄏㄧㆻ8,100
戚,ㄑㄧㆻ,100
戛,ㄎㄧㄚㆵ,100
戟,ㄍㄧㆻ,100
戥,ㄉㄧㄥˋ,100
戥,ㄉㄧㄣˋ,95
截,ㄐㄧㄚㆵ8,100
截,ㄗㄨㆤㆷ8,95
戮,ㄌㄚㆻ,100
戮,ㄌㄧㆦㆻ8,95
戰,ㄐㄧㄢ˪,100
戲,ㄏㄧ˪,100
戲,ㄏㄧˋ,95
戳,ㄊㆦㆻ,100
戴,ㄉㄧ˪,100
戴,ㄉㆤ˪,95
戴,ㄉㄞ˪,90
戶,ㄏㆦ˫,100
戽,ㄏㆦ˪,100
戾,ㄌㆤ˫,100
房,ㄅㄤˊ,100
房,ㄅㆲˊ,95
所,ㄙㆦˋ,100
扁,ㄅㆪˋ,100
扁,ㄅㄨㄣˋ,95
扁,ㄅㄧㄢˋ,90
扁,ㄅㄧㄣˋ,85
扁,ㄅㄢˋ,80
扁,ㄆㄧㄢˋ,75
扇,ㄒㆪ˪,100
扇,ㄒㄧㄢ˪,95
扈,ㄏㆦ˫,100
手,ㄑㄧㄨˋ,100
手,ㄒㄧㄨˋ,95
手,ㄉㆤㆷ,90
才,ㄐㄧㄚㆷ,100
才,ㄗㄞˊ,95
才,ㄘㄞˊ,90
扎,ㄗㄚㆷ,100
扑,ㄆㆦㆻ,100
扒,ㄅㆤˊ,100
扒,ㄅㆤ,95
打,ㄉㆩˋ,100
打,ㄉㄚˋ,95
打,ㄉㄧㆰˋ,90
托,ㄊㆦㆻ,100
托,ㄊㄨㆷ,95
扛,ㄍㆭ,100
扛,ㄍㆲ,95
扞,ㄏㄨㆩ˫,100
扣,ㄎㄠ˪,100
扣,ㄎㄠ,95
扦,ㄘㄨㆩ,100
扭,ㄌㄧㄨˋ,100
扭,ㄫㄧㄨˋ,95
扭,ㄋㄧㄨˋ,90
扭,ㄌㄠˋ,85
扭,ㄋㄠˋ,80
扭,ㆣㄧㄜˋ,75
扮,ㄅㄢ˫,100
扯,ㄘㆤˋ,100
扱,ㄎㄧㆴ8,100
扲,ㆣㄧㆬ˫,100
扲,ㆣㄧㆬˊ,95
扳,ㄅㄧㄢ,100
扳,ㄅㄢˋ,95
扳,ㄅㆥ,90
扳,ㄅㄢ,85
扴,ㄍㆤㆷ8,100
扶,ㄏㄨˊ,100
扶,ㄆㆦˊ,95
扷,ㄧㄜˋ,100
批,ㄆㄨㆤ,100
批,ㄆㆤ,95
批,ㄆㄧ,90
扼,ㄧㆻ8,100
找,ㄗㄠ˫,100
承,ㄒㄧㄥˊ,100
承,ㄒㄧㄣˊ,95
技,ㄍㄧ,100
抄,ㄘㄠ,100
抉,ㄍㄨㄚㆵ,100
把,ㄅㄚˋ,100
把,ㄅㆤˋ,95
把,ㄅㄚ˪,90
抌,ㄉㄧㆬ˪,100
抐,ㄌㄚ˫,100
抐,ㄌㄚˊ,95
抑,ㄧㄚㆷ8,100
抑,ㄧㄚㆷ,95
抑,ㄚㆷ,90
抑,ㄚㆷ8,85
抓,ㆢㄧㄠ˪,100
抓,ㄌㄧㄠ˪,95
抓,ㄋㄧㄠ˪,90
抓,ㆣㄧㄠ˪,85
抓,ㄫㄧㄠ˪,80
抔,ㄅㄨㆵ,100
投,ㄉㄠˊ,100
抗,ㄎㆲ˪,100
折,ㄐㄧㄚㆵ,100
折,ㄐㄧㆷ8,95
折,ㄐㄧㆻ,90
抨,ㄆㄧㆩ,100
抨,ㄅㄧㆩ,95
披,ㄆㄧ,100
抰,ㆭ,100
抰,ㄨㆪ,95
抱,ㄆㄜ˫,100
抱,ㄅㄜ˫,95
抱,ㄆㄠ˫,90
抵,ㄉㄧˋ,100
抵,ㄉㆤˋ,95
抹,ㆠㄨㄚㆷ,100
押,ㄚㆷ,100
押,ㄚㆴ,95
抽,ㄊㄧㄨ,100
抽,ㄌㄧㄨ,95
抽,ㄊㄧㄜ,90
抾,ㄎㄧㄜㆷ,100
抿,ㆠㄧㄣˋ,100
抿,ㆠㄧㄢˋ,95
拂,ㄏㄨㆵ,100
拄,ㄉㄨˋ,100
拄,ㄉㄨㆷ,95
拆,ㄊㄧㄚㆷ,100
拆,ㄌㄧㄚㆷ,95
拇,ㆠㄨˋ,100
拇,ㆠㄜˋ,95
拈,ㄌㄧㆰ,100
拈,ㄋㆤ,95
拈,ㄋㄧ,90
拉,ㄌㄚˋ,100
拉,ㄌㄚ,95
拉,ㄌㄚˊ,90
拉,ㆠㄚ,85
拊,ㄏㄨˋ,100
拋,ㄆㄚ,100
拋,ㄆㄠ,95
拋,ㄆㆩ,90
拌,ㄅㄨㆩ˫,100
拍,ㄆㄚㆷ,100
拍,ㄆㄧㆻ,95
拎,ㄌㄧㄥˊ,100
拐,ㄍㄨㄞˋ,100
拐,ㄍㄨㆮ˫,95
拐,ㄍㄨㆮˋ,90
拐,ㄍㄨㄞ˫,85
拐,ㄍㄨㆮㆷ,80
拐,ㄍㄨㄞㆷ,75
拑,ㄎㆪˊ,100
拒,ㄍㄨ˫,100
拒,ㄍㄧ˫,95
拓,ㄊㆦㆻ,100
拔,ㄅㄨㆤㆷ8,100
拔,ㄅㄨㄚㆵ8,95
拔,ㄅㄨㄚㆷ8,90
拔,ㄅㄨㄧㆷ8,85
拔,ㄅㄨㆩㆷ8,80
拔,ㄅㄨㆤ˫,75
拖,ㄊㄨㄚ,100
拗,ㄠˋ,100
拗,ㆯˋ,95
拘,ㄎㄨ,100
拙,ㄗㄨㄚㆵ,100
拚,ㄅㄧㆩ˪,100
招,ㄐㄧㄜ,100
招,ㄐㄧㄠ,95
拜,ㄅㄞ˪,100
括,ㄍㄨㄚㆵ,100
括,ㄍㄨㄚㆷ,95
拭,ㄑㄧㆵ,100
拯,ㄐㄧㄣˋ,100
拱,ㄍㄧㆲˋ,100
拳,ㄍㄨㄣˊ,100
拳,ㄍㄨㄢˊ,95
拶,ㄙㄨㄢˋ,100
拷,ㄎㄜˋ,100
拹,ㄏㄧㄚㆴ8,100
拼,ㄆㄧㄥ,100
拾,ㄒㄧㆴ8,100
拿,ㄋㄚˋ,100
持,ㄑㄧˊ,100
持,ㄉㄧˊ,95
挂,ㄍㄨㄧ˪,100
挃,ㄉㄧㆷ8,100
挃,ㄉㆪㆷ8,95
指,ㄐㄧˋ,100
指,ㄐㄧㄥˋ,95
指,ㄗㆮˋ,90
指,ㄍㄧˋ,85
指,ㄗㆭˋ,80
指,ㄗㄨㆪˋ,75
指,ㄗㄞˋ,70
指,ㄐㄧㄣˋ,65
指,ㄗㄢˋ,60
挈,ㄎㆤㆷ8,100
按,ㄢˋ,100
按,ㄢ˪,95
挌,ㄍㆤㆷ,100
挐,ㆡㄨˊ,100
挐,ㄌㄨˊ,95
挑,ㄊㄧㄜ,100
挑,ㄊㄧㄠ,95
挑,ㄊㄧㄠˋ,90
挓,ㄊㄚ˪,100
挔,ㄏㄧㆩㆷ,100
挕,ㄏㆪ˪,100
挖,ㆦˋ,100
挖,ㄨㆤˋ,95
挖,ㄨㄚㆵ,90
挨,ㆤ,100
挨,ㄨㆤ,95
挨,ㄞ,90
挩,ㄊㄨㄚㆷ,100
挫,ㄘㄜ˪,100
振,ㄉㄧㄣˋ,100
振,ㄐㄧㄣˋ,95
挲,ㄙㄜ,100
挵,ㄌㆲ˪,100
挹,ㄧㆴ,100
挺,ㄊㆩˋ,100
挺,ㄊㄧㄥˋ,95
挼,ㆡㄨㆤˊ,100
挼,ㄌㆤˊ,95
挼,ㆡㆤˊ,90
挽,ㆠㄢˋ,100
挾,ㆣㄧㄚㆴ8,100
挾,ㄫㆤㆷ8,95
捀,ㄆㄤˊ,100
捅,ㄊㆲˋ,100
捆,ㄎㄨㄣˋ,100
捉,ㄑㄧㆦㆻ,100
捋,ㄌㄨㄚㆷ8,100
捋,ㄌㄨㄚㆷ,95
捋,ㄌㄨㄚ˫,90
捋,ㄌㄨㄞㆷ8,85
捌,ㆠㄚㆵ,100
捌,ㄅㄚㆵ,95
捎,ㄙㄚ,100
捏,ㄉㆥ˫,100
捏,ㄌㄧㄚㆴ8,95
捏,ㄌㄧㄚㆴ,90
捏,ㄉㆪ˫,85
捐,ㄍㄨㄢ,100
捒,ㄙㄚㆻ,100
捒,ㄙㄚㆵ,95
捔,ㄍㄚㆻ8,100
捕,ㄅㆦˋ,100
捗,ㄅㆦˊ,100
捗,ㄅㄨ,95
捗,ㄅㄜˊ,90
捗,ㄅㆦ˫,85
捘,ㄗㄨㄣ˫,100
捙,ㄑㄧㄚ,100
捥,ㆭˋ,100
捥,ㄨㆪˋ,95
捥,ㆮˋ,90
捧,ㄆㆲˋ,100
捨,ㄒㄧㄚˋ,100
捲,ㄍㆭˋ,100
捲,ㄍㄨㆪˋ,95
捶,ㄉㄨㄧˊ,100
捷,ㄐㄧㄚㆴ8,100
捷,ㄐㄧㄚㆵ8,95
捻,ㄌㄧㆰ˪,100
捻,ㄌㄧㆰ˫,95
捽,ㄙㄨㆵ,100
捽,ㄗㄨㆵ8,95
捽,ㄙㄨㆵ8,90
捾,ㄍㄨㆩ˫,100
掀,ㄏㄧㄢ,100
掂,ㄉㄧㆬ˪,100
掃,ㄙㄠ˪,100
掃,ㄙㄜ˪,95
掇,ㄉㄨㄚㆷ,100
掇,ㄉㄨㄚㆷ8,95
授,ㄒㄧㄨ˫,100
掉,ㄉㄧㄠ˫,100
掌,ㄐㄧㆲˋ,100
掌,ㄐㄧㆫˋ,95
掌,ㄐㄧㄤˋ,90
掌,ㄐㄧㆧˋ,85
排,ㄅㄞˊ,100
掔,ㄎㄧㄢ,100
掖,ㄧㄚ˫,100
掘,ㄍㄨㆵ8,100
掙,ㄐㄧㆩ˫,100
掛,ㄍㄨㄚ˪,100
掛,ㄎㄨㄚ˪,95
掜,ㄉㄠ,100
掠,ㄌㄧㄚㆷ8,100
掠,ㄌㄧㆦㆻ8,95
採,ㄘㄞˋ,100
探,ㄊㆰ˪,100
探,ㄊㄢ˪,95
掣,ㄘㄨㄚㆷ,100
掣,ㄑㄧㄚㆵ,95
接,ㄐㄧㄚㆴ,100
接,ㄐㄧㆷ,95
控,ㄎㆲ˪,100
控,ㄎㄤ˪,95
推,ㄊㄨㄧ,100
推,ㄊㆤ,95
推,ㄘㄨㄧ,90
掩,ㆭ,100
掩,ㆰ,95
掩,ㄧㆰˋ,90
掩,ㆱ,85
掩,ㄨㆪ,80
措,ㄘㆦ˪,100
掮,ㄎㆮ,100
掮,ㄎㆮˋ,95
掰,ㄅㄨㆤˋ,100
掰,ㄅㆤˋ,95
揀,ㄍㄧㄥˋ,100
揀,ㄍㄢˋ,95
揀,ㄍㆮˋ,90
揆,ㄍㄨㄧˊ,100
揆,ㄅㄨㄧˊ,95
揈,ㄏㆲ,100
揉,ㆢㄧㄨˊ,100
揉,ㄌㄧㄨˊ,95
揌,ㄙㄞ,100
揍,ㆠㆦㆻ,100
描,ㆠㄧㄜˊ,100
描,ㆠㄧㄠˊ,95
提,ㄊㆤㆷ8,100
提,ㄊㆤˊ,95
提,ㄊㆤ˫,90
提,ㄊㄨㆤㆷ8,85
提,ㆤㆷ8,80
插,ㄘㄚㆷ,100
插,ㄘㄚㆴ,95
揙,ㄅㆪ,100
揚,ㄧㆲˊ,100
換,ㄨㆩ˫,100
換,ㄏㄨㄢ˫,95
揜,ㄧㄚㆴ,100
握,ㄚㆻ,100
握,ㆦㆻ,95
握,ㄚㆴ,90
握,ㄚㆵ,85
揣,ㄘㄨㆤ˫,100
揣,ㄘㆤ˫,95
揤,ㄑㄧㆷ8,100
揤,ㄌㄧㆷ8,95
揤,ㄑㄧ˫,90
揤,ㆢㄧㆷ8,85
揤,ㆢㄧ˫,80
揫,ㄑㄧㄨˊ,100
揬,ㄉㄨㆷ8,100
揬,ㄉㄨㆷ,95
揬,ㄉㄨ˫,90
揭,ㄎㄧㄚㆵ,100
揭,ㄍㄧㄚㆵ,95
揮,ㄏㄨㄧ,100
揲,ㄉㄧㄚㆴ8,100
援,ㄨㄢ˫,100
揹,ㄆㆮ˫,100
揹,ㄅㆤ˫,95
揻,ㄨㄧ,100
搉,ㄎㄚ˪,100
損,ㄙㆭˋ,100
損,ㄙㄨㄣˋ,95
損,ㄙㄨㆪˋ,90
搏,ㄆㆦㆻ,100
搐,ㄉㄧㄨㆷ,100
搖,ㄧㄜˊ,100
搖,ㄧㄠˊ,95
搖,ㆦˊ,90
搖,ㆦ,85
搙,ㆢㄧㆦㆻ8,100
搙,ㄌㄧㆦㆻ8,95
搜,ㄑㄧㄠ,100
搜,ㄙㆦ,95
搝,ㄎㄧㄨˋ,100
搝,ㆣㄧㄨˋ,95
搟,ㄏㄧㄢˋ,100
搢,ㄐㆪ˪,100
搣,ㄇㆤ,100
搣,ㄇㄧ,95
搤,ㄧㄚㆷ,100
搥,ㄉㄨㄧˊ,100
搦,ㄌㄚㆻ8,100
搧,ㄒㄧㄢ˪,100
搧,ㄙㆰ˪,95
搩,ㄍㄧㄚㆵ,100
搪,ㄉㆭ˫,100
搬,ㄅㄨㆩ,100
搬,ㄅㄨㄢ,95
搭,ㄉㄚㆷ,100
搭,ㄉㄚㆴ,95
搭,ㄉㄚ˫,90
搵,ㄨㄣ˪,100
搶,ㄑㄧㆫˋ,100
搶,ㄑㄧㆲˋ,95
搶,ㄑㄧㆧˋ,90
摁,ㄏㆬㆷ,100
摃,ㄍㆲ˪,100
摒,ㄅㄧㆩ˪,100
摔,ㄒㄧㄚㆻ,100
摔,ㄒㄧㄤ˪,95
摖,ㄘㆤ˪,100
摖,ㄘㄨㆤ˪,95
摘,ㄉㄧㄚㆷ,100
摘,ㄉㄧㆻ,95
摠,ㄗㄤˋ,100
摧,ㄘㄨㄧ,100
摩,ㄇㆦˊ,100
摯,ㄐㄧ˪,100
摳,ㄎㆯㆷ8,100
摵,ㄑㄧㆻ8,100
摸,ㆠㆲ,100
摸,ㄇㆦ,95
摸,ㆠㆦ,90
摹,ㆠㆦ˫,100
摹,ㆠㆦˊ,95
摺,ㄐㄧㆷ,100
摺,ㄐㄧˋ,95
摻,ㄘㆰ,100
摻,ㄘㆰ˪,95
撆,ㄅㄧㆷ,100
撇,ㄆㄧㄚㆵ,100
撈,ㄏㆦˊ,100
撈,ㄌㄠ˫,95
撋,ㄋㄨㄚˋ,100
撏,ㆢㄧㆬˊ,100
撏,ㄌㄧㆬˊ,95
撐,ㄊㆤ,100
撐,ㄊㆥ,95
撒,ㄙㄨㄚㆷ,100
撒,ㄙㄚㆵ,95
撓,ㄫㄧㄠˋ,100
撙,ㄗㄨㄣˋ,100
撚,ㄌㄧㄢˋ,100
撞,ㄉㆲ˫,100
撟,ㄍㄧㄠ˫,100
撠,ㆣㄧㄚㆷ,100
撠,ㄍㄧㄚㆷ,95
撤,ㄊㄧㄚㆵ,100
撥,ㄅㄨㄚㆷ,100
撥,ㄅㄨㄚㆵ,95
撨,ㄑㄧㄠˊ,100
撨,ㄘㄠˊ,95
撩,ㄌㄧㄜˊ,100
撩,ㄌㄧㄠˊ,95
撫,ㆠㄨˋ,100
撫,ㄏㄨ,95
撫,ㄏㄨˋ,90
撬,ㄍㄧㄠ˫,100
播,ㄅㆦ˪,100
播,ㄅㄜ˪,95
撮,ㄘㆦㆻ,100
撮,ㄗㄨㄚㆵ,95
撰,ㄗㄨㄢ˫,100
撲,ㄆㆦㆻ,100
撼,ㄏㆰˋ,100
擁,ㄧㆲˋ,100
擂,ㄌㄨㄧˊ,100
擅,ㄒㄧㄢ˫,100
擇,ㄉㄜㆷ8,100
擇,ㄉㄧㆻ8,95
擉,ㄉㄧㄚㆻ8,100
擉,ㄊㄚㆻ,95
擉,ㄉㄧㄚㆻ,90
擉,ㄉㄚㆻ,85
擉,ㄉㄚㆻ8,80
擊,ㄍㄧㆻ,100
擋,ㄉㆲ˪,100
操,ㄘㄠ,100
操,ㄘㄜ,95
操,ㄘㄜ˪,90
操,ㄑㄧㄠ,85
擎,ㄍㄧㄥ,100
擎,ㄎㄧㄥˊ,95
擒,ㄎㄧㆬˊ,100
擔,ㄉㆩ,100
擔,ㄉㆩ˪,95
擔,ㄉㆰ,90
擗,ㄆㄧㄚㆻ8,100
擗,ㄆㄧㄚㆻ,95
擗,ㄅㄧㄚㆻ8,90
擗,ㄆㄧㄤ,85
擘,ㄅㆤㆷ,100
據,ㄍㄧ˪,100
據,ㄍㄨ˪,95
擛,ㄧㄚㆵ8,100
擠,ㄐㄧㆻ,100
擢,ㄉㄧㄜㆷ,100
擤,ㄑㄧㄥ˪,100
擤,ㄘㆭ˪,95
擤,ㄙㆭ˪,90
擦,ㄘㄚㆵ,100
擬,ㆣㄧˋ,100
擲,ㄉㄢ˪,100
擴,ㄎㆦㆻ,100
擴,ㄆㆦㆻ,95
擷,ㄎㄧㄚㆵ,100
擸,ㆠㄚ˫,100
擺,ㄅㄞˋ,100
擺,ㄅㆮˋ,95
擽,ㄫㄧㄠ,100
擽,ㄧㄠ,95
擾,ㆢㄧㄠˋ,100
擾,ㄌㄧㄠˋ,95
攀,ㄆㄢ,100
攄,ㄌㄨ,100
攆,ㄌㄧㄢˋ,100
攏,ㄌㆲˋ,100
攏,ㄌㄤˋ,95
攑,ㆣㄧㄚㆷ8,100
攑,ㄍㄧㄚㆷ8,95
攔,ㆩˊ,100
攔,ㄋㄨㄚˊ,95
攔,ㄌㄢˊ,90
攕,ㄑㄧㆰˋ,100
攕,ㄑㄧㆰ,95
攘,ㆣㄧㄤ˫,100
攘,ㆢㄧㄤ˫,95
攜,ㄏㆤˊ,100
攝,ㄌㄧㄚㆴ,100
攢,ㄘㄨㄢˊ,100
攤,ㄊㄨㆩ,100
攤,ㄊㄢ,95
攪,ㄍㄧㄠˋ,100
攬,ㄌㆰˋ,100
支,ㄐㄧ,100
支,ㄍㄧ,95
攲,ㄎㄧ,100
收,ㄒㄧㄨ,100
改,ㄍㄞˋ,100
攻,ㄍㆲ,100
放,ㄅㄤ˪,100
放,ㄏㆲ˪,95
政,ㄐㄧㄥ˪,100
故,ㄍㆦ˪,100
敆,ㄍㄚㆴ,100
效,ㄏㄠ˫,100
敉,ㆠㄧˋ,100
敏,ㆠㄧㄣˋ,100
救,ㄍㄧㄨ˪,100
敗,ㄅㄞ˫,100
敘,ㄙㄨ˫,100
教,ㄍㄠ˪,100
教,ㄍㄚ˪,95
教,ㄍㄚㆷ,90
敝,ㄅㆤ˪,100
敝,ㄅㆤ˫,95
敢,ㄍㆰˋ,100
敢,ㄍㆩˋ,95
敢,ㄍㄧㆰˋ,90
敢,ㄍㄢˋ,85
敢,ㄍㄚˋ,80
散,ㄙㄢ˪,100
散,ㄙㄨㆩ˪,95
散,ㄙㄨㆩˋ,90
散,ㄙㄢˋ,85
敦,ㄉㄨㄣ,100
敧,ㄎㄧ,100
敨,ㄊㄠˋ,100
敬,ㄍㄧㄥ˪,100
敱,ㄎㆮˋ,100
敲,ㄎㄚ˪,100
敲,ㄎㄠ,95
整,ㄐㄧㄥˋ,100
敵,ㄉㄧㆻ8,100
敷,ㄏㄨ,100
數,ㄒㄧㄠ˪,100
數,ㄙㆦ˪,95
斂,ㄌㄧㆰˋ,100
斃,ㄅㆤ˫,100
文,ㆠㄨㄣˊ,100
文,ㄇㄨㄧˊ,95
斌,ㄅㄧㄣ,100
斐,ㄏㄨㄧˋ,100
斐,ㄏㄨㄧ,95
斑,ㄅㄢ,100
斑,ㄅㄧㄢ,95
斗,ㄉㄠˋ,100
斗,ㄉㆦˋ,95
料,ㄌㄧㄠ˫,100
斜,ㄘㄨㄚㆷ8,100
斜,ㄑㄧㄚˊ,95
斜,ㄒㄧㄚˊ,90
斟,ㄐㄧㆬ,100
斟,ㄊㄧㄣˊ,95
斡,ㄨㄚㆵ,100
斤,ㄍㄧㄣ,100
斤,ㄍㄨㄣ,95
斥,ㄊㄧㆻ,100
斧,ㄅㆦˋ,100
斧,ㄏㄨˋ,95
斧,ㄅㄨˋ,90
斬,ㄗㆩˋ,100
斬,ㄗㆰˋ,95
斯,ㄙㄨ,100
斯,ㄙㄨㆷ,95
新,ㄒㄧㄣ,100
斷,ㄉㆭ˫,100
斷,ㄉㄨㄢ˫,95
斷,ㄉㄨㄢ˪,90
斷,ㄉㄨㆪ˫,85
方,ㄏㆲ,100
方,ㄏㆭ,95
方,ㄅㆭ,90
方,ㄅㄨㆪ,85
於,ㄧˊ,100
施,ㄒㄧ,100
施,ㄒㄧ˪,95
旁,ㄅㆲˊ,100
旅,ㄌㄧˋ,100
旅,ㄌㄨˋ,95
旋,ㄙㄨㄢ,100
旋,ㄗㆭ˫,95
旋,ㄙㄨㄢˊ,90
旋,ㄗㄨㆪ˫,85
族,ㄗㆦㆻ8,100
旗,ㄍㄧˊ,100
既,ㄍㄧ˪,100
日,ㆢㄧㆵ8,100
日,ㄌㄧㆵ8,95
日,˙ㄌㄧㆵ8,90
日,˙ㆢㄧㆵ8,85
日,ㆣㄧㆵ8,80
旦,ㄉㄨㆩ˪,100
旦,ㄉㄢ˪,95
旨,ㄐㄧˋ,100
早,ㄗㄚˋ,100
早,ㄗㄞˋ,95
旬,ㄙㄨㄣˊ,100
旭,ㄏㄧㆦㆻ,100
旱,ㄏㄨㆩ˫,100
旱,ㄨㆩ˫,95
旱,ㄏㄢ˫,90
旺,ㆲ˫,100
昂,ㆣㆲˊ,100
昆,ㄎㄨㄣ,100
昇,ㄒㄧㄥ,100
昊,ㄏㄜ˫,100
昌,ㄑㄧㆲ,100
明,ㆠㄧㄥˊ,100
明,ㆠㄧㄣˊ,95
明,ㄇㆤˊ,90
明,ㄇㄧㄚˊ,85
明,ㄇㄧˊ,80
明,ㄇㄨㄚˊ,75
明,ㄇㄚˊ,70
昏,ㄏㆭ,100
昏,ㄏㄨㄣ˫,95
昏,ㄏㄨㄣ,90
昏,ㄏㄨㆪ,85
易,ㄧㆻ8,100
易,ㄧㄚㆷ8,95
易,ㄧ˫,90
昔,ㄒㄧㆻ,100
星,ㄘㆥ,100
星,ㄑㆪ,95
星,ㄙㄢ,90
星,ㄒㄧㄥ,85
映,ㄧㄥ˪,100
映,ㄧㆲ˪,95
春,ㄘㄨㄣ,100
春,ㄑㄧㄥ,95
昧,ㄇㄞ˫,100
昨,ㄗㄚ,100
昨,ㄗㄜㆷ8,95
昨,ㄗㄚㆷ8,90
昨,ㄗㆦ,85
昭,ㄐㄧㄠ,100
是,ㄒㄧ˫,100
是,ㄒㄧ,95
是,˙ㄒㄧ˫,90
是,ㄐㄧ˫,85
是,ㄙㄨ˫,80
昱,ㄧㆦㆻ8,100
晁,ㄉㄧㄠˊ,100
時,ㄒㄧˊ,100
時,˙ㄒㄧˊ,95
晃,ㄏㄨㆩˋ,100
晃,ㄏㆲˋ,95
晉,ㄐㄧㄣ˪,100
晏,ㄨㆩ˪,100
晏,ㄢ˪,95
晚,ㄇㆭˋ,100
晚,ㆠㄨㄢˋ,95
晝,ㄉㄠ˪,100
晝,ㄉㄧㄨ˪,95
晟,ㄑㄧㆩˊ,100
晟,ㄒㄧㄥ˫,95
晡,ㄅㆦ,100
晨,ㄒㄧㄣˊ,100
晬,ㄗㆤ˪,100
普,ㄆㆦˋ,100
普,ㄅㄨㆷ,95
景,ㄍㄧㄥˋ,100
晴,ㄐㄧㄥˊ,100
晴,ㄗㆥˊ,95
晶,ㄐㆪ,100
晶,ㄐㄧㄥ,95
智,ㄉㄧ˪,100
晾,ㄋㆤˊ,100
晾,ㄋㄧˊ,95
暇,ㄏㄚ˫,100
暈,ㆭ˫,100
暈,ㄨㄣ˫,95
暈,ㄏㄨㄣ˫,90
暉,ㄏㄨㄧ,100
暑,ㄙㄨˋ,100
暖,ㄌㄨㄢˋ,100
暗,ㆰ˪,100
暝,ㄇㆤˊ,100
暝,ㄇㄧˊ,95
暢,ㄊㄧㆲ˪,100
暨,ㄍㄧ˪,100
暫,ㄐㄧㆰ˫,100
暮,ㆠㆦ˫,100
暱,ㄌㄧㆻ8,100
暱,ㄌㄧㆵ8,95
暴,ㄅㄜ˫,100
暴,ㄅㆦㆻ,95
暴,ㄅㆦㆻ8,90
暸,ㄌㄧㄠˊ,100
曆,ㄌㄧㆻ8,100
曆,ㄌㄚㆷ8,95
曆,ㄌㄚ˫,90
曉,ㄏㄧㄠˋ,100
曉,ㄏㄧㄤˋ,95
曖,ㄞ˪,100
曜,ㄧㄠ˫,100
曝,ㄆㄚㆻ8,100
曝,ㄆㆦㆻ8,95
曠,ㄎㆲ˪,100
曰,ㄨㄚㆵ8,100
曲,ㄎㄧㄠ,100
曲,ㄎㄧㆻ,95
曲,ㄎㄧㆦㆻ,90
更,ㄍㆥ,100
更,ㄍㄧㄥ,95
更,ㄍㆪ,90
更,ㄍㄧㄥ˪,85
曷,ㄚㆷ8,100
曷,ㄧㄚㆷ8,95
書,ㄙㄨ,100
書,ㄗㄨ,95
書,ㄒㄧ,90
曹,ㄗㄜˊ,100
曼,ㆠㄢ˫,100
曾,ㄐㄧㄥˊ,100
曾,ㄗㄢ,95
曾,ㄐㄧㄥ,90
替,ㄊㆤ˪,100
替,ㄊㄨㆤ˪,95
最,ㄗㄨㆤ˪,100
會,ㆤ˫,100
會,ㄏㄨㆤ˫,95
會,ㄏㆤ˫,90
會,ㄍㄨㆤ˪,85
會,ㄨㆤ˫,80
月,ㆣㄨㆤㆷ8,100
月,ㆣㆤㆷ8,95
月,ㆣㄨㄚㆵ8,90
月,˙ㆣㆤㆷ8,85
月,˙ㆣㄨㆤㆷ8,80
月,ㆣㄨㆤ˫,75
有,ㄨ˫,100
有,ㄧㄨˋ,95
朋,ㄅㄧㄥˊ,100
服,ㄏㆦㆻ8,100
朒,ㄗㄨㆵ,100
朒,ㄌㄨㆵ,95
朔,ㄙㆦㆻ,100
朕,ㄉㄧㆬ˫,100
朗,ㄌㆲˋ,100
朗,ㄌㄤˋ,95
望,ㆠㄤ˫,100
望,ㆠㆲ˫,95
朝,ㄉㄧㄠˊ,100
朝,ㄉㄧㄠ,95
期,ㄍㄧˊ,100
期,ㄍㄧ,95
木,ㆠㆦㆻ8,100
木,ㆠㄚㆻ8,95
未,ㆠㄨㆤ˫,100
未,ㆠㄧ˫,95
未,ㆠㆤ˫,90
末,ㆠㄨㄚㆷ8,100
末,ㆠㄨㄚㆵ8,95
末,ㆠㄨㄚㆷ,90
末,ㆠㄨㄚ˫,85
本,ㄅㄨㄣˋ,100
本,ㄅㆭˋ,95
札,ㄗㄚㆵ,100
朱,ㄗㄨ,100
朴,ㄆㄜㆷ,100
朽,ㄏㄧㄨˋ,100
杆,ㄍㄢ,100
杆,ㄍㄨㆩ,95
杆,ㄍㄨㆮ,90
杉,ㄙㆰ,100
李,ㄌㄧˋ,100
杏,ㄏㄧㄥ˫,100
材,ㄗㄞˊ,100
材,ㄘㄞˊ,95
村,ㄘㄨㄣ,100
村,ㄘㄨㄢ,95
杓,ㄒㄧㄚㆷ8,100
杓,ㄑㄧㄚ˫,95
杓,ㄒㄧㄚ˫,90
杖,ㄊㆭ˫,100
杖,ㄉㄧㆲ˫,95
杙,ㄎㄧㆵ8,100
杜,ㄉㆦ˫,100
杜,ㄉㄨㄚ˫,95
杞,ㄍㄧˋ,100
束,ㄙㆦㆻ,100
杭,ㄏㄤˊ,100
杮,ㄆㄨㆤ˪,100
杮,ㄆㆤ˪,95
杯,ㄅㄨㆤ,100
杰,ㄍㄧㄚㆵ8,100
東,ㄉㄤ,100
東,ㄉㆲ,95
杴,ㄏㄧㆰ,100
杵,ㄊㄨˋ,100
杷,ㄅㆤˊ,100
松,ㄒㄧㆲˊ,100
松,ㄑㄧㄥˊ,95
松,ㄙㆲˋ,90
板,ㄅㄢˋ,100
板,ㄅㄤ,95
枇,ㄅㄧˊ,100
枇,ㆣㄧˊ,95
枇,ㄎㄧˊ,90
枇,ㄉㄧˊ,85
枇,ㄅㆪˊ,80
枉,ㆲˋ,100
枋,ㄅㄤ,100
析,ㄒㄧㆻ,100
枕,ㄐㄧㆬˋ,100
林,ㄋㄚˊ,100
林,ㄌㄧㆬˊ,95
林,ㄋㄚˋ,90
林,ㄋㄧㄚˋ,85
林,ㄋㄞˊ,80
果,ㄍㄜˋ,100
果,ㄍㄨㆤˋ,95
果,ㄍㆤˋ,90
枝,ㄍㄧ,100
枝,ㄐㄧ,95
枯,ㄍㆦ,100
枴,ㄍㄨㄞˋ,100
枴,ㄍㄨㆮˋ,95
枵,ㄧㄠ,100
架,ㄍㆤ˪,100
架,ㄎㄨㆤ˪,95
架,ㄍㄚ˪,90
架,ㄎㆤ˪,85
枷,ㄍㆤˊ,100
枷,ㄎㄚ,95
枷,ㄍㄚ,90
枷,ㄍㄨㆤˊ,85
枷,ㄍㆤˋ,80
枸,ㄍㆦˋ,100
柄,ㄅㆥ˪,100
柄,ㄅㆪ˪,95
柄,ㄅㄧㄥ˪,90
柏,ㄅㄧㆻ,100
柏,ㄅㆤㆷ,95
某,ㆠㆦˋ,100
某,ㄇㆦˋ,95
柑,ㄍㆰ,100
染,ㄋㄧˋ,100
染,ㆢㄧㆰˋ,95
染,ㄌㄧㆰˋ,90
柔,ㆢㄧㄨˊ,100
柔,ㄌㄧㄨˊ,95
柙,ㄍㄚㆷ,100
柚,ㄧㄨ˫,100
柝,ㄎㆦㆻ8,100
查,ㄗㄚ,100
查,ㄘㄚˊ,95
查,ㄉㄚ,90
柩,ㄍㄧㄨ˫,100
柫,ㄅㄨㆵ,100
柫,ㄍㄨㆵ,95
柬,ㄍㄢˋ,100
柯,ㄍㄨㄚ,100
柯,ㄎㄜ,95
柱,ㄊㄧㄠ˫,100
柱,ㄗㄨ˫,95
柳,ㄌㄧㄨˋ,100
柴,ㄘㄚˊ,100
柴,ㄘㄞˊ,95
柴,ㄙㄚˊ,90
柵,ㄙㄚ,100
柵,ㄑㄧㆻ,95
柺,ㄍㄨㆮˋ,100
柺,ㄍㄨㄞˋ,95
柿,ㄎㄧ˫,100
栓,ㄙㆭ,100
栓,ㄘㆭ,95
栗,ㄌㄧㆻ8,100
栗,ㄌㄚㆵ8,95
校,ㄏㄠ˫,100
校,ㄍㄠ˪,95
株,ㄉㄨ,100
株,ㄗㄨ,95
栱,ㄍㆲˊ,100
栱,ㄍㆲ,95
栱,ㄍㆲˋ,90
栱,ㄍㄧㆲˋ,85
核,ㄏㄧㆻ8,100
核,ㄏㄨㆵ8,95
核,ㄏㄚㆵ8,90
根,ㄍㄧㄣ,100
根,ㄍㄨㄣ,95
格,ㄍㆤㆷ,100
格,ㄍㄧㆻ,95
格,ㆣㄚ,90
栽,ㄗㄞ,100
栿,ㄆㄚㆻ8,100
栿,ㄏㆦㆻ8,95
桀,ㄍㄧㄚㆵ8,100
桂,ㄍㄨㄧ˪,100
桃,ㄊㄜˊ,100
桃,ㄉㄜˊ,95
桅,ㄨㄧˊ,100
框,ㄎㄧㄥ,100
框,ㄎㆲ,95
案,ㄢ˪,100
案,ㄨㆩ˪,95
桌,ㄉㄜㆷ,100
桌,ㄉㆦㆷ,95
桐,ㄉㆲˊ,100
桐,ㄉㄤˊ,95
桑,ㄙㆭ,100
桑,ㄙㆲ,95
桑,ㄙㄤˋ,90
桔,ㄍㄧㄚㆵ,100
桔,ㄍㄧㆵ,95
桮,ㄅㄨㆤ,100
桮,ㄅㆤ,95
桮,ㄅㄨㆤ˫,90
桱,ㄍㆥ˪,100
桱,ㄍㆪ˪,95
桶,ㄊㄤˋ,100
桷,ㄍㄚㆻ,100
桸,ㄏㄧㄚ,100
桿,ㄍㄨㆮˋ,100
梁,ㄋㄧㄨˊ,100
梁,ㄋㄧㆦˊ,95
梁,ㄌㄧㆲˊ,90
梅,ㄇㄨㆤˊ,100
梅,ㄇㄨㄧˊ,95
梅,ㆬˊ,90
梅,ㆠㄨㆤˊ,85
梅,ㄇㄨㄞˊ,80
梓,ㄗㄨˋ,100
梔,ㄍㄧ,100
梗,ㄍㄧㄥˋ,100
梗,ㄍㆥˋ,95
梗,ㄍㄨㆪˋ,90
梘,ㄍㄧㄥˋ,100
條,ㄉㄧㄠˊ,100
條,ㄌㄧㄠˊ,95
梟,ㄏㄧㄠ,100
梢,ㄙㄠ,100
梧,ㄫㆦˊ,100
梧,ㆣㆦˊ,95
梨,ㄌㄞˊ,100
梨,ㄌㆤˊ,95
梭,ㄙㄜ,100
梯,ㄊㄨㄧ,100
梯,ㄊㆤ,95
械,ㄏㄞ˫,100
械,ㄍㄞ˪,95
械,ㄏㄞˊ,90
梳,ㄙㆤ,100
梳,ㄙㄨㆤ,95
梵,ㄏㄨㄢ˫,100
棄,ㄎㄧ˪,100
棉,ㄇㄧˊ,100
棉,ㆠㄧㄢˊ,95
棋,ㄍㄧˊ,100
棍,ㄍㄨㄣ˪,100
棑,ㄅㄞˊ,100
棒,ㄅㄤ˫,100
棕,ㄗㄤ,100
棗,ㄗㄜˋ,100
棚,ㄅㆥˊ,100
棚,ㄅㆪˊ,95
棚,ㄅㄧㄥˊ,90
棟,ㄉㆲ˪,100
棟,ㄉㄤ˪,95
棠,ㄉㆲˊ,100
棧,ㄗㄢ˪,100
棧,ㄐㄧㄢ˪,95
森,ㄒㄧㆬ,100
森,ㄙㆱ,95
棰,ㄘㆤˊ,100
棰,ㄘㄨㆤˊ,95
棲,ㄘㆤ,100
棺,ㄍㄨㄢ,100
棺,ㄍㄨㆩ,95
椅,ㄧˋ,100
植,ㄒㄧㆵ8,100
植,ㄉㄧㆵ8,95
植,ㄐㄧㆵ8,90
椏,ㄨㆤ,100
椏,ㄨㆮ˫,95
椒,ㄐㄧㄜ,100
椒,ㄐㄧㄠ,95
椪,ㄆㆲ˪,100
椰,ㄧㄚˊ,100
椹,ㄙㄨㄧˊ,100
楂,ㄗㄚ,100
楊,ㄧㆫˊ,100
楊,ㄧㆲˊ,95
楊,ㄑㄧㆫˊ,90
楊,ㄧㆧˊ,85
楊,ㄑㄧㄨˊ,80
楓,ㄅㆭ,100
楓,ㄏㆲ,95
楔,ㄙㆤㆷ,100
楔,ㄙㄨㆤㆷ,95
楗,ㄍㄧㄥ˫,100
楗,ㄍㆮ˫,95
楗,ㄍㄢ˫,90
楚,ㄘㄜˋ,100
楚,ㄘㆦˋ,95
楝,ㄌㄧㄥ˫,100
楝,ㄌㄧㄢ˫,95
楞,ㆣㆲˊ,100
楠,ㄌㆰˊ,100
楣,ㆠㄞˊ,100
楦,ㄏㄨㄣ˪,100
楨,ㄐㄧㄥ,100
楬,ㄚㆵ,100
業,ㆣㄧㄚㆴ8,100
極,ㄍㄧㆻ8,100
楷,ㄎㄞˋ,100
楹,ㆥˊ,100
楹,ㄧㄥˊ,95
楹,ㆪˊ,90
概,ㄍㄞ˪,100
概,ㄎㄞ˪,95
榆,ㄌㄧㄨˊ,100
榆,ㆢㄧㄨˊ,95
榔,ㄌㆲˊ,100
榔,ㄋㆭˊ,95
榕,ㄑㄧㄥˊ,100
榕,ㄧㆲˊ,95
榕,ㄐㄧㄥˊ,90
榕,ㄒㄧㆲˊ,85
榛,ㄐㄧㄣ,100
榜,ㄅㆭˋ,100
榜,ㄅㆲˋ,95
榨,ㄗㄚ˪,100
榫,ㄙㄨㄣˋ,100
榮,ㄧㄥˊ,100
榴,ㄌㄧㄨˊ,100
榻,ㄊㄚㆴ,100
榻,ㄊㄚㆷ,95
槃,ㄆㄨㄢˊ,100
槊,ㄙㆦㆻ8,100
構,ㄍㆦ˪,100
槌,ㄊㄨㄧˊ,100
槍,ㄑㄧㆫ,100
槍,ㄑㄧㆧ,95
槐,ㄏㄨㄞˊ,100
槓,ㄍㆭ˪,100
槓,ㄎㆲˊ,95
槓,ㄍㆲ˪,90
槔,ㆦ,100
槤,ㄌㄧㄢˊ,100
槳,ㄐㄧㆫˋ,100
槳,ㄐㄧㆧˋ,95
槺,ㄎㆲ,100
槽,ㄗㄜˊ,100
樂,ㄌㆦㆻ8,100
樂,ㆣㄚㆻ8,95
樂,ㄫㄠ˫,90
樊,ㄏㄢˊ,100
樊,ㄏㄨㄢˊ,95
樑,ㄋㄧㄨˊ,100
樑,ㄌㄧㆲˊ,95
樑,ㄋㄧㆦˊ,90
樓,ㄌㄠˊ,100
樓,ㄌㆦˊ,95
標,ㄅㄧㄠ,100
標,ㄅㄧㄜ,95
標,ㄆㄧㄠ,90
樞,ㄘㄨ,100
樞,ㄙㄨ,95
樟,ㄐㄧㆫ,100
樟,ㄐㄧㆲ,95
樟,ㄐㄧㆧ,90
樠,ㄇㄧㄚˊ,100
模,ㆠㆦˊ,100
樣,ㄧㆫ˫,100
樣,ㄧㆲ˫,95
樣,ㄧㆧ˫,90
樵,ㄐㄧㄠˊ,100
樸,ㄆㄜㆷ,100
樸,ㄆㆦㆻ,95
樹,ㄑㄧㄨ˫,100
樹,ㄙㄨ˫,95
樺,ㄏㄨㄚ˫,100
樺,ㄏㄨㄚˊ,95
樽,ㄗㄨㄣ,100
橂,ㄉㄧㄥ˫,100
橂,ㄉㄢ˫,95
橂,ㄉㆮ˫,90
橄,ㄍㄢ,100
橄,ㄍㆩ,95
橄,ㄍㆰˋ,90
橋,ㄍㄧㄜˊ,100
橋,ㄍㄧㄠˊ,95
橐,ㄌㆦㆻ,100
橐,ㄌㆦㆴ,95
橐,ㄌㄚㆻ,90
橙,ㄉㄧㄥˊ,100
橙,ㄑㄧㄤˊ,95
橛,ㄍㄨㆤㆷ8,100
機,ㄍㄧ,100
機,ㄍㄨㄧ,95
機,ㄍㆤ,90
橫,ㄏㄨㆮˊ,100
橫,ㄏㄨㆪˊ,95
橫,ㄏㄧㄥˊ,90
橫,ㄏㄨㆥˊ,85
檀,ㄉㄨㆩˊ,100
檀,ㄉㄢˊ,95
檔,ㄉㆲˋ,100
檔,ㄉㆲ˪,95
檜,ㄍㄨㆤ˪,100
檠,ㄍㄧㆩˊ,100
檢,ㄍㄧㆰˋ,100
檣,ㄑㄧㆲˊ,100
檨,ㄙㄨㆮ˫,100
檫,ㄘㄚㆵ,100
檬,ㆠㆲˋ,100
檯,ㄉㄞˊ,100
檳,ㄅㄧㄣ,100
檳,ㄅㄨㄣ,95
檸,ㄌㆤˊ,100
櫃,ㄍㄨㄧ˫,100
櫓,ㄌㆦˋ,100
櫛,ㄐㄧㄚㆵ,100
櫞,ㆪˊ,100
櫞,ㄧㄢˊ,95
櫥,ㄉㄨˊ,100
櫳,ㄌㄤ,100
櫳,ㄌㆲˊ,95
櫻,ㄧㄥ,100
櫼,ㄐㆪ,100
欄,ㄋㄨㄚˊ,100
欄,ㄌㄢˊ,95
欉,ㄗㄤˊ,100
權,ㄎㄨㄢˊ,100
權,ㄍㄨㄢˊ,95
欖,ㄋㄚˋ,100
欖,ㄌㆰˋ,95
欠,ㄎㄧㆰ˪,100
次,ㄘㄨ˪,100
欣,ㄏㄧㆬ,100
欱,ㄏㄚㆴ,100
欱,ㄏㆦㆴ,95
欲,ㆠㆤㆷ,100
欲,ㆠㄨㆤㆷ,95
欲,ㄧㆦㆻ8,90
欲,ㆠㄜㆷ,85
欶,ㄙㄨㆷ,100
欸,ㆤㆷ,100
欸,˙ㆤㆷ,95
欹,ㄎㄧㄚ,100
欺,ㄎㄧ,100
欽,ㄎㄧㆬ,100
款,ㄎㄨㄢˋ,100
款,ㄎㄨㆩˋ,95
歁,ㄎㆰˋ,100
歆,ㄏㄧㆬ,100
歇,ㄏㄧㄜㆷ,100
歇,ㄏㆥㆷ,95
歇,ㄏㆤㆷ,90
歉,ㄎㄧㆰ˪,100
歉,ㄎㄧㆰ,95
歉,ㄎㄧㆰˋ,90
歌,ㄍㄨㄚ,100
歌,ㄍㄜ,95
歌,ㄍㄨㄞ,90
歎,ㄊㄢ˪,100
歐,ㄠ,100
歐,ㄧㄜ,95
歕,ㄅㄨㄣˊ,100
歡,ㄏㄨㆩ,100
歡,ㄏㄨㄢ,95
止,ㄐㄧˋ,100
正,ㄐㄧㆩ˪,100
正,ㄐㄧㄥ˪,95
正,ㄐㄧㆩ,90
此,ㄘㄨˋ,100
此,ㄐㄧㆫ˪,95
此,ㄗㄨˋ,90
步,ㄅㆦ˫,100
武,ㆠㄨˋ,100
歧,ㄍㄧˊ,100
歪,ㄨㄞ,100
歪,ㄨㆮ,95
歲,ㄏㄨㆤ˪,100
歲,ㄏㆤ˪,95
歲,ㄙㄨㆤ˪,90
歷,ㄌㄧㆻ8,100
歸,ㄍㄨㄧ,100
歹,ㄆㆮˋ,100
歹,ㄆㄞˋ,95
歹,ㄉㄞˋ,90
死,ㄒㄧˋ,100
死,˙ㄒㄧˋ,95
死,ㄙㄨˋ,90
殃,ㄧㆲ,100
殉,ㄙㄨㄣˊ,100
殊,ㄙㄨˊ,100
殕,ㄆㄨˋ,100
殖,ㄒㄧㆵ8,100
殖,ㄒㄧㆻ8,95
殗,ㆣㄧㄢ˫,100
殘,ㄗㄢˊ,100
殘,ㄘㄢˊ,95
殘,ㄗㄨㆩˊ,90
殭,ㄎㄧㆲ,100
殭,ㄍㄧㆲ,95
殮,ㄌㄧㆰ˫,100
殯,ㄅㄧㄣ,100
段,ㄉㄨㆩ˫,100
段,ㄉㄨㄢ˫,95
殷,ㄨㄣˊ,100
殷,ㄧㄣ,95
殷,ㄨㄣ,90
殺,ㄙㄚㆵ,100
殼,ㄎㄚㆻ,100
殼,ㄎㆦㆻ,95
殿,ㄉㄧㄢ˫,100
毀,ㄏㄨㄧˋ,100
毅,ㆣㄧ˫,100
毅,ㆣㆤ˫,95
毋,ㆬ˫,100
母,ㆠㄨˋ,100
母,ㆠㄜˋ,95
母,ㆠㄧㄜˋ,90
母,ㆠㆦˋ,85
每,ㄇㄨㄧˋ,100
毒,ㄉㆦㆻ8,100
毒,ㄊㄠ˫,95
毒,ㄉㄚㆻ8,90
比,ㄅㄧˋ,100
比,ㄆㄧˋ,95
毛,ㄇㆭˊ,100
毛,ㄇㆦˊ,95
毛,ㄇㆦ,90
毛,ㆠㄨㄣˊ,85
毛,ㄇㄧˊ,80
毛,ㄇㆭ,75
毫,ㄏㄜˊ,100
毫,ㄏㆦˊ,95
毬,ㄍㄧㄨˊ,100
毬,ㄎㄧㄨˊ,95
毯,ㄊㄢˋ,100
毽,ㄍㄧㄢ˪,100
毿,ㄙㆰ˪,100
氅,ㄘㄤˋ,100
氈,ㄐㆪ,100
氏,ㄒㄧ˫,100
氏,˙ㄒㄧ˫,95
民,ㆠㄧㄣˊ,100
氓,ㆠㄧㄣˊ,100
氛,ㄏㄨㄣ,100
氣,ㄎㄧ˪,100
氣,ㄎㄨㄧ˪,95
氧,ㄧㆲˋ,100
水,ㄗㄨㄧˋ,100
水,ㄙㄨㄧˋ,95
永,ㄧㄥˋ,100
汁,ㄐㄧㄚㆴ,100
汁,ㄗㄚㆴ,95
求,ㄍㄧㄨˊ,100
汐,ㄒㄧㆴ8,100
汐,ㄒㄧㆻ8,95
汗,ㄍㄨㆩ˫,100
汗,ㄏㄢ˫,95
汙,ㄨ,100
汙,ㄨ˪,95
汙,ㄨˋ,90
汛,ㄒㄧㄣ˪,100
江,ㄍㄤ,100
江,ㄍㄤˋ,95
池,ㄉㄧˊ,100
污,ㄨ,100
汨,ㆠㄧㆻ8,100
汪,ㆲ,100
汪,ㄋㄠㆷ8,95
汪,ㄫㄠˋ,90
汪,ㄏㆱˋ,85
汪,ㄏㆯㆷ8,80
汫,ㄐㄧㆩˋ,100
汰,ㄊㄨㄚ˫,100
汰,ㄊㄞ˪,95
汴,ㄅㄧㄢ˫,100
汴,ㄅㄢ˫,95
決,ㄍㄨㄚㆵ,100
汽,ㄎㄧ˪,100
沂,ㄍㄧㄣˊ,100
沃,ㄚㆻ,100
沈,ㄒㄧㆬˋ,100
沉,ㄉㄧㆬˊ,100
沉,ㄉㄧㆰˊ,95
沌,ㄉㄨㄣ˫,100
沐,ㆠㄚㆻ,100
沐,ㆠㆦㆻ8,95
沒,ㆠㄨㆵ8,100
沓,ㄉㄠㆷ8,100
沓,ㄉㄚㆴ8,95
沕,ㆠㄧㆵ8,100
沖,ㄑㄧㄤˊ,100
沖,ㄑㄧㆲ,95
沙,ㄙㄨㄚ,100
沙,ㄙㄚ,95
沙,ㄙㆤ,90
沙,ㄒㄧㆤ,85
沛,ㄆㄞ˪,100
沢,ㄑㄧㄜㆷ,100
沫,ㄆㄨㆤㆷ8,100
沫,ㄆㆤㆷ8,95
沬,ㆠㄧ˫,100
河,ㄏㄜˊ,100
河,ㆦˊ,95
沸,ㄏㄨㄧ˪,100
油,ㄧㄨˊ,100
治,ㄉㄧ˫,100
沼,ㄍㄨ˫,100
沼,ㄗㄠ,95
沼,ㄐㄧㄠˋ,90
沽,ㄍㆦ,100
沾,ㄗㆰ,100
沿,ㄧㄢˊ,100
況,ㄏㆲˋ,100
泄,ㄘㄨㄚ˫,100
泄,ㄒㄧㄚㆵ,95
泅,ㄒㄧㄨˊ,100
泉,ㄗㄨㆩˊ,100
泉,ㄗㄨㄢˊ,95
泊,ㄆㄧㆻ,100
泊,ㄅㆦㆻ8,95
泌,ㄅㄧ˪,100
泏,ㄗㄨㄚㆷ,100
泏,ㄗㄨㄚㆵ,95
泏,ㄗㄨㆷ,90
泓,ㄏㆲˊ,100
泔,ㆰˋ,100
法,ㄏㄨㄚㆵ,100
泛,ㄏㄨㄢ˪,100
泛,ㄏㄨㄢ˫,95
泛,ㄏㆰ˪,90
泡,ㄆㄠ˪,100
泡,ㄆㄜ,95
泡,ㄆㆦㆻ8,90
泡,ㄆㄜ˪,85
泡,ㄆㄠ,80
波,ㄆㄜ,100
泣,ㄎㄧㆴ,100
泥,ㄋㄧˊ,100
注,ㄗㄨ˪,100
注,ㄉㄨ˪,95
泮,ㄆㄨㄢ˪,100
泯,ㆠㄧㄣˋ,100
泰,ㄊㄞ˪,100
泱,ㄧㆩ,100
泱,ㄧㆲ,95
泳,ㄧㄥˋ,100
泵,ㄅㆲ˫,100
洄,ㄏㄨㆤˊ,100
洋,ㄧㆫˊ,100
洋,ㄧㆲˊ,95
洋,ㄧㆧˊ,90
洒,ㄙㆤ˪,100
洗,ㄙㆤˋ,100
洗,ㄙㄨㆤˋ,95
洘,ㄎㄜˋ,100
洘,ㄎㆦˋ,95
洘,ㄎㄜ˪,90
洛,ㄌㆦㆻ8,100
洛,ㄌㆦㆻ,95
洞,ㄉㆲ˫,100
津,ㄉㄧㄣ,100
津,ㄐㄧㄣ,95
洩,ㄒㄧㄚㆴ8,100
洩,ㄒㄧㄚㆵ,95
洪,ㄤˊ,100
洪,ㄏㆲˊ,95
洲,ㄐㄧㄨ,100
活,ㄨㄚㆷ8,100
活,ㄏㄨㄚㆵ8,95
活,ㄨㄚㆵ8,90
派,ㄆㄞ˪,100
流,ㄌㄠˊ,100
流,ㄌㄧㄨˊ,95
浙,ㄐㄧㄚㆵ,100
浞,ㄑㄧㆦㆻ8,100
浡,ㄆㄨㆷ8,100
浡,ㄆㄨ˫,95
浣,ㄨㄢ˫,100
浦,ㄆㆦˋ,100
浦,ㄆㄨ,95
浦,ㄆㄨˋ,90
浦,ㄆㄨㆷ8,85
浦,ㄆㄨㆷ,80
浩,ㄏㄜ˫,100
浪,ㄌㆲ˫,100
浪,ㄌㄤˊ,95
浮,ㄆㄨˊ,100
浮,ㄏㄨˊ,95
浯,ㄫㆦˊ,100
浴,ㄧㆻ8,100
浴,ㄧㆦㆻ8,95
海,ㄏㄞˋ,100
浸,ㄐㄧㆬ˪,100
浸,ㄐㄧㄥ˪,95
涂,ㄊㆦˊ,100
涂,ㄉㆦˊ,95
涅,ㄌㄧㄚㆴ,100
消,ㄒㄧㄠ,100
涉,ㄒㄧㄚㆴ8,100
涎,ㄒㄧㄢˊ,100
涓,ㄍㄨㄢ,100
涗,ㄙㄨㆤ˪,100
涗,ㄙㆤ˪,95
涯,ㆣㄞˊ,100
液,ㄒㄧㄜㆷ8,100
液,ㄧㆻ8,95
涵,ㆰˊ,100
涵,ㄏㆰˊ,95
涸,ㄎㆦㆻ,100
涼,ㄌㄧㄤˊ,100
涼,ㄋㄧㄨˊ,95
涼,ㄌㄧㄥˊ,90
涼,ㄌㄧㆲˊ,85
淇,ㄍㄧˊ,100
淋,ㄌㆰˊ,100
淋,ㄌㄧㆬˊ,95
淑,ㄒㄧㆦㆻ,100
淒,ㄘㆤ,100
淘,ㄉㄜˊ,100
淚,ㄌㄨㄧ˫,100
淝,ㄏㄨㄧˊ,100
淡,ㄉㆰ˫,100
淡,ㄉㆩ˫,95
淨,ㄐㄧㄥ˫,100
淪,ㄌㄨㄣˊ,100
淫,ㄧㆬˊ,100
淮,ㄏㄨㄞˊ,100
深,ㄑㄧㆬ,100
淵,ㄧㄢ,100
混,ㄏㄨㄣ˫,100
淹,ㄧㆬ,100
淺,ㄑㄧㄢˋ,100
淺,ㄎㄧㄣˋ,95
添,ㄊㄧㆰ,100
添,ㄊㆪ,95
清,ㄑㄧㄥ,100
清,ㄑㆪ,95
清,ㄘㄨㆪ,90
減,ㄍㄧㆰˋ,100
渝,ㄌㄨˊ,100
渝,ㄨˊ,95
渝,ㆡㄨˊ,90
渠,ㄍㄨˊ,100
渡,ㄉㆦ˫,100
渡,ㄉㄠ˫,95
渣,ㄗㆤ,100
渧,ㄉㆤ˪,100
測,ㄑㄧㆻ,100
渭,ㄨㄧ˫,100
港,ㄍㄤˋ,100
渴,ㄎㄨㄚㆷ,100
渴,ㄎㄚㆵ,95
游,ㄧㄨˊ,100
渺,ㆠㄧㄠˋ,100
渾,ㄏㄨㄣˊ,100
湄,ㆠㄧˊ,100
湖,ㆦˊ,100
湖,ㄏㆦˊ,95
湖,ㄫㆦˊ,90
湘,ㄒㄧㆲ,100
湠,ㄊㄨㆩ˪,100
湢,ㄅㄧㆷ,100
湧,ㄧㄥˋ,100
湧,ㄧㆲˋ,95
湮,ㄧㄢ,100
湯,ㄊㆭ,100
湯,ㄊㆲ,95
湳,ㄌㆰ˪,100
溉,ㄍㄞ˪,100
源,ㆣㄨㄢˊ,100
準,ㄗㄨㄣˋ,100
溜,ㄌㄧㄨ,100
溜,ㄌㄧㄨ˪,95
溝,ㄍㄠ,100
溝,ㄍㆦ,95
溡,ㄑㄧˊ,100
溢,ㄧㆻ,100
溪,ㄎㆤ,100
溪,ㄎㄨㆤ,95
溪,ㄎㆥ,90
溫,ㄨㄣ,100
溯,ㄙㆦ˪,100
溶,ㄧㆫˊ,100
溶,ㄧㆲˊ,95
溶,ㄧㆧˊ,90
溺,ㄌㄧㆻ8,100
溼,ㄒㄧㆴ,100
滂,ㄆㆲ˫,100
滂,ㄅㆲ˫,95
滄,ㄘㆲ,100
滅,ㆠㄧㄚㆵ8,100
滇,ㄉㆪ˫,100
滇,ㄉㄧㄢ,95
滋,ㄗㄨ,100
滑,ㄍㄨㆵ8,100
滒,ㄍㄜ˫,100
滓,ㄉㄞˋ,100
滓,ㄌㄞˋ,95
滓,ㄗㆮˋ,90
滬,ㄏㆦ˫,100
滯,ㄉㄨ˪,100
滯,ㄉㄧ˫,95
滲,ㄒㄧㆰ˪,100
滴,ㄉㄧㆷ,100
滴,ㄉㄧㆻ,95
滷,ㄌㆦˋ,100
滸,ㄏㆦˋ,100
滾,ㄍㄨㄣˋ,100
滿,ㄇㄨㄚˋ,100
滿,ㆠㄨㄢˋ,95
漁,ㄏㄧˊ,100
漁,ㄏㄨˊ,95
漁,ㆣㄨˊ,90
漂,ㄆㄧㄜ˪,100
漂,ㄆㄧㄠ,95
漂,ㄆㄧㄠ˪,90
漂,ㄅㄧㄜ,85
漆,ㄘㄚㆵ,100
漉,ㄌㆦㆻ8,100
漉,ㄌㆦㆻ,95
漏,ㄌㄠ˫,100
漏,ㄌㆦ˫,95
演,ㄧㄢˋ,100
漖,ㄍㄚ˪,100
漚,ㄠ˪,100
漚,ㄠ,95
漚,ㄠˋ,90
漠,ㆠㆦㆻ8,100
漠,ㆠㆦˊ,95
漢,ㄏㄢ˪,100
漢,ㄏㄢ˫,95
漩,ㄙㄨㄢ˫,100
漩,ㄙㄨㄢ,95
漫,ㆠㄢ˫,100
漱,ㄙㄨㄚㆷ,100
漲,ㄉㄧㆫ˪,100
漲,ㄉㄧㆲ˪,95
漲,ㄉㄧㆧ˪,90
漳,ㄐㄧㄤ,100
漳,ㄐㄧㆲ,95
漸,ㄐㄧㆰ˫,100
漾,ㄧㆲ˫,100
漿,ㄐㄧㆫ,100
漿,ㄐㄧㆲ,95
漿,ㄐㄧㆧ,90
潑,ㄆㄨㄚㆷ,100
潑,ㄆㄨㄚㆵ,95
潔,ㄍㄧㄚㆵ,100
潘,ㄆㄨㄣ,100
潘,ㄆㄨㆩ,95
潘,ㄆㄨㄢ,90
潛,ㄐㄧㆰˊ,100
潟,ㄒㄧㆻ,100
潢,ㄏㆲˊ,100
潤,ㆡㄨㄣ˫,100
潤,ㄌㄨㄣ˫,95
潦,ㄌㄜˋ,100
潭,ㄊㆰˊ,100
潮,ㄉㄧㄠˊ,100
潮,ㄉㄧㄠ,95
潮,ㄉㄧㄜˊ,90
潰,ㄎㄨㄧ˪,100
潰,ㄏㄨㄧ˫,95
潰,ㄏㄨㄧ˪,90
潲,ㄒㄧㄠˊ,100
潺,ㄘㄢ,100
澀,ㄒㄧㄚㆴ,100
澄,ㄉㄧㄥˊ,100
澈,ㄊㄧㄚㆵ,100
澍,ㄘㄨ˫,100
澎,ㄆㆥˊ,100
澎,ㄆㆪˊ,95
澗,ㄍㄢˋ,100
澗,ㄍㄢ˪,95
澡,ㄗㄜˋ,100
澤,ㄉㄧㆻ8,100
澩,ㄏㆯㆷ8,100
澳,ㄜ˪,100
澳,ㄨ˪,95
澹,ㄉㆰˊ,100
激,ㄍㄧㆻ,100
激,ㄍㄧㆻ8,95
激,ㄎㄧㆻ,90
濁,ㄌㄜˊ,100
濁,ㄉㆦㆻ8,95
濁,ㄉㄚㆻ8,90
濃,ㄌㆲˊ,100
濃,ㄌㆲ,95
濆,ㆠㄨㄣ˪,100
濛,ㆠㆲˊ,100
濟,ㄗㆤ˫,100
濟,ㄗㆤ˪,95
濟,ㄗㄨㆤ˫,90
濤,ㄉㆦˊ,100
濤,ㄉㄜˊ,95
濫,ㄌㆰ˫,100
濱,ㄅㄧㄣ,100
濺,ㄗㄨㆩ˫,100
濾,ㄌㄧ˫,100
瀆,ㄉㆦㆻ8,100
瀉,ㄒㄧㄚ˪,100
瀑,ㄅㆦㆻ8,100
瀑,ㄆㆦㆻ8,95
瀕,ㄅㄧㄣˊ,100
瀘,ㄌㄨ˫,100
瀚,ㄏㄢ˫,100
瀛,ㄧㄥˊ,100
瀟,ㄒㄧㄠ,100
瀧,ㄌㄧㆲˊ,100
瀨,ㄌㄨㄚ˫,100
瀳,ㄑㆪˊ,100
瀾,ㄋㄨㄚ˫,100
瀾,ㄌㄢˊ,95
瀾,ㄌㄧㄢˊ,90
灇,ㄗㄤˊ,100
灌,ㄍㄨㄢ˪,100
灑,ㄙㄚˋ,100
灘,ㄊㄨㆩ,100
灘,ㄊㄢ,95
灣,ㄨㄢˊ,100
灣,ㄨㄢ,95
火,ㄏㄨㆤˋ,100
火,ㄏㆤˋ,95
火,ㄏㆧˋ,90
灰,ㄏㄨㆤ,100
灰,ㄏㆤ,95
灶,ㄗㄠ˪,100
灶,ㄗㄜ˪,95
灸,ㄍㄨ˪,100
災,ㄗㄞ,100
災,ㄗㆤ,95
炊,ㄘㄨㆤ,100
炊,ㄘㆤ,95
炎,ㄧㆰ˫,100
炒,ㄘㄚˋ,100
炒,ㄘㄠˋ,95
炕,ㄎㆲ˪,100
炙,ㄐㄧㄚ˪,100
炤,ㄑㄧㄜ˫,100
炫,ㄏㄧㄢ˫,100
炭,ㄊㄨㆩ˪,100
炮,ㄆㄠ˪,100
炯,ㄍㄧㄥˋ,100
炰,ㄅㄨˊ,100
炱,ㄉㆤ,100
炳,ㄅㄧㄥˋ,100
炸,ㄗㄚ˪,100
炸,ㄗㄨㆩ˪,95
炸,ㄐㄧㄚㆷ8,90
炸,ㄑㄧㄚ,85
炸,ㄗㄚㆷ,80
為,ㄨㄧ˫,100
為,ㄨㄧˊ,95
烈,ㄌㄧㄚㆵ8,100
烌,ㄏㄨ,100
烏,ㆦ,100
烏,ㄨ,95
烘,ㄏㄤ,100
烘,ㄏㆲ˫,95
烘,ㄏㆲ,90
烙,ㄌㄜ˫,100
烙,ㄌㆦㆻ8,95
烤,ㄎㄜˋ,100
烰,ㄆㄨˊ,100
烹,ㄆㄧㄥ,100
烽,ㄏㆲ,100
焐,ㄨ˪,100
焗,ㄍㆦㆻ8,100
焙,ㄅㄨㆤ˫,100
焙,ㄅㆤ˫,95
焚,ㄏㄨㄣˊ,100
焠,ㄘㄨㆷ,100
焠,ㄘㄨㄧ˪,95
無,ㆠㄜˊ,100
無,ㆠㄨˊ,95
無,˙ㆠㄜˊ,90
焦,ㄉㄚ,100
焦,ㄋㄚ,95
焦,ㄐㄧㄠ,90
焦,ㄉㆩ,85
焰,ㄧㆰ˫,100
焱,ㄧㆩ˫,100
然,ㆢㄧㄢˊ,100
然,ㄌㄧㄢˊ,95
煉,ㄌㄧㄢ˫,100
煌,ㄏㆲˊ,100
煎,ㄐㄧㄢ,100
煎,ㄗㄨㆩ,95
煏,ㄅㄧㄚㆻ,100
煖,ㄌㄨㄢˋ,100
煙,ㄧㄢ,100
煞,ㄙㄨㄚㆷ,100
煞,ㄙㆩㆷ,95
煞,ㄙㄚㆵ,90
煠,ㄙㄚㆷ8,100
煠,ㄙㄚㆷ,95
煠,ㄙㄚ˫,90
煡,ㄎㄧㆵ8,100
煤,ㄇㄨㆤˊ,100
煥,ㄏㄨㄢ˪,100
照,ㄐㄧㄠ˪,100
照,ㄐㄧㄜ˪,95
煨,ㄨㆤ,100
煩,ㄏㄨㄢˊ,100
煬,ㄧㄤ˫,100
煬,ㄧㆲˊ,95
煮,ㄗㄨˋ,100
煮,ㄐㄧˋ,95
煽,ㄒㄧㄢ˪,100
熁,ㄏㆩㆷ,100
熁,ㄏㄚㆷ,95
熄,ㄒㄧㆵ,100
熇,ㄏㄜ,100
熊,ㄏㄧㆬˊ,100
熏,ㄏㄨㄣ,100
熔,ㄧㆫˊ,100
熔,ㄧㆲˊ,95
熗,ㄑㄧㄥ˪,100
熙,ㄏㄧ,100
熟,ㄒㄧㆻ8,100
熟,ㄒㄧㆦㆻ8,95
熥,ㄊㆭ˫,100
熥,ㄊㄤ,95
熥,ㄌㄤ,90
熥,ㄊㄨㆪ˫,85
熨,ㄨㆵ,100
熬,ㆣㄜˊ,100
熱,ㆢㄧㄚㆵ8,100
熱,ㆡㄨㄚㆷ8,95
熱,ㄌㄧㄚㆵ8,90
熱,ㄌㄨㄚㆷ8,85
熱,ㆡㄨㄚ˫,80
熹,ㄏㄧ,100
燃,ㄏㄧㆩˊ,100
燃,ㆢㄧㄢˊ,95
燃,ㄌㄧㄢˊ,90
燄,ㄧㆰ˫,100
燈,ㄉㄧㄥ,100
燉,ㄉㄨㄣ˫,100
燒,ㄒㄧㄜ,100
燕,ㄧㄢ˪,100
燕,ㆪ˪,95
燕,ㄧㄢ,90
燖,ㄉㄧㆬ˫,100
燙,ㄊㆭ˪,100
燜,ㆠㄨㄣ˫,100
營,ㄧㆩˊ,100
營,ㄧㄥˊ,95
燥,ㄙㄜ˪,100
燦,ㄘㄢ˪,100
燭,ㄐㄧㆻ,100
燭,ㄐㄧㆦㆻ,95
爁,ㄋㄚㆷ,100
爁,ㄋㄚ˪,95
爆,ㄅㆦㆻ8,100
爍,ㄒㄧㆷ,100
爍,ㄒㆪㆷ,95
爐,ㄌㆦˊ,100
爛,ㄋㄨㄚ˫,100
爛,ㄌㄢ˫,95
爪,ㆢㄧㄠˋ,100
爪,ㄋㄧㄠˋ,95
爪,ㄌㄧㄠˋ,90
爪,ㆣㄧㄠˋ,85
爬,ㄅㆤˊ,100
爭,ㄐㄧㄥ,100
爭,ㄗㆥ,95
爭,ㄐㆪ,90
爵,ㄐㄧㆦㆻ,100
爵,ㄐㄧㆻ,95
父,ㄏㄨ˫,100
爸,ㄅㆤ˫,100
爸,ㄅㄚㆷ,95
爸,ㄅㄚˊ,90
爸,ㄅㄚ,85
爸,ㄅㄚˋ,80
爹,ㄉㄧㄚ,100
爺,ㄧㄚˊ,100
爻,ㄫㄠˊ,100
爽,ㄙㆲˋ,100
爽,ㄙㆭˋ,95
爾,ㄋㄧㄚ˫,100
爾,ㄋㄧ˫,95
爾,ㄋㄧˋ,90
爿,ㄅㄧㄥˊ,100
爿,ㄅㄧㄣˊ,95
牆,ㄑㄧㆫˊ,100
牆,ㄑㄧㆲˊ,95
牆,ㄑㄧㆧˊ,90
片,ㄆㆪ˪,100
片,ㄆㄧㄢ˪,95
版,ㄅㄢˋ,100
牌,ㄅㄞˊ,100
牒,ㄉㄧㄚㆴ8,100
牘,ㄉㆦㆻ8,100
牙,ㆣㆤˊ,100
牙,ㆣㄚˊ,95
牚,ㄊㆥ˪,100
牚,ㄊㆪ˪,95
牚,ㄊㄧ˪,90
牛,ㆣㄨˊ,100
牛,ㆣㄧㄨˊ,95
牟,ㆠㆦˊ,100
牡,ㆠㆦˋ,100
牢,ㄉㄧㄠˊ,100
牢,ㄌㄜˊ,95
牧,ㆠㆦㆻ8,100
物,ㄇㄧㆷ8,100
物,ㄇㄧㆷ,95
物,ㆠㄨㆵ8,90
物,ㄇㆭㆷ8,85
物,ㄇㄧ˫,80
物,ㄇㄧˋ,75
物,ㄇㆭ˫,70
物,ㆠㄧㄣ˪,65
牯,ㄍㆦˋ,100
牲,ㄒㄧㄥ,100
牲,ㄙㆥ,95
牲,ㄒㆪ,90
特,ㄉㄧㆻ8,100
牽,ㄎㄢ,100
牽,ㄎㄧㄢ,95
犀,ㄙㄞ,100
犀,ㄙㆤ,95
犁,ㄌㆤˊ,100
犁,ㄌㄨㆤˊ,95
犅,ㄍㄤˋ,100
犒,ㄎㄜ˪,100
犢,ㄉㆦㆻ8,100
犧,ㄏㄧ,100
犬,ㄎㄧㄢˋ,100
犯,ㄏㄨㄢ˫,100
狀,ㄐㄧㆲ˫,100
狀,ㄗㆲ˫,95
狀,ㄗㆭ˫,90
狂,ㄍㆲˊ,100
狄,ㄉㄧㆻ8,100
狎,ㄚㆴ8,100
狐,ㄏㆦˊ,100
狗,ㄍㄠˋ,100
狗,ㄍㆦˋ,95
狡,ㄍㄠˋ,100
狩,ㄒㄧㄨ˪,100
狸,ㄌㄧˊ,100
狹,ㆤㆷ8,100
狹,ㄏㄧㄚㆴ8,95
狹,ㄨㆤㆷ8,90
狹,ㆤ˫,85
狼,ㄌㆲˊ,100
狼,ㄌㄧㆲˊ,95
狽,ㄅㄨㆤ˫,100
猊,ㄌㄧˊ,100
猊,ㆢㄧˊ,95
猌,ㆣㄧㄣ˫,100
猖,ㄑㄧㆲ,100
猛,ㄇㆤˋ,100
猛,ㆠㄧㄥˋ,95
猜,ㄘㄞ,100
猩,ㄒㄧㄥ,100
猫,ㆠㄚˊ,100
猴,ㄍㄠˊ,100
猶,ㄧㄠˋ,100
猶,ㄧㄨ,95
猶,ㄧㄨˊ,90
猶,ㄚˋ,85
猶,ㄧㄚˋ,80
猶,ㄧㄚㆷ,75
猶,ㄚㆷ,70
猾,ㄍㄨㆵ8,100
猿,ㄨㄢˊ,100
獄,ㆣㄚㆻ8,100
獄,ㆣㄧㆻ8,95
獅,ㄙㄞ,100
獎,ㄐㄧㆲˋ,100
獎,ㄐㄧㄤˋ,95
獠,ㄌㄧㄠˊ,100
獨,ㄉㆦㆻ8,100
獨,ㄉㄚㆻ8,95
獲,ㄏㄧㆻ8,100
獵,ㄌㄚㆷ8,100
獵,ㄌㄧㄚㆴ8,95
獸,ㄒㄧㄨ˪,100
獺,ㄊㄨㄚㆷ,100
獻,ㄏㄧㄢ˪,100
玄,ㄏㄧㄢˊ,100
率,ㄌㄨㆵ8,100
率,ㄙㄨㆵ,95
玉,ㆣㄧㆦㆻ8,100
玉,ㆣㄧㆻ8,95
王,ㆲˊ,100
玩,ㄨㄢˋ,100
玩,ㆣㄨㄢˋ,95
玫,ㄇㄨㄧˊ,100
玲,ㄌㄧㄣ,100
玲,ㄌㄧㄥˊ,95
玲,ㄌㄧㄣˊ,90
玻,ㄅㄜ,100
珊,ㄙㄨㄢ,100
珊,ㄙㄢ,95
珍,ㄉㄧㄣ,100
珍,ㄐㄧㄣ,95
珞,ㄌㆦㆻ8,100
珠,ㄗㄨ,100
班,ㄅㄢ,100
珮,ㄅㄨㆤ˪,100
現,ㄏㄧㄢ˫,100
現,ㄏㄧㄢ˪,95
球,ㄍㄧㄨˊ,100
球,ㄎㄧㄨˊ,95
理,ㄌㄧˋ,100
琉,ㄌㄧㄨˊ,100
琢,ㄉㆦㆻ,100
琦,ㄍㄧˊ,100
琪,ㄍㄧˊ,100
琳,ㄌㄧㆬˊ,100
琴,ㄎㄧㆬˊ,100
琵,ㄅㄧˊ,100
琶,ㄅㆤˊ,100
琶,ㄅㄚˊ,95
琺,ㄏㄨㄚㆵ,100
瑄,ㄙㄨㄢ,100
瑋,ㄨㄧˋ,100
瑕,ㄏㄚˊ,100
瑙,ㄌㄜˋ,100
瑚,ㆦˊ,100
瑚,ㄌㆦˊ,95
瑛,ㄧㄥ,100
瑜,ㆡㄨˊ,100
瑜,ㄌㄨˊ,95
瑜,ㄨˊ,90
瑞,ㄙㄨㄧ˫,100
瑞,ㄗㄨㄧˋ,95
瑟,ㄒㄧㆻ,100
瑟,ㄒㄧㆵ,95
瑠,ㄌㄧㄨˊ,100
瑣,ㄙㄜˋ,100
瑤,ㄧㄠˊ,100
瑩,ㄧㄥˊ,100
瑪,ㄇㄚˋ,100
瑪,ㆠㆤˋ,95
瑯,ㄌㆲ,100
瑯,ㄌㆲˊ,95
瑰,ㄍㄨㄧ˪,100
璃,ㄌㆤˊ,100
璃,ㄌㄧˊ,95
璇,ㄙㄨㄢ˫,100
璋,ㄐㄧㆲ,100
璜,ㄏㆲˊ,100
璞,ㄆㆦㆻ,100
璞,ㄆㄜㆷ,95
環,ㄎㄨㄢˊ,100
環,ㄏㄨㄢˊ,95
璿,ㄙㄨㄢˊ,100
瓊,ㄎㄧㄥˊ,100
瓊,ㄎㄧㆲˊ,95
瓜,ㄍㄨㆤ,100
瓜,ㄍㄨㄚ,95
瓠,ㄅㄨˊ,100
瓠,ㄅㄨㄧˊ,95
瓢,ㄆㄧㄜˊ,100
瓣,ㆠㄢ˫,100
瓣,ㄅㄢ˫,95
瓤,ㄋㆭˊ,100
瓤,ㄌㄧㆲˊ,95
瓤,ㆢㄧㆲˊ,90
瓤,ㄋㆭ˫,85
瓦,ㄏㄧㄚ˫,100
瓦,ㄨㄚˋ,95
瓦,ㄏㄨㄚ˫,90
瓦,ㄏㄠ˫,85
瓶,ㄅㄢˊ,100
瓷,ㄏㄨㄧˊ,100
甄,ㄐㄧㄣ,100
甌,ㄠ,100
甍,ㆠㆲ˪,100
甓,ㄆㄧㄚㆷ8,100
甕,ㄤ˪,100
甕,ㄅㆥˊ,95
甘,ㄍㆰ,100
甘,ㄌㆰ,95
甚,ㄒㄧㆬ˫,100
甜,ㄉㆪ,100
生,ㄒㄧㄥ,100
生,ㄙㆥ,95
生,ㄒㆪ,90
生,ㄘㆥ,85
生,ㄑㆪ,80
產,ㄙㄢˋ,100
甥,ㄒㄧㄥ,100
甦,ㄙㆦ,100
用,ㄧㆲ˫,100
用,ㄧㄥ˫,95
甪,ㄌㄨㆵ,100
甫,ㄏㄨˋ,100
甭,ㆠㄤ˪,100
田,ㄘㄢˊ,100
田,ㄉㄧㄢˊ,95
田,ㄉㄧㄢ˫,90
田,ㄧㄢˊ,85
由,ㄧㄨˊ,100
甲,ㄍㄚㆷ,100
甲,ㄍㄚㆴ,95
申,ㄒㄧㄣ,100
男,ㄌㆰˊ,100
甸,ㄉㄧㄢ˫,100
町,ㄉㄧㄥ,100
界,ㄍㆤ˪,100
界,ㄍㄞ˪,95
界,ㄍㄨㆤ˪,90
畏,ㄨㄧ˪,100
畔,ㄅㄨㄢ˫,100
留,ㄌㄠˊ,100
留,ㄌㄧㄨˊ,95
畚,ㄅㄨㄣ˪,100
畚,ㄅㄨㄣ˫,95
畜,ㄊㄧㆻ,100
畜,ㄊㄧㆦㆻ,95
畝,ㆠㆦˋ,100
畢,ㄅㄧㆵ,100
略,ㄌㄧㄜㆷ8,100
略,ㄌㄧㆦㆻ8,95
番,ㄏㄨㄢ,100
番,ㄏㄢ,95
番,ㄢ,90
畫,ㄨㆤ˫,100
畫,ㄨㄧ˫,95
異,ㄧ˫,100
異,ㆪ˫,95
當,ㄉㄤ˪,100
當,ㄉㆭ,95
當,ㄉㆲ,90
當,ㄉㄤ,85
當,ㄉㆲ˪,80
當,ㄉㆭ˪,75
疆,ㄍㄧㆲ,100
疇,ㄉㄧㄨˊ,100
疊,ㄊㄚㆷ8,100
疊,ㄊㄧㄚㆴ8,95
疊,ㄊㄧㄚㆴ,90
疏,ㄙㆦ,100
疏,ㄙㆤ,95
疏,ㄙㆦ˪,90
疑,ㆣㄧˊ,100
疔,ㄉㄧㄥ,100
疕,ㄆㄧˋ,100
疤,ㄅㄚ,100
疥,ㄍㆤ˪,100
疥,ㄍㄨㆤ˪,95
疧,ㄎㄧˊ,100
疫,ㄧㆻ8,100
疫,ㄧㄚㆷ8,95
疱,ㄆㄚ˫,100
疲,ㄆㄧˊ,100
疳,ㄍㆰ,100
疵,ㄘㄨˊ,100
疶,ㄘㄨㄚㆷ,100
疸,ㄊㄢˋ,100
疹,ㄐㄧㄣˋ,100
疼,ㄊㄧㆩ˪,100
疾,ㄐㄧㆵ8,100
疾,ㄐㄧㆻ8,95
痀,ㄍㄨ,100
病,ㄅㆥ˫,100
病,ㄅㆪ˫,95
病,ㄅㄧㄥ˫,90
症,ㄐㄧㄥ˪,100
痔,ㄉㄧ˫,100
痕,ㄏㄨㄣˊ,100
痘,ㄉㆦ˫,100
痘,ㄉㄠ˫,95
痚,ㄏㆤ,100
痛,ㄊㄤ˪,100
痛,ㄊㆲ˪,95
痞,ㄆㄧˋ,100
痟,ㄒㄧㄠˋ,100
痟,ㄒㄧㄠ,95
痠,ㄙㆭ,100
痡,ㄅㆦˊ,100
痢,ㄌㄧ˫,100
痣,ㄍㄧ˪,100
痧,ㄙㄨㄚ,100
痰,ㄊㆰˊ,100
痱,ㄅㄨㄧ˪,100
痲,ㄇㄨㄚˊ,100
痲,ㄇㄚˊ,95
痲,ㆠㄚˊ,90
痴,ㄑㄧ,100
痹,ㄅㄧ˪,100
痺,ㄅㄧ˪,100
痻,ㄧㄣ,100
痻,ㄨㄣ,95
痻,ㄏㄨㄣ,90
瘋,ㄏㆲ,100
瘋,ㄏㄨㄤ,95
瘍,ㄧㆲˊ,100
瘟,ㄨㄣ,100
瘡,ㄘㆭ,100
瘡,ㄘㆲ,95
瘤,ㄌㄧㄨˊ,100
瘦,ㄙㄢˋ,100
瘦,ㄙㆦˋ,95
瘰,ㄌㄨㄧ˪,100
瘰,ㄌㄧˋ,95
瘰,ㆠㄧˋ,90
瘸,ㄎㄨㆤˊ,100
瘸,ㄎㆤˊ,95
瘸,ㄎㄨㆤ,90
瘼,ㄇㆦㆷ8,100
瘼,ㄇㆦ˪,95
瘼,ㄇㆦ˫,90
瘼,ㄇㆦㆷ,85
瘼,ㄋㄚ˪,80
癀,ㄏㆲˊ,100
療,ㄌㄧㄠˊ,100
癆,ㄌㄜˊ,100
癉,ㄉㄢ,100
癌,ㆣㆰˊ,100
癖,ㄆㄧㄚㆷ,100
癖,ㄆㄧㄚㆷ8,95
癖,ㄆㄧㄚ˫,90
癗,ㄌㄨㄧˊ,100
癜,ㄉㄧㄜ˫,100
癜,ㄉㄧㄜ˪,95
癡,ㄑㄧ,100
癢,ㄐㄧㆫ˫,100
癢,ㄧㆲˋ,95
癢,ㄐㄧㆧ˫,90
癧,ㄌㄚㆵ8,100
癩,ㄊㄞˋ,100
癬,ㄒㄧㄢˋ,100
癮,ㆣㄧㄢ˪,100
癮,ㄧㄣˋ,95
癰,ㄧㄥ,100
癲,ㄉㄧㄢ,100
癸,ㄍㄨㄧˋ,100
癸,ㄍㄨㄧ˪,95
登,ㄉㄧㄥ,100
發,ㄏㄨㄚㆵ,100
發,ㄅㄨㆷ,95
發,ㄏㄨㄚㆵ8,90
白,ㄅㆤㆷ8,100
白,ㄅㄧㆻ8,95
白,ㄅㆤ˫,90
白,ㄅㄨㆤㆷ8,85
百,ㄅㄚㆷ,100
百,ㄅㆤㆷ,95
百,ㄅㄧㆻ,90
皂,ㄗㄜ˫,100
的,ㆤˊ,100
的,˙ㆤˊ,95
的,ㄉㄧㆻ,90
的,ㄉㄧㆻ8,85
皆,ㄍㄞ,100
皇,ㄏㆲˊ,100
皎,ㄍㄧㄠˋ,100
皓,ㄏㆦ˫,100
皓,ㄏㄜ˫,95
皙,ㄒㄧㆻ,100
皮,ㄆㄨㆤˊ,100
皮,ㄆㆤˊ,95
皮,ㄆㄧˊ,90
皮,ㄅㄧˊ,85
皺,ㆢㄧㄠˊ,100
皺,ㄌㄧㄠˊ,95
盃,ㄅㄨㆤ,100
盆,ㄆㄨㄣˊ,100
盈,ㄧㄥˊ,100
益,ㄧㆻ,100
益,ㄧㄚㆷ,95
盍,ㄎㄚㆷ,100
盒,ㄚㆴ8,100
盒,ㄚㆷ8,95
盔,ㄎㄨㆤ,100
盛,ㄒㄧㄥ˫,100
盛,ㄒㄧㆩ˫,95
盜,ㄉㄜ˫,100
盞,ㄗㄨㆩˋ,100
盞,ㄗㄢˋ,95
盟,ㆠㄧㄥˊ,100
盡,ㄐㄧㄣ˫,100
盡,ㄐㄧㄣ˪,95
監,ㄍㆰ˪,100
監,ㄍㆩ,95
監,ㄍㆰ,90
監,ㄍㄚ,85
盤,ㄅㄨㆩˊ,100
盤,ㄆㄨㄢˊ,95
盤,ㄅㄨㄢˊ,90
盦,ㆰˊ,100
盧,ㄌㆦˊ,100
盪,ㄉㆭ˫,100
盪,ㄉㆲ˫,95
目,ㆠㄚㆻ8,100
目,ㆠㆦㆻ8,95
目,ㆠㄨㄧ,90
盯,ㄉㄧㄥ˪,100
盲,ㄇㆤˊ,100
盲,ㆠㆲˊ,95
盲,ㄇㆦˊ,90
盲,ㄇㄧˊ,85
直,ㄉㄧㆵ8,100
相,ㄒㄧㄜ,100
相,ㄒㄧㆲ,95
相,ㄒㄧㆲ˪,90
相,ㄙㆩ,85
相,ㄒㄧㆫ˪,80
相,ㄒㄧㆫ,75
相,ㄒㄧㆲ˫,70
相,ㄒㄧㄤ,65
相,ㄒㄧㆧ,60
相,ㄒㄧㄨ,55
相,ㄒㄧㄤ˪,50
相,ㄒㄧㆧ˪,45
盹,ㄉㄨㆷ,100
盼,ㄆㄢ˪,100
盾,ㄉㄨㄣˋ,100
省,ㄒㄧㄥˋ,100
眉,ㆠㄞˊ,100
眉,ㆠㄧˊ,95
看,ㄎㄨㆩ˪,100
看,ㄎㄢ˪,95
看,ㄎㄨㄢ˪,90
真,ㄐㄧㄣ,100
眠,ㆠㄧㄣˊ,100
眠,ㆠㄧㄢˊ,95
眠,ㄇㆭˊ,90
眠,ㄇㄧˊ,85
眨,ㄘㄚㆴ8,100
眩,ㄏㄧㄣˊ,100
眯,ㆠㄧˊ,100
眵,ㄘㄨㆷ,100
眷,ㄍㄨㄢ˪,100
眼,ㆣㄢˋ,100
眼,ㆣㄧㄥˋ,95
眼,ㄍㄧㄥˋ,90
眼,ㄫㄞˋ,85
眾,ㄐㄧㆲ˪,100
眾,ㄐㄧㄥ˪,95
着,ㄉㄧㄜㆷ8,100
睏,ㄎㄨㄣ˪,100
睚,ㄍㆮˊ,100
睛,ㄐㄧㄥ,100
睡,ㄗㄨㆤ˫,100
睡,ㄙㄨㄧ˫,95
睡,ㄗㆤ˫,90
督,ㄉㆦㆻ,100
睦,ㆠㆦㆻ8,100
睨,ㆣㄧㄣˊ,100
睨,ㆣㄨㄣˊ,95
睫,ㄐㄧㄚㆷ,100
睫,ㄐㄧㄚㆴ8,95
睭,ㄐㄧㄨ,100
睹,ㄉㆦˋ,100
睿,ㆡㄨㆤ˫,100
瞅,ㄑㄧㄨ,100
瞌,ㄎㆤㆷ,100
瞌,ㄍㄚ,95
瞌,ㄎㄨㆤㆷ,90
瞞,ㄇㄨㄚˊ,100
瞪,ㄉㆥ˪,100
瞪,ㄉㆪ˪,95
瞬,ㄙㄨㄣ˪,100
瞭,ㄌㄧㄠˊ,100
瞭,ㄌㄧㄜˋ,95
瞭,ㄌㄧㄠˋ,90
瞳,ㄉㆲˊ,100
瞻,ㄐㄧㆰ,100
瞿,ㄎㄨˊ,100
矇,ㆠㆲˊ,100
矛,ㄇㄠˊ,100
矛,ㄇㆦˊ,95
矜,ㄎㄧㆬ,100
矜,ㄍㄧㄥ,95
矢,ㄒㄧˋ,100
矣,˙ㄚㆷ,100
矣,ㄚㆷ,95
知,ㄗㄞ,100
知,ㄉㄧ,95
矩,ㄍㄧˋ,100
矩,ㄍㄨˋ,95
短,ㄉㆤˋ,100
短,ㄉㄨㄢˋ,95
矮,ㆤˋ,100
矮,ㄨㆤˋ,95
矯,ㄍㄧㄠˋ,100
石,ㄐㄧㄜㆷ8,100
石,ㄒㄧㆻ8,95
石,ㄒㄧㄚㆷ8,90
石,ㄒㄧㆷ8,85
石,ㄐㄧㄜ˫,80
石,ㄒㄧㄚ˫,75
矸,ㄍㄢ,100
砂,ㄙㄨㄚ,100
砂,ㄙㆤ,95
砃,ㄉㄢ,100
砉,ㄏㄨㄚㆷ,100
砌,ㄍㄧㆷ,100
砍,ㄎㆰˋ,100
砒,ㄆㄧ,100
砒,ㄆㆪˊ,95
研,ㆣㄧㄢˋ,100
研,ㆣㄧㄥˋ,95
研,ㄫㄞˋ,90
研,ㄫㄨㄧˋ,85
研,ㆣㄢˋ,80
砛,ㆣㄧㆬˊ,100
砣,ㄉㆦˊ,100
砣,ㄉㄜˊ,95
砧,ㄉㄧㆰ,100
砰,ㄆㄧㄥ,100
砲,ㄆㄠ˪,100
破,ㄆㄨㄚ˪,100
破,ㄆㄜ˪,95
硃,ㄗㄨ,100
硐,ㄉㆲ˫,100
硓,ㄌㆦˋ,100
硝,ㄒㄧㄠ,100
硞,ㄎㆦㆻ8,100
硞,ㄎㆦㆻ,95
硩,ㄉㆤㆷ,100
硫,ㄌㄧㄨˊ,100
硬,ㄫㆤ˫,100
硬,ㄫㄧ˫,95
硬,ㆣㄧㄥ˫,90
硯,ㄏㆪ˫,100
硼,ㄆㄧㄥˊ,100
硼,ㄅㄧㄥˊ,95
硿,ㄍㆭˋ,100
碇,ㄉㄧㆩ˫,100
碇,ㄉㄧㄥ˫,95
碇,ㄉㄧㆩ˪,90
碉,ㄉㄧㄠ,100
碌,ㄌㆦㆻ8,100
碌,ㄌㄧㆻ8,95
碎,ㄘㄨㄧ˪,100
碑,ㄅㄧ,100
碓,ㄉㄨㄧ˪,100
碖,ㄌㄨㄣˋ,100
碗,ㄨㆩˋ,100
碗,ㄨㆮˋ,95
碟,ㄉㄧㄚㆴ8,100
碟,ㄉㄧㆷ8,95
碡,ㄉㄚㆻ8,100
碣,ㄎㄚㆵ,100
碣,ㄎㄧㄚㆵ,95
碧,ㄆㄧㆻ,100
碩,ㄒㄧㆻ8,100
碩,ㄒㄧㆻ,95
碭,ㄊㆭ˫,100
碰,ㄅㆲ˫,100
碰,ㄆㆲ˪,95
碳,ㄊㄨㆩ˪,100
確,ㄎㄚㆻ,100
確,ㄎㄧㄚㆻ8,95
碼,ㆠㆤˋ,100
碼,ㄇㄚˋ,95
碾,ㄌㄧㄢˋ,100
磁,ㄗㄨˊ,100
磅,ㄅㆲ˫,100
磅,ㄆㆲˋ,95
磊,ㄌㄨㄧˋ,100
磋,ㄘㄜ,100
磐,ㄅㄨㆩˊ,100
磐,ㄆㄨㄢˊ,95
磕,ㄎㄚㆴ8,100
磚,ㄗㆭ,100
磚,ㄗㄨㄢ,95
磚,ㄗㄨㆪ,90
磟,ㄌㄚㆻ8,100
磨,ㆠㄨㄚˊ,100
磨,ㆠㄜ˫,95
磨,ㄇㆦˊ,90
磯,ㄍㄧ,100
磺,ㄏㆲˊ,100
磺,ㆭˊ,95
礁,ㄉㄚ,100
礁,ㄉㆩ,95
礁,ㄐㄧㄠ,90
礎,ㄘㆦˋ,100
礐,ㄏㄚㆻ8,100
礓,ㄍㄧㄤ,100
礙,ㆣㄞ˫,100
礙,ㄫㄞ˫,95
礤,ㄘㄨㄚㆷ,100
礦,ㄎㆲ˪,100
礪,ㄌㆤ˪,100
礫,ㄌㄧㆻ8,100
礬,ㄏㄨㄢˊ,100
礱,ㄌㄤˊ,100
示,ㄒㄧ˫,100
社,ㄒㄧㄚ˫,100
祀,ㄘㄞ˫,100
祀,ㄙㄨ˫,95
祀,ㄙㄞ˫,90
祈,ㄍㄧˊ,100
祉,ㄐㄧˋ,100
祐,ㄧㄨ˫,100
祕,ㄅㄧ˪,100
祖,ㄗㆦˋ,100
祚,ㄗㄚ˪,100
祛,ㄍㄧㄚ˫,100
祝,ㄐㄧㆦㆻ,100
神,ㄒㄧㄣˊ,100
祟,ㄙㄨㄧ,100
祟,ㄙㄨㄧ˫,95
祠,ㄙㄨˊ,100
祠,ㄒㄧ˫,95
祥,ㄒㄧㆲˊ,100
祧,ㄊㄧㄠ˫,100
票,ㄆㄧㄜ˪,100
票,ㄆㄧㄠ˪,95
祭,ㄗㆤ˪,100
祹,ㄉㄜˊ,100
祺,ㄍㄧˊ,100
祿,ㄌㆦㆻ8,100
禁,ㄍㄧㆬ˪,100
禍,ㄏㄜ˫,100
禍,ㆤ˫,95
禎,ㄐㄧㄥ,100
福,ㄏㆦㆻ,100
禦,ㆣㄨ˫,100
禧,ㄏㄧ,100
禪,ㄒㄧㄢˊ,100
禪,ㄒㄧㄢ˫,95
禪,ㄒㄧㆰˊ,90
禮,ㄌㆤˋ,100
禱,ㄉㄜˋ,100
禹,ㄨˋ,100
禽,ㄎㄧㆬˊ,100
禾,ㄏㄜˊ,100
禿,ㄊㄨㆷ,100
禿,ㄊㄨㆵ,95
秀,ㄒㄧㄨ˪,100
私,ㄙㄨ,100
私,ㄙㄞ,95
私,ㄒㄧ,90
秉,ㄅㄧㄥˋ,100
秋,ㄑㄧㄨ,100
秋,ㄑㄧㄜ,95
科,ㄎㄜ,100
秒,ㆠㄧㄜˋ,100
秒,ㆠㄧㄠˋ,95
秘,ㄅㄧ˪,100
租,ㄗㆦ,100
秤,ㄑㄧㄣ˪,100
秤,ㄅㄧㄥˊ,95
秦,ㄐㄧㄣˊ,100
秧,ㆭ,100
秧,ㄧㆲ,95
秧,ㄧㄤ,90
秩,ㄉㄧㄚㆵ8,100
秪,ㄉㆤ,100
秫,ㄗㄨㆵ8,100
秮,ㄉㄞ,100
移,ㄧˊ,100
稀,ㄏㄧ,100
稅,ㄙㄨㆤ˪,100
稅,ㄙㆤ˪,95
稈,ㄍㄨㆮˋ,100
稈,ㄍㄨㆪˋ,95
程,ㄉㄧㄥˊ,100
程,ㄊㄧㄥˊ,95
程,ㄊㄧㆩˊ,90
稗,ㄆㄨㆤ˫,100
稗,ㄆㆤ˫,95
稚,ㄉㄧ˫,100
稜,ㄌㄧㄥˊ,100
稜,ㄌㄧㄥ˫,95
稟,ㄅㄧㄣˋ,100
稠,ㄉㄧㄨˊ,100
稠,ㄎㄧㆵ,95
種,ㄐㄧㆲˋ,100
種,ㄐㄧㄥˋ,95
種,ㄐㄧㄥ˪,90
種,ㄐㄧㆲ˪,85
稱,ㄑㄧㄥ,100
稷,ㄐㄧㆻ,100
稻,ㄉㄧㄨ˫,100
稻,ㄉㄜ˫,95
稼,ㄍㄚ˪,100
稽,ㄎㆤ,100
稿,ㄍㄜˋ,100
穀,ㄍㆦㆻ,100
穆,ㆠㆦㆻ8,100
穌,ㄙㆦ,100
積,ㄐㄧㆻ,100
穎,ㆪˋ,100
穗,ㄙㄨㄧ˫,100
穗,ㆠㄨㆤˋ,95
穡,ㄒㄧㆵ,100
穡,ㄒㄧㆻ,95
穢,ㄨㆤ˪,100
穢,ㆤ˪,95
穩,ㄨㄣˋ,100
穫,ㄏㄧㆻ8,100
穴,ㄏㄧㄚㆵ8,100
究,ㄍㄧㄨ˪,100
穹,ㄍㄧㆲ,100
空,ㄎㄤ,100
空,ㄎㆲ,95
空,ㄎㆲ˪,90
空,ㄎㄤ˪,85
穿,ㄑㄧㄥ˫,100
穿,ㄘㆭ,95
穿,ㄘㄨㄢ,90
穿,ㄘㄨㆪ,85
穿,ㄑㄧㆲ˫,80
突,ㄉㄨㆵ8,100
突,ㄊㄨㆵ8,95
窄,ㄐㄧㆻ,100
窈,ㄧㄠˋ,100
窒,ㄊㄚㆵ,100
窕,ㄊㄧㄠˋ,100
窗,ㄊㄤ,100
窗,ㄘㆲ,95
窘,ㄎㄨㄣˋ,100
窞,ㄊㆰ˫,100
窟,ㄎㄨㆵ,100
窣,ㄙㄨㆵ8,100
窩,ㄜ,100
窮,ㄎㄧㄥˊ,100
窮,ㄍㄧㄥˊ,95
窮,ㄍㄧㆲˊ,90
窮,ㄎㄧㄥ,85
窯,ㄧㄜˊ,100
窵,ㄉㄧㄠ˪,100
窸,ㄒㄧ˫,100
窸,ㄒㄧ,95
窸,ㄒㄧㆷ8,90
窺,ㄎㄨㄧ,100
竄,ㄘㄨㄢ˪,100
竄,ㄘㆭ˪,95
竅,ㄎㄧㄠ˪,100
竅,ㄎㄧㄜ˪,95
竇,ㄉㆦ˫,100
竊,ㄑㄧㄚㆴ,100
竊,ㄑㄧㄚㆵ,95
立,ㄌㄧㆴ8,100
站,ㄗㆰ˫,100
竟,ㄍㄧㄥ˪,100
章,ㄐㄧㆲ,100
章,ㄐㄧㆫ,95
章,ㄐㄧㆧ,90
童,ㄉㄤˊ,100
童,ㄉㆲˊ,95
竭,ㄍㄧㄚㆵ8,100
端,ㄉㄨㄢ,100
端,ㄉㄨㆩ,95
競,ㄍㄧㄥ˫,100
競,ㄍㄧㄥ˪,95
竹,ㄉㄧㆻ,100
竹,ㄉㄧㆦㆻ,95
竺,ㄉㄧㆦㆻ,100
竿,ㄍㄢ,100
竿,ㄍㄨㆩ,95
笆,ㄅㄚ,100
笈,ㄍㄧㆴ8,100
笊,ㄗㄨㄚˋ,100
笑,ㄑㄧㄜ˪,100
笑,ㄒㄧㄠ˪,95
笑,ㄑㄧㄠ˪,90
笒,ㆣㄧㆰˋ,100
笒,ㆣㄧㆬˋ,95
笙,ㄒㄧㄥ,100
笛,ㄉㄚㆵ8,100
笛,ㄉㄧㆻ8,95
笠,ㄌㆤㆷ8,100
笠,ㄌㄧㆴ8,95
笠,ㄌㄨㆤㆷ8,90
笠,ㄌㆤ˫,85
符,ㄏㄨˊ,100
笨,ㄅㄨㄣ˫,100
笨,ㄅㄨㄣ˪,95
第,ㄉㆤ˫,100
笱,ㄍㄜˊ,100
筅,ㄑㄧㄥˋ,100
筅,ㄘㆮˋ,95
筅,ㄘㄢˋ,90
筆,ㄅㄧㆵ,100
等,ㄉㄢˋ,100
等,ㄉㄧㄥˋ,95
筊,ㄍㄧㄠˋ,100
筋,ㄍㄧㄣ,100
筋,ㄍㄨㄣ,95
筍,ㄙㄨㄣˋ,100
筐,ㄎㄧㄥ,100
筐,ㄎㆲ,95
筒,ㄉㄤˊ,100
筒,ㄉㆲˊ,95
答,ㄉㄚㆴ,100
答,ㄉㄚㆷ,95
策,ㄑㄧㆻ,100
筠,ㄨㄣˊ,100
筧,ㄎㄧㄜ˪,100
筧,ㄍㄧㄥˋ,95
筧,ㄍㄧㄢˋ,90
筩,ㄊㄤ˫,100
筵,ㄧㄢˊ,100
箅,ㄅㄧㄣˋ,100
箋,ㄐㄧㄢ,100
箍,ㄎㆦ,100
箏,ㄐㄧㄥ,100
箔,ㄅㄜㆷ8,100
箕,ㄍㄧ,100
算,ㄙㆭ˪,100
算,ㄙㄨㄢ˪,95
算,ㄙㄨㆪ˪,90
箠,ㄘㄨㆤˊ,100
箠,ㄘㆤˊ,95
箠,ㄙㄨㄧˊ,90
管,ㄍㄨㄢˋ,100
管,ㄍㆲˋ,95
管,ㄍㆭˋ,90
管,ㄍㄨㆪˋ,85
箬,ㄏㄚㆷ8,100
箭,ㄐㆪ˪,100
箭,ㄐㄧㄢ˪,95
箱,ㄒㄧㆫ,100
箱,ㄒㄧㆲ,95
箱,ㄒㄧㆧ,90
箴,ㄐㄧㆬ,100
箸,ㄉㄧ˫,100
箸,ㄉㄨ˫,95
節,ㄗㆤㆷ,100
節,ㄗㄚㆵ,95
節,ㄐㄧㄚㆵ,90
節,ㄗㄨㆤㆷ,85
範,ㄅㄢ˫,100
範,ㄏㄨㄢ˫,95
篇,ㄆㆪ,100
篇,ㄆㄧㄢ,95
築,ㄉㄧㆦㆻ8,100
篋,ㄎㆤㆷ,100
篙,ㄍㄜ,100
篠,ㄒㄧㄠˋ,100
篠,ㄒㄧㄠ˫,95
篡,ㄘㄨㄢ˪,100
篤,ㄉㄠˋ,100
篤,ㄉㆦㆻ,95
篤,ㄉㄠㆷ,90
篦,ㄅㄧㄣ˪,100
篩,ㄊㄞ,100
篱,ㄌㆤ˫,100
篱,ㄌㄨㆤ˫,95
篱,ㄌㄧˊ,90
篷,ㄆㄤˊ,100
篷,ㄅㆲˊ,95
篷,ㄏㆲˊ,90
篷,ㄆㆲˊ,85
篾,ㆠㄧㆷ8,100
篾,ㆠㄧㄚㆵ8,95
篾,ㆠㄧ˫,90
簇,ㄘㆦㆻ,100
簡,ㄍㄢˋ,100
簪,ㄐㄧㆰ,100
簫,ㄒㄧㄠ,100
簷,ㄐㆪˊ,100
簷,ㄌㄧㆰˊ,95
簸,ㄅㄨㄚ˪,100
簸,ㄅㄨㆩ˪,95
簽,ㄑㄧㆰ,100
簾,ㄌㄧˊ,100
簾,ㄋㄧˊ,95
簾,ㄌㄧㆰˊ,90
簿,ㄆㆦ˫,100
簿,ㄆㆦㆻ8,95
籃,ㄋㄚˊ,100
籃,ㄌㆰˊ,95
籌,ㄉㄧㄨˊ,100
籍,ㄐㄧㆻ8,100
籐,ㄉㄧㄣˊ,100
籗,ㄎㄚㆷ,100
籠,ㄌㄤˋ,100
籠,ㄌㆰ,95
籠,ㄌㆲˊ,90
籠,ㄌㄤˊ,85
籠,ㄌㄤ˫,80
籠,ㄌㄤ,75
籠,ㄌㆲˋ,70
籤,ㄑㄧㆰ,100
籬,ㄌㄧˊ,100
籮,ㄌㄨㄚˊ,100
籮,ㄌㄜˊ,95
籲,ㄧㆦㆻ8,100
米,ㆠㄧˋ,100
粅,ㆠㄨㆵ,100
粉,ㄏㄨㄣˋ,100
粒,ㄌㄧㄚㆴ8,100
粕,ㄆㄜㆷ,100
粕,ㄆㆦㆻ,95
粗,ㄘㆦ,100
粗,ㄊㆦ,95
粗,ㄑㄧㄜ,90
粘,ㄌㄧㆰˊ,100
粞,ㄘㆤ˪,100
粞,ㄘㄨㆤ˪,95
粟,ㄑㄧㆻ,100
粟,ㄒㄧㆦㆻ,95
粧,ㄗㆭ,100
粧,ㄗㆲ,95
粩,ㄌㄠˋ,100
粱,ㄌㄧㄤˊ,100
粱,ㄌㄧㆲˊ,95
粹,ㄘㄨㄧ˪,100
粽,ㄗㄤ˪,100
精,ㄐㄧㄥ,100
精,ㄐㄧㆩ,95
精,ㄐㆪ,90
粿,ㄍㄨㆤˋ,100
粿,ㄍㆤˋ,95
粿,ㄍㄨㆤ,90
糊,ㄍㆦˊ,100
糊,ㄏㆦˊ,95
糋,ㄐㆪ˪,100
糍,ㄐㄧˊ,100
糕,ㄍㄜ,100
糖,ㄊㆭˊ,100
糙,ㄘㄜ˪,100
糜,ㄇㄨㆤˊ,100
糜,ㆠㆤˊ,95
糜,ㄇㄧ,90
糜,ㄇㄨㄞˊ,85
糜,ㄇㄞ,80
糝,ㄙㆰˋ,100
糞,ㄅㄨㄣ˪,100
糞,ㄏㄨㄣ˪,95
糟,ㄗㄠ,100
糠,ㄎㆭ,100
糠,ㄎㆲ,95
糧,ㄋㄧㄨˊ,100
糧,ㄋㄧㆦˊ,95
糰,ㄊㄨㄢˊ,100
糴,ㄉㄧㄚㆷ8,100
糴,ㄉㄧㆻ8,95
糴,ㄉㄧㄚ˫,90
糴,ㄉㄧㄚㆻ8,85
糶,ㄊㄧㄜ˪,100
糶,ㄊㄧㄠ˪,95
系,ㄏㆤ˫,100
糾,ㄍㄧㄨ˪,100
紀,ㄍㄧ˪,100
紀,ㄍㄧˋ,95
紀,ㄎㄧˋ,90
紂,ㄉㄧㄨ˫,100
約,ㄧㆦㆻ,100
紅,ㄤˊ,100
紅,ㄏㆲˊ,95
紅,ㄚˊ,90
紋,ㆠㄨㄣˊ,100
納,ㄌㄚㆴ8,100
紐,ㄌㄧㄨˋ,100
純,ㄙㄨㄣˊ,100
紗,ㄙㆤ,100
紗,ㄙㄚ,95
紗,ㄙㄨㄚ,90
紙,ㄗㄨㄚˋ,100
級,ㄍㄧㆴ,100
紛,ㄏㄨㄣ,100
素,ㄙㆦ˪,100
紡,ㄆㄤˋ,100
紡,ㄏㆲˋ,95
索,ㄙㄜㆷ,100
索,ㄒㄧㆻ,95
紩,ㄊㆪ˫,100
紫,ㄐㄧˋ,100
紬,ㄊㄧㄨ,100
紮,ㄗㄚㆷ,100
紮,ㄗㄚㆵ,95
紮,ㄗㄚㆴ,90
累,ㄌㄨㄧ˫,100
累,ㄌㄨㄧˋ,95
細,ㄙㆤ˪,100
細,ㄙㄨㆤ˪,95
紲,ㄙㄨㄚ˪,100
紳,ㄒㄧㄣ,100
紹,ㄒㄧㄠ˫,100
紺,ㄎㆲˋ,100
紽,ㄉㄜˊ,100
終,ㄐㄧㆲ,100
絃,ㄏㄧㄢˊ,100
組,ㄗㆦ,100
絆,ㄅㄨㆩ˪,100
絆,ㄅㄨㄢ˪,95
結,ㄍㄧㄚㆵ,100
結,ㄍㄚㆵ,95
絕,ㄗㄨㄚㆵ8,100
絕,ㄗㆤㆷ8,95
絚,ㄢˊ,100
絞,ㄍㄚˋ,100
絞,ㄍㄠˋ,95
絡,ㄌㆤ,100
絡,ㄌㆦㆻ8,95
絡,ㄌㄜㆷ8,90
絢,ㄏㄧㄢ˪,100
絢,ㄙㄨㄣˊ,95
給,ㄍㄧㆴ,100
絨,ㆢㄧㆲˊ,100
絨,ㄌㄧㆲˊ,95
絪,ㄧㄣ,100
絮,ㄙㄨ˪,100
統,ㄊㆲˋ,100
絲,ㄒㄧ,100
絳,ㄍㆲ˪,100
絹,ㄍㄧㄣ˪,100
綁,ㄅㄤˋ,100
經,ㄍㄧㄥ,100
經,ㄍㆥ,95
經,ㄍㆪ,90
綜,ㄗㆲ,100
綜,ㄗㆲ˪,95
綠,ㄌㄧㆻ8,100
綠,ㄌㄧㆦㆻ8,95
綢,ㄉㄧㄨˊ,100
維,ㄨㄧˊ,100
維,ㄧˊ,95
綰,ㄍㄨㆩ˫,100
綱,ㄍㆲ,100
網,ㆠㄤ˫,100
網,ㆠㆲˋ,95
綴,ㄉㄨㆤ˪,100
綴,ㄉㆤ˪,95
綴,ㄉㄨㄚㆵ,90
綴,ㄗㄨㆤ˪,85
綵,ㄘㄞˋ,100
綸,ㄍㄨㄢ,100
綸,ㄌㄨㄣˊ,95
綹,ㄌㄧㄨˋ,100
綺,ㄎㄧˋ,100
綽,ㄑㄧㆦㆻ,100
綾,ㄌㄧㄥˊ,100
綿,ㄇㄧˊ,100
綿,ㆠㄧㄢˊ,95
緊,ㄍㄧㄣˋ,100
緒,ㄙㄨ˫,100
緒,ㄙㄨˊ,95
線,ㄙㄨㆩ˪,100
線,ㄒㄧㄢ˪,95
緝,ㄐㄧㆴ8,100
緝,ㄑㄧㆴ,95
緞,ㄉㄨㄢ˫,100
緟,ㄊㆲ˫,100
締,ㄉㆤ˪,100
緣,ㄧㄢˊ,100
編,ㄅㄧㄢ,100
編,ㄅㆪ,95
緩,ㄨㄢ˫,100
緬,ㆠㄧㄢˋ,100
緯,ㄨㄧ˫,100
緯,ㄏㄨㄧ˫,95
練,ㄌㄧㄢ˫,100
緻,ㄉㄧ˪,100
緻,ㄉㄧ˫,95
縋,ㄌㄨㄧ˫,100
縐,ㄗㄜ˪,100
縒,ㄗㄨㄚㆷ8,100
縖,ㄏㄚˊ,100
縛,ㄅㄚㆻ8,100
縣,ㄍㄨㄢ˫,100
縣,ㄍㄨㆪ˫,95
縣,ㄍㄨㆮ˫,90
縫,ㄆㄤ˫,100
縫,ㄅㄤˊ,95
縫,ㄏㆲˊ,90
縭,ㄌㄧ,100
縭,ㄌㄧˊ,95
縮,ㄙㆦㆻ,100
縮,ㄒㄧㆦㆻ,95
縱,ㄑㄧㆲˋ,100
縱,ㄑㄧㆲ˪,95
縱,ㄑㄧㆲ,90
總,ㄗㆲˋ,100
總,ㄗㄤˋ,95
績,ㄐㄧㆻ,100
績,ㄗㆤㆷ,95
繁,ㄏㄨㄢˊ,100
繃,ㄅㆥ,100
繃,ㄅㆪ,95
繆,ㆠㄧㄨ˫,100
繏,ㄙㆭ˪,100
繐,ㄙㄨㄧ,100
織,ㄐㄧㆵ,100
繚,ㄌㄧㄠ˫,100
繞,ㆢㄧㄠ˪,100
繞,ㄌㄧㄠ˪,95
繡,ㄒㄧㄨ˪,100
繩,ㄐㄧㄣˊ,100
繩,ㄒㄧㄥˊ,95
繪,ㄏㄨㆤ˫,100
繫,ㄏㆤ˫,100
繭,ㄍㄧㄢˋ,100
繭,ㄍㄧㄥˋ,95
繭,ㄍㄢˋ,90
繳,ㄍㄧㄠˋ,100
繼,ㄍㆤ˪,100
續,ㄒㄧㆦㆻ8,100
纏,ㄉㆪˊ,100
纏,ㄉㄧㄢˊ,95
纓,ㆪ,100
纓,ㄧㆩ,95
纓,ㄧㄥ,90
纓,ㆥ,85
纖,ㄒㄧㆰ,100
纖,ㄑㄧㆰ,95
纜,ㄌㆰˋ,100
纜,ㄌㆰ˫,95
缸,ㄍㆭ,100
缸,ㄍㆲ,95
缺,ㄎㄧㆷ,100
缺,ㄎㄨㆤㆷ,95
缺,ㄎㄨㄚㆵ,90
缺,ㄎㆤㆷ,85
缽,ㄅㄨㄚㆷ,100
缽,ㄅㄨㄚㆵ,95
缾,ㄆㄧㆩ,100
罅,ㄏㄚ˪,100
罈,ㄊㆰˊ,100
罐,ㄍㄨㄢ˪,100
罔,ㆠㆲˋ,100
罕,ㄏㄢˋ,100
罟,ㄍㆦ,100
罨,ㆰ,100
罨,ㄌㆰ,95
罩,ㄉㄚ˪,100
罩,ㄉㄠ˪,95
罪,ㄗㄨㆤ˫,100
罪,ㄗㆤ˫,95
置,ㄉㄧ˪,100
罰,ㄏㄨㄚㆵ8,100
署,ㄙㄨˋ,100
署,ㄙㄨ˫,95
罵,ㄇㆤ˫,100
罵,ㄇㄚ˫,95
罵,ㄇㄚˋ,90
罵,ㄇㄚˊ,85
罵,ㄇㄧ˫,80
罷,ㄅㄚ˫,100
罾,ㄗㄢ,100
羅,ㄌㄜˊ,100
羅,ㄌㄜˋ,95
羊,ㄧㆫˊ,100
羊,ㄧㆲˊ,95
羊,ㄧㆧˊ,90
羌,ㄍㄧㆫ,100
羌,ㄍㄧㆲ,95
羌,ㄍㄧㆧ,90
美,ㆠㄧˋ,100
美,ㆠㄨㆤˋ,95
美,ㆠㆤˋ,90
美,ㆠㄧ,85
羓,ㄅㄚ,100
羔,ㄍㄜ,100
羞,ㄑㄧㄨ,100
羞,ㄒㄧㄨ,95
群,ㄍㄨㄣˊ,100
羨,ㄒㄧㄢ˫,100
義,ㆣㄧ˫,100
羯,ㄍㄧㄚㆵ,100
羲,ㄏㄧ,100
羶,ㄏㄧㄢ˪,100
羹,ㄍㆥ,100
羹,ㄍㆪ,95
羹,ㄍㄧㄥ,90
羽,ㄨˋ,100
翁,ㄤ,100
翁,ㆲ,95
翁,ㄧㄤ,90
翅,ㄑㄧ˪,100
翎,ㄌㄧㄥ˫,100
習,ㄒㄧㆴ8,100
翔,ㄒㄧㆲˊ,100
翕,ㄏㄧㆴ,100
翟,ㄉㄧㆻ8,100
翠,ㄘㄨㄧ˪,100
翡,ㄏㄨㄧˋ,100
翦,ㄐㄧㄢˋ,100
翩,ㄆㄧㄢ,100
翰,ㄏㄢ˫,100
翱,ㄍㄜ˫,100
翳,ㄧ˪,100
翳,ㆤ˪,95
翸,ㄆㄨㄣˋ,100
翹,ㄎㄧㄠ˪,100
翻,ㄏㄨㄢ,100
翼,ㄒㄧㆵ8,100
翼,ㄧㆻ8,95
耀,ㄧㄠ˫,100
老,ㄌㄠ˫,100
老,ㄌㄠˋ,95
老,ㄌㄜˋ,90
老,ㄋㆦˋ,85
老,ㄌㆦ˫,80
考,ㄎㄜˋ,100
考,ㄎㆧˋ,95
者,ㄐㄧㄚˋ,100
耆,ㄍㄧˊ,100
而,ㆢㄧˊ,100
而,ㄌㄧˊ,95
耍,ㄙㆭˋ,100
耎,ㄌㄨㄢˋ,100
耎,ㆡㄨㄢˋ,95
耐,ㄋㄞ˫,100
耕,ㄍㄧㄥ,100
耗,ㄏㆧ˪,100
耘,ㄨㄣˊ,100
耙,ㄅㆤˊ,100
耙,ㄅㆤ˫,95
耞,ㄍㆪˋ,100
耞,ㄍㆥˋ,95
耳,ㄏㆪ˫,100
耳,ㄏㄧ˫,95
耳,ㄋㄧˋ,90
耳,ㆢㄧˋ,85
耳,ㄇㄧˋ,80
耳,ㆢㆪˋ,75
耶,ㄧㄚˊ,100
耽,ㄉㆩˊ,100
耽,ㄉㆰ,95
耿,ㄍㄧㄥˋ,100
聆,ㄌㄧㄥˊ,100
聊,ㄌㄧㄠˊ,100
聖,ㄒㄧㄥ˪,100
聖,ㄒㄧㆩ˪,95
聘,ㄆㄧㄥ˪,100
聚,ㄗㄨ˫,100
聞,ㆠㄨㄣˊ,100
聬,ㄤˋ,100
聬,ㄤ˪,95
聯,ㄌㄧㄢˊ,100
聰,ㄘㆲ,100
聲,ㄒㄧㆩ,100
聲,ㄒㄧㄥ,95
聳,ㄘㄤ˪,100
聳,ㄙㄤˋ,95
聶,ㄌㄧㄚㆴ8,100
職,ㄐㄧㆵ,100
聽,ㄊㄧㆩ,100
聽,ㄊㄧㄥ˪,95
聽,ㄊㄧㄥ,90
聾,ㄌㄤˊ,100
聾,ㄌㆲˊ,95
聿,ㄨㆵ8,100
肅,ㄒㄧㆦㆻ,100
肆,ㄙㄨ˪,100
肇,ㄉㄧㄠ˫,100
肉,ㆠㄚㆷ,100
肉,ㆢㄧㆦㆻ8,95
肉,ㄌㄧㆦㆻ8,90
肉,ㄏㄧㆻ8,85
肋,ㄌㄧㆻ8,100
肌,ㄍㄧ,100
肓,ㆠㆲˊ,100
肓,ㄏㆲˊ,95
肓,ㄏㆲ,90
肖,ㄒㄧㄠ˪,100
肘,ㄉㄧㄨˋ,100
肚,ㄉㆦˋ,100
肚,ㄉㆦ˫,95
肛,ㄍㆲ,100
肝,ㄍㄨㆩ,100
肝,ㄍㄢ,95
股,ㄍㆦˋ,100
肢,ㄍㄧ,100
肥,ㄅㄨㄧˊ,100
肥,ㄏㄨㄧˊ,95
肨,ㄏㄤ˪,100
肩,ㄍㄧㄥ,100
肩,ㄍㄧㄢ,95
肭,ㄌㆤㆷ,100
肯,ㄎㄧㄥˋ,100
肱,ㄍㆲ,100
育,ㄧㄜ,100
育,ㄧㆦㆻ8,95
肴,ㄫㄠˊ,100
肺,ㄏㄧ˪,100
胃,ㄨㄧ˫,100
背,ㄅㄨㆤ˫,100
背,ㄅㄨㆤ˪,95
胎,ㄊㄞ,100
胎,ㄊㆤ,95
胖,ㄆㄤ˪,100
胘,ㄍㄧㄢ˫,100
胚,ㄆㄨㆤ,100
胚,ㄆㆤ,95
胛,ㄍㄚㆷ,100
胞,ㄅㄠ,100
胡,ㄏㆦˊ,100
胡,ㆦˊ,95
胭,ㄧㄢ,100
胮,ㄏㄤ˪,100
胰,ㄧˊ,100
胰,ㄧ,95
胱,ㄍㆲ,100
胳,ㄍㄜㆷ,100
胳,ㄍㄨㆤㆷ,95
胳,ㄍㄨㄧㆷ,90
胴,ㄉㄤˊ,100
胴,ㄌㄤ,95
胴,ㄉㄤ,90
胸,ㄏㄧㄥ,100
胸,ㄏㄧㆲ,95
能,ㄌㄧㄥˊ,100
胿,ㄍㄨㄧ,100
胿,ㄍㄨㄞ,95
胿,ㄍㄨㆮ,90
脂,ㄐㄧ,100
脅,ㄏㄧㄚㆴ8,100
脆,ㄘㆤ˪,100
脆,ㄘㄨㄧ˪,95
脆,ㄘㄨㆤ˪,90
脇,ㄏㄧㄚㆴ8,100
脈,ㄇㆤㆷ8,100
脈,ㆠㄧㆻ8,95
脈,ㆠㆤㆷ8,90
脈,ㄇㆤ˫,85
脈,ㄇㆤㆷ,80
脈,ㆠㆤ˫,75
脊,ㄐㄧㄚㆷ,100
脊,ㄐㄧㆵ,95
脊,ㄐㄧㆻ,90
脣,ㄉㄨㄣˊ,100
脫,ㄊㄨㄚㆵ,100
脫,ㄊㄨㆵ8,95
脫,ㄊㄨㆵ,90
脫,ㄊㄨㄚㆷ,85
脬,ㄆㄚ,100
脯,ㄅㆦˋ,100
脯,ㄅㆦˊ,95
脰,ㄉㄠ˫,100
脹,ㄉㄧㆫ˪,100
脹,ㄉㄧㆲ˪,95
脹,ㄉㄧㆧ˪,90
脽,ㄗㄨㄧ,100
脾,ㄅㄧˊ,100
脾,ㄆㄧˊ,95
腋,ㄧㆻ8,100
腌,ㄚ,100
腌,ㆰ,95
腎,ㄒㄧㄢ˫,100
腎,ㄒㄧㄣ˫,95
腐,ㄏㄨ˫,100
腐,ㄏㄨˋ,95
腑,ㄏㄨˋ,100
腔,ㄎㄧㆫ,100
腔,ㄑㄧㆫ,95
腔,ㄎㄧㆲ,90
腔,ㄎㄧㄤ,85
腔,ㄎㄧㆧ,80
腔,ㄑㄧㆧ,75
腕,ㄨㆩˋ,100
腕,ㄨㄢˋ,95
腡,ㄌㆤˊ,100
腥,ㄘㆥ,100
腥,ㄘㆥ˪,95
腥,ㄑㆪ,90
腥,ㄑㆪ˪,85
腥,ㄘㆤ,80
腦,ㄋㄠˋ,100
腦,ㄌㄜˋ,95
腦,ㄋㆦˋ,90
腩,ㄌㆰˋ,100
腫,ㄐㄧㄥˋ,100
腮,ㄑㄧ,100
腯,ㄊㄨㄣˋ,100
腰,ㄧㄜ,100
腰,ㄧㄠ,95
腱,ㄍㄧㄢ˪,100
腱,ㄍㄧㄢ˫,95
腳,ㄍㄧㄜㆷ,100
腳,ㄎㄚ,95
腳,ㄍㄧㆦㆻ,90
腴,ㆡㄨˊ,100
腸,ㄉㆭˊ,100
腸,ㄑㄧㄤˊ,95
腸,ㄉㄧㆲˊ,90
腸,ㄑㄧㄢˊ,85
腸,ㄌㄧㆲˊ,80
腹,ㄅㄚㆻ,100
腹,ㄏㆦㆻ,95
腹,ㆠㄚㆻ,90
腹,ㆠㄚㆵ,85
腹,ㄅㄚㆵ,80
腹,ㄆㄚㆵ,75
腿,ㄊㄨㄧˋ,100
膀,ㄆㆲˊ,100
膀,ㄅㆲˊ,95
膁,ㄌㄧㆰˋ,100
膈,ㄍㆤㆷ,100
膋,ㄌㄚˊ,100
膎,ㄍㆤˊ,100
膎,ㄍㄨㆤˊ,95
膏,ㄍㄜ,100
膏,ㄍㄜˊ,95
膏,ㄍㆦ,90
膏,ㄍㄜ˫,85
膚,ㄏㄨ,100
膜,ㄇㆦㆷ8,100
膝,ㄒㄧㆵ,100
膝,ㄑㄧㆻ,95
膠,ㄍㄚ,100
膣,ㄐㄧ,100
膨,ㄆㆲ˪,100
膩,ㆢㄧ˫,100
膩,ㄌㄧ˫,95
膭,ㄍㄨㄧ˫,100
膳,ㄒㄧㄢ˫,100
膽,ㄉㆩˋ,100
膽,ㄉㆰˋ,95
膿,ㄌㄤˊ,100
膿,ㄌㆲˊ,95
臁,ㄌㄧㆰˊ,100
臂,ㄅㄧ˪,100
臆,ㄧㄜㆷ,100
臆,ㄧㆻ,95
臆,ㄧㆴ,90
臉,ㄌㄧㄢˋ,100
臉,ㄌㄧㆰˋ,95
臊,ㄘㄜ,100
臊,ㄘㄠ,95
臍,ㄗㄞˊ,100
臍,ㄗㆤˊ,95
臏,ㄅㄧㄣ˫,100
臘,ㄌㄚㆷ8,100
臘,ㄌㄧㄚㆴ8,95
臟,ㄗㆲ˫,100
臟,ㄗㆭ˫,95
臢,ㄗㄚ,100
臢,ㄗㆰ,95
臣,ㄒㄧㄣˊ,100
臥,ㄫㆦ˫,100
臧,ㄗㆲ,100
臨,ㄌㄧㆬˊ,100
臨,ㄌㄧㆬˋ,95
臨,ㄌㄧㆰˊ,90
自,ㄗㄨ˫,100
臭,ㄘㄠ˪,100
至,ㄐㄧ˪,100
致,ㄉㄧ˪,100
臺,ㄉㄞˊ,100
臼,ㄎㄨ˫,100
舀,ㄧㆫˋ,100
舀,ㄧㆧˋ,95
舀,ㄧㄜˋ,90
舂,ㄐㄧㄥ,100
舅,ㄍㄨ˫,100
舅,ㄍㄧㄨ˫,95
與,ㄨˋ,100
與,ㄧˋ,95
與,ㄨ˫,90
興,ㄏㄧㄥ,100
興,ㄏㄧㄥ˪,95
興,ㄏㄧㄣ,90
舉,ㄍㄧˋ,100
舉,ㄍㄨˋ,95
舊,ㄍㄨ˫,100
舊,ㄍㄧㄨ˫,95
舌,ㄐㄧㆷ8,100
舌,ㄒㄧㄚㆵ8,95
舌,ㄐㄧ˫,90
舍,ㄒㄧㄚ˪,100
舐,ㄐㆪ˫,100
舐,ㄗㆭ˫,95
舐,ㄐㄧ˫,90
舒,ㄘㄨ,100
舒,ㄙㄨ,95
舒,ㄙㆦ,90
舒,ㄑㄧ,85
舖,ㄆㆦ˪,100
舜,ㄙㄨㄣ˪,100
舞,ㆠㄨˋ,100
舟,ㄐㄧㄨ,100
舢,ㄙㆰ,100
舨,ㄅㄢˋ,100
航,ㄏㄤˊ,100
般,ㄅㄨㆩ,100
般,ㄅㄢ,95
般,ㄅㄨㄢ,90
舵,ㄉㄞ˫,100
舵,ㄉㄨㄚ˫,95
舵,ㄉㄜ˫,90
舷,ㄏㄧㄢˊ,100
船,ㄗㄨㄣˊ,100
舺,ㄍㄚㆷ,100
艇,ㄊㄧㄥˋ,100
艋,ㆠㄤˋ,100
艙,ㄘㆭ,100
艙,ㄘㆲ,95
艚,ㄗㄜˊ,100
艦,ㄌㆰ˫,100
艦,ㄍㆰ˪,95
良,ㄌㄧㆲˊ,100
艱,ㄍㄢ,100
色,ㄒㄧㆻ,100
艷,ㄧㆰ˫,100
艾,ㄫㄞ˫,100
艾,ㄏㄧㆩ˫,95
芋,ㆦ˫,100
芋,ㄨ˫,95
芍,ㄐㄧㆦㆻ,100
芎,ㄍㄧㆲ,100
芒,ㆠㆲˊ,100
芒,ㆠㄤˊ,95
芒,ㆠㄤ,90
芙,ㄆㄨˊ,100
芙,ㄏㄨˊ,95
芝,ㄐㄧ,100
芟,ㄒㄧㄥ,100
芟,ㄙㄢ,95
芟,ㄙㆭ,90
芡,ㄎㄧㄢ˪,100
芡,ㄎㄧㆰ˪,95
芥,ㄍㄨㄚ˪,100
芥,ㄍㄞ˪,95
芥,ㄍㆤ˪,90
芫,ㄧㄢˊ,100
芫,ㄧㄢ,95
芫,ㄨㄢ,90
芫,ㄨㄢˊ,85
芬,ㄏㄨㄣ,100
芭,ㄅㄚ,100
花,ㄏㄨㆤ,100
花,ㄏㄨㄚ,95
芳,ㄆㄤ,100
芳,ㄏㆲ,95
芷,ㄐㄧˋ,100
芸,ㄨㄣˊ,100
芹,ㄎㄧㄣˊ,100
芹,ㄎㄨㄣˊ,95
芽,ㆣㆤˊ,100
芽,ㆣㄚˊ,95
芽,ㆠㆤˊ,90
芽,ㄌㆤˊ,85
苑,ㄨㄢˋ,100
苒,ㄌㄧㆰˊ,100
苒,ㆢㄧㆰˊ,95
苓,ㄌㄧㄥˊ,100
苔,ㄊㄧˊ,100
苔,ㄊㄞ,95
苔,ㄉㄧˊ,90
苗,ㆠㄧㄠˊ,100
苗,ㄇㄧㄠˊ,95
苛,ㄎㄜˊ,100
苛,ㄎㄜ,95
苞,ㄅㆦˊ,100
苞,ㄅㄠ,95
苟,ㄍㆦˋ,100
若,ㄋㄚ˫,100
若,ㄋㄚˋ,95
若,ㄌㄧㆦㆻ8,90
若,ㆢㄧㆦㆻ8,85
若,ㄚ˫,80
若,ㄌㄜ˫,75
苦,ㄎㆦˋ,100
苦,ㄍㄨ,95
苧,ㄉㄨㆤ˫,100
苧,ㄉㆤ˫,95
苧,ㄊㄨˋ,90
英,ㄧㄥ,100
苳,ㄉㄤ,100
苴,ㄗㄨ˫,100
苻,ㄏㄨˊ,100
茂,ㆠㆦ˫,100
茂,ㆱ˫,95
茂,ㆰ˫,90
范,ㄏㄨㄢ˫,100
茄,ㄍㄚ,100
茄,ㄍㄧㄜˊ,95
茅,ㄏㆬˊ,100
茅,ㄇㄠˊ,95
茅,ㆬˊ,90
茈,ㄐㆪˋ,100
茉,ㆠㄨㄚㆷ8,100
茉,ㆠㄚㆻ8,95
茫,ㆠㆲˊ,100
茫,ㆠㄤˊ,95
茭,ㄍㄚ,100
茭,ㄎㄚ,95
茯,ㄏㆦㆻ8,100
茱,ㄗㄨ,100
茲,ㄗㄨ,100
茵,ㄧㄣ,100
茶,ㄉㆤˊ,100
茶,ㄉㆤ,95
茶,ㄘㄚˊ,90
茸,ㄌㄧㆲˊ,100
茸,ㆢㄧㆲˊ,95
荀,ㄙㄨㄣˊ,100
荇,ㄏㄧㄥ˫,100
草,ㄘㄠˋ,100
草,ㄘㄜˋ,95
荊,ㄍㄧㄥ,100
荍,ㄒㄧㄜˊ,100
荏,ㄌㆰˋ,100
荐,ㄐㄧㄢ˪,100
荒,ㄏㆭ,100
荒,ㄏㆲ,95
荒,ㄏㄨㆪ,90
荔,ㄋㄞ˫,100
荔,ㄌㆤ˫,95
荔,ㄌㄞ˫,90
荖,ㄌㄠˋ,100
荖,ㄌㄜˋ,95
荖,ㄌㄠ˫,90
荳,ㄉㆦ˫,100
荷,ㄏㄜˊ,100
荷,ㄏㄨㆤˊ,95
荷,ㄏㄚˊ,90
荷,ㄏㆦ,85
荷,ㄏㄨˊ,80
荷,ㄏㄨㄣˊ,75
荷,ㄏㆦˊ,70
荽,ㄙㄨㄧ,100
荽,ㄙㄨㆪ,95
莆,ㄅㆦˊ,100
莆,ㄏㄨˋ,95
莉,ㄋㄧ˫,100
莉,ㄌㄧ˫,95
莊,ㄗㆭ,100
莊,ㄗㆲ,95
莎,ㄙㄜ,100
莎,ㄙㄚ,95
莒,ㄍㄧˋ,100
莓,ㆬˊ,100
莓,ㄇㄨㄧˊ,95
莖,ㄏㄨㆮˊ,100
莖,ㄍㄧㄥ,95
莖,ㄏㄨㆪˊ,90
莢,ㄫㆤㆷ,100
莢,ㄍㄨㆤㆷ,95
莢,ㄫㄨㆤㆷ,90
莢,ㆣㄨㆤㆷ,85
莧,ㄏㄧㄥ˫,100
莧,ㄏㄤ˫,95
莫,ㄇㄞ˪,100
莫,ㆠㆦㆻ8,95
莫,ㆠㄜㆷ8,90
莽,ㆠㆲˋ,100
莿,ㄑㄧ˪,100
菁,ㄘㆥ,100
菁,ㄑㆪ,95
菁,ㄐㄧㄥ,90
菅,ㄍㄨㆩ,100
菅,ㄍㄢ,95
菇,ㄍㆦ,100
菊,ㄍㄧㆦㆻ,100
菊,ㄍㄚㆻ,95
菌,ㄎㄨㄣˋ,100
菖,ㄑㄧㆲ,100
菖,ㄑㄧㄤ,95
菜,ㄘㄞ˪,100
菝,ㄅㄨㄚㆵ8,100
菝,ㄅㄚㆵ8,95
菝,ㄅㄨㆵ8,90
菠,ㄅㆤ,100
菠,ㄅㄨㆤ,95
菠,ㄅㄜ,90
菡,ㄏㆰˊ,100
菩,ㄆㆦˊ,100
華,ㄏㄨㄚˊ,100
華,ㄏㄨㄚ,95
華,ㄏㄨㄚ˪,90
華,ㄍㄚㆷ,85
菱,ㄌㄧㄥˊ,100
菲,ㄏㄨㄧˋ,100
菲,ㄏㄨㄧ,95
菽,ㄒㄧㆦㆻ,100
萄,ㄉㄜˊ,100
萊,ㄌㄞˊ,100
萍,ㄆㄧㄥˊ,100
萎,ㄨㄧ,100
萎,ㄨㄧˋ,95
萣,ㄉㄧㆩ˫,100
萬,ㆠㄢ˫,100
萬,ㆠㄤˋ,95
萱,ㄙㄨㄢ,100
萵,ㆤ,100
萵,ㄨㆤ,95
萵,ㄇㆤㆷ,90
萵,ㄜ,85
萼,ㆣㆦㆻ8,100
落,ㄌㄜㆷ8,100
落,ㄌㄠ˪,95
落,ㄌㄚㆻ,90
落,ㄌㆦㆻ8,85
落,ㄌㄠㆷ8,80
落,ㄌㄜㆷ,75
落,˙ㄌㄜㆷ8,70
落,ㄌㆦ˫,65
落,ㄌㄠ˫,60
落,ㄌㄜ˫,55
葆,ㄅㄜˋ,100
葉,ㄏㄧㄜㆷ8,100
葉,ㄧㄚㆴ8,95
著,ㄉㄧㄜㆷ8,100
著,ㄉㄜㆷ8,95
著,ㄉㄨ˪,90
著,˙ㄉㄧㄜㆷ8,85
著,ㄉㄧㆦㆻ8,80
著,ㄉㄧㄜ˫,75
著,ㄉㄜ˫,70
葛,ㄍㄚㆵ,100
葛,ㄍㄨㄚㆷ,95
葡,ㄆㄨˊ,100
葡,ㄆㄜˊ,95
葡,ㄅㄜˊ,90
葡,ㄅㄨˊ,85
葡,ㄆㄨㆤˊ,80
董,ㄉㄤˋ,100
董,ㄉㆲˋ,95
葩,ㄆㄚ,100
葫,ㄏㆦˊ,100
葫,ㆦˊ,95
葬,ㄗㆲ˪,100
葵,ㄎㄨㆤˊ,100
葵,ㄍㄨㄧˊ,95
葵,ㄎㄨㆤ,90
蒂,ㄉㄧ˪,100
蒔,ㄒㄧˊ,100
蒙,ㆠㆲˊ,100
蒜,ㄙㄨㄢ˪,100
蒲,ㄅㆦˊ,100
蒸,ㄐㄧㄥ,100
蒼,ㄘㆲ,100
蒿,ㄜ,100
蓁,ㄐㄧㄣ,100
蓄,ㄏㄚㆻ,100
蓄,ㄊㄧㆦㆻ,95
蓆,ㄑㄧㄜㆷ8,100
蓆,ㄑㄧㄜ˫,95
蓉,ㄧㆲˊ,100
蓋,ㄍㄞ˪,100
蓋,ㄍㄨㄚ˪,95
蓋,ㄍㄚㆷ,90
蓋,ㄍㄚㆴ,85
蓑,ㄙㄨㄧ,100
蓪,ㄊㆲ,100
蓬,ㄆㆲ˫,100
蓬,ㄅㆲ˫,95
蓬,ㄏㆲˊ,90
蓮,ㄌㄧㄢˊ,100
蓮,ㄌㄧㄢ,95
蓮,ㄌㄧㄢˋ,90
蓮,ㄌㄢˊ,85
蓮,ㄌㄧㆰˋ,80
蓮,ㄋㄞˊ,75
蔀,ㄅㆦ˫,100
蔑,ㆠㄧㄚㆵ8,100
蔓,ㄇㄨㄚ˫,100
蔓,ㆠㄢ˫,95
蔔,ㄅㆦㆻ8,100
蔗,ㄐㄧㄚ˪,100
蔚,ㄨㄧ˪,100
蔡,ㄘㄨㄚ˪,100
蔣,ㄐㄧㆫˋ,100
蔣,ㄐㄧㆧˋ,95
蔥,ㄘㄤ,100
蔫,ㄌㄧㄢ,100
蔬,ㄙㆤ,100
蔬,ㄙㆦ,95
蔭,ㄧㆬ˪,100
蔭,ㆭˋ,95
蔽,ㄅㆤ˪,100
蕃,ㄏㄢ,100
蕃,ㄏㄨㄢ,95
蕉,ㄐㄧㄜ,100
蕉,ㄐㄧㄠ,95
蕊,ㄌㄨㄧˋ,100
蕎,ㆣㄧㄜ˫,100
蕎,ㄍㄧㄜ˫,95
蕎,ㄍㄧㄜㆷ,90
蕎,ㆢㄧㄜ˫,85
蕗,ㄌㆦ˫,100
蕗,ㄌㄚ˫,95
蕗,ㄋㆦ˫,90
蕘,ㆣㄧㄜˊ,100
蕙,ㄏㄨㄧ˫,100
蕨,ㄍㄨㆤㆷ,100
蕨,ㄍㆤㆷ,95
蕨,ㄍㄨㆤ˪,90
蕨,ㄍㆤ˪,85
蕩,ㄉㆲ˫,100
蕩,ㄉㆭ˫,95
蕪,ㆠㄨˊ,100
蕭,ㄒㄧㄠ,100
蕭,ㄒㄧㄜ,95
蕳,ㄍㄢ,100
蕹,ㄧㄥ˪,100
蕾,ㄌㆤˊ,100
蕾,ㄌㄨㄧˋ,95
薁,ㄜ˪,100
薄,ㄅㄜㆷ8,100
薄,ㄅㆦㆻ8,95
薄,ㄅㄜ˫,90
薅,ㄎㄠ,100
薇,ㆠㄧˊ,100
薈,ㄏㄨㆤ˫,100
薏,ㄧ˪,100
薐,ㄌㄧㄥˊ,100
薑,ㄍㄧㆫ,100
薑,ㄍㄧㆧ,95
薔,ㄑㄧㆫˊ,100
薛,ㄒㄧㆷ,100
薟,ㄏㄧㆰ,100
薟,ㄏㄧㄤ,95
薦,ㄐㄧ˪,100
薦,ㄐㄧㄢ˪,95
薩,ㄙㄚㆵ,100
薪,ㄒㄧㄣ,100
薯,ㄐㄧˊ,100
薯,ㄗㄨˊ,95
薰,ㄏㄨㄣ,100
薸,ㄆㄧㄜˊ,100
薺,ㄐㄧˊ,100
藃,ㄏㄧㄠㆷ,100
藃,ㄏㄧㄠ,95
藉,ㄐㄧㆻ,100
藉,ㄐㄧㄜㆷ,95
藉,ㄐㄧㄚㆷ,90
藍,ㄋㄚˊ,100
藍,ㄌㆰˊ,95
藏,ㄘㄤ˪,100
藏,ㄗㆲˊ,95
藏,ㄗㆲ˫,90
藐,ㆠㄧㄠˋ,100
藕,ㄫㄠ˫,100
藕,ㄫㆦˋ,95
藝,ㆣㆤ˫,100
藤,ㄉㄧㄣˊ,100
藤,ㄉㄧㄥˊ,95
藥,ㄧㄜㆷ8,100
藥,ㄧㆦㆻ8,95
藥,ㄧㄜ˫,90
藩,ㄆㄨㄢ,100
藩,ㄏㄨㄢ,95
藹,ㄞˋ,100
藺,ㄌㄧㄣ˫,100
蘆,ㄌㆦˊ,100
蘇,ㄙㆦ,100
蘊,ㄨㄣ˪,100
蘋,ㄆㆲˊ,100
蘋,ㄆㆲ˫,95
蘋,ㄆㄧㄥˊ,90
蘑,ㄇㆦˊ,100
蘭,ㄌㄢˊ,100
蘭,ㄌㄧㄢˊ,95
蘭,ㄌㄢˋ,90
蘭,ㄌㄧㄢ,85
蘿,ㄌㆦㆻ8,100
蘿,ㄌㄜˊ,95
虎,ㄏㆦˋ,100
虎,ㄏㄨ,95
虐,ㆣㄧㄜㆷ8,100
虐,ㆣㄧㆻ8,95
虐,ㆣㄧㆦㆻ8,90
虔,ㄎㄧㄢˊ,100
處,ㄘㄨˋ,100
處,ㄘㄨ˪,95
虛,ㄏㄧ,100
虛,ㄏㄨ,95
虜,ㄌㆦˋ,100
虞,ㆣㄨˊ,100
號,ㄏㄜ˫,100
號,ㄌㄜ˫,95
虧,ㄎㄨㄧ,100
虫,ㄏㄨㄧˋ,100
虯,ㄎㄧㄨˊ,100
虱,ㄙㄚㆵ,100
虹,ㄎㄧㄥ˫,100
虹,ㄏㆲˊ,95
虼,ㄍㄚ,100
蚊,ㆠㄤˋ,100
蚊,ㆠㄨㄣˊ,95
蚋,ㄌㄚ˫,100
蚋,ㄌㄚㆻ8,95
蚌,ㄅㄤ˫,100
蚌,ㆠㄤ˫,95
蚓,ㄍㄨㄣˋ,100
蚓,ㄨㄣˋ,95
蚓,ㄍㄧㄣˋ,90
蚓,ㄌㄨㄣˋ,85
蚣,ㄍㄤ,100
蚤,ㄗㄠˋ,100
蚵,ㄜˊ,100
蚶,ㄏㆰ,100
蚻,ㄗㄨㄚㆷ8,100
蚻,ㄗㄨㄚ˫,95
蛀,ㄐㄧㄨ˪,100
蛀,ㄗㄨ˪,95
蛄,ㄍㆦ,100
蛆,ㄑㄧ,100
蛆,ㄘㄨ,95
蛇,ㄗㄨㄚˊ,100
蛇,ㄒㄧㄚˊ,95
蛉,ㄋㄧㆷ,100
蛋,ㄉㄢ˪,100
蛋,ㄉㄨㆩ,95
蛋,ㄌㄨㄚ,90
蛋,ㄋㄨㄚ,85
蛙,ㄨㄚ,100
蛙,ㄍㄨㆤˊ,95
蛚,ㄌㆤ,100
蛚,ㄌㆤ˫,95
蛛,ㄉㄨ,100
蛟,ㄍㄠ,100
蛣,ㄍㄧㄚㆵ,100
蛤,ㄍㄚㆴ,100
蛹,ㄧㆲˋ,100
蛻,ㄊㄨㄧ˪,100
蛾,ㄧㄚㆷ8,100
蜀,ㄒㄧㆦㆻ8,100
蜂,ㄆㄤ,100
蜂,ㄏㆲ,95
蜃,ㄒㄧㄣ˫,100
蜅,ㄅㆦ,100
蜅,ㄍㆦ,95
蜈,ㆣㄧㄚˊ,100
蜈,ㄫㆦˊ,95
蜈,ㆣㆦˊ,90
蜈,ㄇㆦˊ,85
蜊,ㄌㄚˊ,100
蜊,ㄌㄞˊ,95
蜍,ㄐㄧˊ,100
蜍,ㄗㄨˊ,95
蜘,ㄉㄧ,100
蜜,ㆠㄧㆵ8,100
蜞,ㄎㄧˊ,100
蜢,ㄇㆤㆷ,100
蜢,ㄋㄧㆷ,95
蜢,ㄋㆤㆷ,90
蜢,ㄋㄧ,85
蜣,ㄍㄧㆫ,100
蜷,ㄎㄨㄣˊ,100
蝒,ㆠㄧㄣ˫,100
蝒,ㆣㄨㄣ˫,95
蝒,ㆠㄨㄣ˫,90
蝕,ㄒㄧㆷ8,100
蝕,ㄒㄧㆵ,95
蝕,ㄒㄧㆻ8,90
蝕,ㄒㄧ˫,85
蝕,ㄒㄧㆵ8,80
蝙,ㄅㄧㄢˋ,100
蝛,ㆠㄨㄧ,100
蝛,ㄨㄧ,95
蝝,ㄧㄢˊ,100
蝟,ㄨㄧ˫,100
蝠,ㄏㆦㆻ,100
蝦,ㄏㆤˊ,100
蝨,ㄙㄚㆵ,100
蝴,ㆦˊ,100
蝴,ㄏㆦˊ,95
蝶,ㄧㄚㆷ8,100
蝶,ㄉㄧㄚㆴ8,95
蝶,ㄧㄚ˫,90
蝹,ㄨㄣ,100
蝻,ㄌㆰˊ,100
螂,ㄌㄤˊ,100
螂,ㆠㆲˊ,95
融,ㄧㆲˊ,100
融,ㄏㄧㆲˊ,95
螕,ㄅㄧ,100
螟,ㆠㄧㄥˊ,100
螢,ㄧㄥˊ,100
螢,ㄏㄧㄥˊ,95
螳,ㄉㆲˊ,100
螺,ㄌㆤˊ,100
螺,ㄌㆦˊ,95
螿,ㄐㄧㆫ,100
螿,ㄐㄧㆧ,95
螿,ㄐㄧㆲ,90
蟀,ㄙㄨㆵ,100
蟀,ㄙㄨㄧ˪,95
蟄,ㄉㄧㆵ8,100
蟊,ㄇㆦ,100
蟋,ㄒㄧㆷ,100
蟋,ㄒㄧㆻ,95
蟋,ㄉㄧㆻ,90
蟒,ㆠㆲˋ,100
蟒,ㆠㄤˋ,95
蟧,ㄌㄚˊ,100
蟬,ㄒㄧㄢˊ,100
蟮,ㄒㄧㄢ˫,100
蟮,ㄒㄧㄣ˫,95
蟮,ㄒㄧㄣˊ,90
蟮,ㄒㄧㄣ,85
蟯,ㄫㄧㄠㆷ8,100
蟯,ㆣㄧㄜˊ,95
蟯,ㄌㄧㄠˊ,90
蟯,ㆢㄧㄠˊ,85
蟲,ㄊㄤˊ,100
蟲,ㄊㄧㆲˊ,95
蟲,ㄤˊ,90
蟲,ㄉㄤˊ,85
蟲,ㄌㄤˊ,80
蟳,ㄐㄧㆬˊ,100
蟶,ㄊㄢ,100
蟹,ㄏㆤ˫,100
蟹,ㄏㄞ˫,95
蟹,ㄏㄨㆤ˫,90
蟹,ㄏㆤㆷ,85
蟻,ㄏㄧㄚ˫,100
蟻,ㆣㄧˋ,95
蟾,ㄒㄧㆰˊ,100
蠅,ㄒㄧㄣˊ,100
蠍,ㆣㄧㄚㆵ,100
蠐,ㄗㆤˊ,100
蠐,ㄘㆤˊ,95
蠓,ㆠㄤˋ,100
蠕,ㄌㄨˊ,100
蠕,ㄌㄨㄣ˪,95
蠕,ㆡㄨˊ,90
蠘,ㄑㄧㆷ8,100
蠟,ㄌㄚㆷ8,100
蠟,ㄌㄚㆴ8,95
蠢,ㄘㄨㄣˋ,100
蠳,ㄋㄧ,100
蠶,ㄘㆰˊ,100
蠶,ㄊㆰˊ,95
蠶,ㄘㄢˊ,90
蠻,ㆠㄢˊ,100
蠽,ㄗㄨㄚㆷ8,100
蠽,ㄗㄨㄚ˫,95
血,ㄏㄨㆤㆷ,100
血,ㄏㄨㄧㆷ,95
血,ㄏㄧㄚㆵ,90
行,ㄍㄧㆩˊ,100
行,ㄏㄧㄥˊ,95
行,ㄏㄤˊ,90
行,ㄏㄧㄥ˫,85
行,ㄌㄧㄥˊ,80
行,ㄋㆭ˫,75
衍,ㄧㄢˋ,100
術,ㄙㄨㆵ8,100
街,ㄍㆤ,100
街,ㄍㄨㆤ,95
衙,ㆣㆤˊ,100
衛,ㄨㆤ˫,100
衛,ㄨㆤˋ,95
衛,ㄨㄧ˫,90
衝,ㄑㄧㆲ,100
衝,ㄘㆲˋ,95
衝,ㄑㄧㄥ˪,90
衡,ㄏㄧㄥˊ,100
衣,ㄧ,100
衣,ㄨㄧ,95
表,ㄅㄧㄠˋ,100
表,ㄅㄧㄜˋ,95
衫,ㄙㆩ,100
衰,ㄙㄨㆤ,100
衰,ㄙㄨㄧ,95
衲,ㄌㄚㆴ8,100
衷,ㄊㄧㆲ,100
袁,ㄨㄢˊ,100
袂,ㆠㆤ˫,100
袂,ㆠㄨㆤ˫,95
袈,ㄍㄚ,100
袋,ㄉㆤ˫,100
袋,ㄉㄞ˫,95
袍,ㄆㄠˊ,100
袖,ㄒㄧㄨ˪,100
袚,ㄆㄨㄚㆷ8,100
被,ㄆㄨㆤ˫,100
被,ㄆㆤ˫,95
被,ㄅㄧ˫,90
袱,ㄏㆦㆻ8,100
裁,ㄘㄞˊ,100
裂,ㄌㄧㆷ8,100
裂,ㄌㄧㄚㆵ8,95
裂,ㄌㄧㄚㆷ,90
裊,ㄋㄧㄠˋ,100
裌,ㄍㄧㄚㆴ,100
裏,ㄌㄧˋ,100
裒,ㄅㆦˊ,100
裔,ㆤ˪,100
裔,ㄧ˪,95
裕,ㆡㄨ˫,100
裕,ㄌㄨ˫,95
裘,ㄏㄧㄨˊ,100
裙,ㄍㄨㄣˊ,100
補,ㄅㆦˋ,100
裝,ㄗㆲ,100
裝,ㄗㆭ,95
裟,ㄙㆤ,100
裡,ㄌㄧˋ,100
裡,˙ㄌㄧˋ,95
裡,˙ㄋㄧㆷ,90
裱,ㄅㄧㄠˋ,100
裴,ㄅㄨㆤˊ,100
裹,ㄍㄜˋ,100
裼,ㄊㆤㆷ,100
裼,ㄊㄨㆤㆷ,95
製,ㄗㆤ˪,100
裾,ㄍㄧ,100
裾,ㄍㄨ,95
褂,ㄍㄨㄚ˪,100
複,ㄏㆦㆻ8,100
褒,ㄅㄜ,100
褙,ㄅㄨㆤ˪,100
褙,ㄅㆤ˪,95
褚,ㄊㄨˋ,100
褥,ㄌㄧㆦㆻ8,100
褥,ㆢㄧㆦㆻ8,95
褪,ㄊㆭ˪,100
褪,ㄊㄨㆪ˪,95
褫,ㄊㄧˋ,100
褲,ㄎㆦ˪,100
襀,ㄐㄧㄜㆷ,100
襄,ㄒㄧㆲ,100
襇,ㄍㄧㄥˋ,100
襇,ㄍㄢˋ,95
襞,ㄆㆤˋ,100
襟,ㄎㄧㆬ,100
襤,ㄌㆰˊ,100
襪,ㆠㄨㆤㆷ8,100
襪,ㆠㄨㄚㆵ8,95
襪,ㆠㆤㆷ8,90
襪,ㆠㄨㆤ˫,85
襲,ㄒㄧㆴ8,100
襻,ㄆㄢ˪,100
西,ㄙㆤ,100
西,ㄙㄞ,95
西,ㄒㄧ,90
西,ㄒㄧㆤ,85
要,ㄧㄠ˪,100
要,ㄧㄠ,95
要,ㄚˋ,90
覆,ㄆㄚㆻ,100
覆,ㄏㆦㆻ,95
見,ㄍㄧㄢ˪,100
見,ㄍㆪ˪,95
見,˙ㄍㆪ˪,90
規,ㄍㄨㄧ,100
覓,ㄇㄞ˫,100
覓,ㆠㄚ˫,95
覓,ㆠㄧㆻ8,90
覓,ㆠㄨㄚˊ,85
覓,ㆠㄨㄚ˫,80
覕,ㆠㄧㆷ,100
視,ㄒㄧ˫,100
親,ㄑㄧㄣ,100
親,ㄑㆪ,95
親,ㄘㆥ,90
親,ㄘㄢ,85
親,ㄑㄧㄥ,80
覲,ㄍㄧㄣ˫,100
覷,ㄘㄨㆷ,100
覺,ㄍㄚㆻ,100
覽,ㄌㆰˋ,100
觀,ㄍㄨㄢ,100
觀,ㄍㄨㄢ˪,95
角,ㄍㄚㆻ,100
觔,ㄍㄨㄣ,100
解,ㄍㄞˋ,100
解,ㄍㆤˋ,95
觱,ㄅㄧ,100
觳,ㄎㆦㆻ,100
觳,ㄎㆦㆻ8,95
觳,ㄎㆦˋ,90
觳,ㄆㆦㆻ,85
觸,ㄉㄚㆻ,100
觸,ㄑㄧㆦㆻ,95
觸,ㄑㄧㆻ,90
觸,ㄉㄚㆻ8,85
觸,ㄒㄧㆦㆻ8,80
觸,ㄉㄠˋ,75
言,ㆣㄧㄢˊ,100
言,ㆣㄢˊ,95
訂,ㄉㄧㄥ˫,100
訃,ㄏㄨ˪,100
計,ㄍㆤ˪,100
計,ㄍㄧ˪,95
計,ㄎㆤ˪,90
計,ㄎㄧ˪,85
訊,ㄒㄧㄣ˪,100
討,ㄊㄜˋ,100
訓,ㄏㄨㄣ˪,100
訕,ㄙㄨㄢ˫,100
訕,ㄙㄨㄢ,95
託,ㄊㆦㆻ,100
記,ㄍㄧ˪,100
訟,ㄒㄧㆲ˫,100
訣,ㄍㄨㄚㆵ,100
訪,ㄏㆲˋ,100
設,ㄒㄧㄚㆵ,100
許,ㄎㆦˋ,100
許,ㄏㄧˋ,95
許,ㄏㄨˋ,90
訴,ㄙㆦ˪,100
訶,ㄏㆧ,100
診,ㄐㄧㄣˋ,100
註,ㄗㄨ˪,100
詈,ㄌㆤˋ,100
詈,ㄌㄨㆤˋ,95
詐,ㄗㄚ˪,100
詔,ㄐㄧㄠ˪,100
評,ㄆㄧㄥˊ,100
詞,ㄙㄨˊ,100
詢,ㄙㄨㄣˊ,100
詣,ㆣㆤ˫,100
試,ㄑㄧ˪,100
詩,ㄒㄧ,100
詬,ㄍㄠ˫,100
詭,ㄍㄨㄧˋ,100
詭,ㄎㄨㄧˋ,95
詮,ㄘㄨㄢ,100
詰,ㄎㄧㄚㆵ,100
話,ㄨㆤ˫,100
該,ㄍㄞ,100
詳,ㄒㄧㆲˊ,100
詳,ㄒㄧㄤˊ,95
詹,ㄐㄧㆰ,100
詼,ㄎㄨㆤ,100
詼,ㄎㆤ,95
誅,ㄉㄨ,100
誇,ㄎㄨㄚ,100
誌,ㄐㄧ˪,100
認,ㆢㄧㄣ˫,100
認,ㄌㄧㄣ˫,95
誓,ㄗㄨㄚ˫,100
誓,ㄙㆤ˪,95
誓,ㄙㆤ˫,90
誕,ㄉㄢ˪,100
誕,ㄉㄢ˫,95
誘,ㄧㄨˋ,100
語,ㆣㄧˋ,100
語,ㆣㄨˋ,95
誠,ㄐㄧㆩˊ,100
誠,ㄒㄧㄥˊ,95
誡,ㄍㄞ˪,100
誣,ㆠㄨˊ,100
誤,ㆣㆦ˫,100
誤,ㄫㆦ˫,95
誦,ㄒㄧㆲ˫,100
誨,ㄏㄨㆤ˪,100
說,ㄙㄨㆤㆷ,100
說,ㄙㄨㄚㆵ,95
說,ㄙㆤㆷ,90
說,ㄙㄨㆤ˪,85
誰,ㄗㄨㄧˊ,100
誰,ㄙㄨㄧˊ,95
誰,ㄉㄧㄤˊ,90
誰,ㄐㄧㄚˊ,85
誰,ㄗㄨㄧ˫,80
誰,ㄒㄧㄤˊ,75
課,ㄎㄨㆤ˪,100
課,ㄎㄜ˪,95
課,ㄎㆤ˪,90
誹,ㄏㄨㄧˋ,100
誼,ㆣㄧˊ,100
誼,ㆣㄧ˫,95
調,ㄉㄧㄠ˫,100
調,ㄉㄧㄠˊ,95
調,ㄉㄧㄠ˪,90
調,ㄉㄧㄠ,85
調,ㄊㄠˊ,80
談,ㄉㆰˊ,100
請,ㄑㄧㆩˋ,100
請,ㄑㄧㄥˋ,95
諍,ㄗㆥ˪,100
諍,ㄐㆪ˪,95
諍,ㄐㄧㄥ˪,90
諒,ㄌㄧㆲ˫,100
論,ㄌㄨㄣ˫,100
諜,ㄉㄧㄚㆴ8,100
諞,ㄅㄧㄢˋ,100
諦,ㄉㆤ˪,100
諧,ㄏㄞˊ,100
諭,ㄌㄨ˫,100
諭,ㆡㄨ˫,95
諮,ㄗㄨ,100
諱,ㄏㄨㄧ˪,100
諳,ㆰ,100
諷,ㄏㆲˋ,100
諸,ㄗㄨ,100
諸,ㄉㄧ,95
諺,ㆣㄢ˫,100
諾,ㄌㆦㆻ8,100
諾,˙ㄏㄧㄜㆷ,95
諾,ㄏㄧㄜㆷ,90
諾,ㄏㆩ˪,85
謀,ㆠㆦˊ,100
謀,ㆠㄧㄜˊ,95
謀,ㄇㆦˊ,90
謂,ㄨㄧ˫,100
謂,ㄨㄧ˪,95
謄,ㄊㄧㄥˊ,100
謊,ㄏㆲ,100
謊,ㄏㆲˋ,95
謎,ㆠㄧ˫,100
謎,ㆠㆤ˫,95
謎,ㆠㄧˊ,90
謔,ㆣㄧㄜㆷ8,100
謔,ㆣㄧㆦㆻ,95
謗,ㄅㆲ˪,100
謙,ㄎㄧㆰ,100
講,ㄍㆲˋ,100
講,ㄍㄤˋ,95
謝,ㄒㄧㄚ˫,100
謝,ㄐㄧㄚ˫,95
謠,ㄧㄠˊ,100
謬,ㆠㄧㄨ˫,100
謳,ㆦ,100
謹,ㄍㄧㄣˋ,100
謼,ㄏㆦㆷ,100
譀,ㄏㆰ˪,100
譁,ㄏㄨㄚ˫,100
證,ㄐㄧㄥ˪,100
譎,ㄎㄧㄚㆵ,100
譏,ㄍㄧ,100
識,ㄒㄧㆻ,100
譚,ㄊㆰˊ,100
譚,ㄉㆰˊ,95
譜,ㄆㆦˋ,100
警,ㄍㄧㄥˋ,100
警,ㄍㄧㄥ˪,95
譬,ㄆㄧ˪,100
譯,ㄧㆻ8,100
議,ㆣㄧ˫,100
譴,ㄎㄧㄢ˪,100
譴,ㄎㄧㄢˋ,95
護,ㄏㆦ˫,100
護,ㄌㆦ˫,95
譽,ㄨ˫,100
讀,ㄊㄚㆻ8,100
讀,ㄊㆦㆻ8,95
讀,ㄉㄠ˫,90
讀,ㄉㆦ˫,85
變,ㄅㄧㄢ˪,100
變,ㄅㆪ˪,95
讓,ㄋㄧㄨ˫,100
讓,ㄌㄧㆲ˫,95
讓,ㆢㄧㆲ˫,90
讓,ㄋㄧㆦ˫,85
讖,ㄘㆰ˪,100
讚,ㄗㄢ˪,100
讚,ㄗㄢˋ,95
谷,ㄍㆦㆻ,100
豆,ㄉㄠ˫,100
豈,ㄎㄧˋ,100
豉,ㄒㆪ˫,100
豉,ㄒㄧ˫,95
豋,ㄉㄧㄥ,100
豍,ㄅㄧ,100
豎,ㄙㄨ˫,100
豐,ㄏㆲ,100
豐,ㄆㆲ,95
豔,ㄧㆰ˫,100
豚,ㄊㄨㄣˊ,100
象,ㄒㄧㆲ˫,100
象,ㄑㄧㆫ˫,95
象,ㄒㄧㆫ˫,90
象,ㄒㄧㆲ˪,85
象,ㄒㄧㆲˋ,80
象,ㄒㄧㄣ˫,75
象,ㄒㄧㆧ˫,70
象,ㄑㄧㆧ˫,65
豪,ㄏㄜˊ,100
豫,ㄨ˫,100
豬,ㄉㄧ,100
豬,ㄉㄨ,95
豸,ㄊㄨㄚ˫,100
豹,ㄅㄚ˪,100
貂,ㄉㄧㄠ,100
貉,ㄏㄜˊ,100
貌,ㄇㄠ˫,100
貓,ㄋㄧㄠ,100
貓,ㆠㄚˊ,95
貓,ㆠㄠˊ,90
貝,ㄅㄨㆤ˪,100
貞,ㄐㄧㄥ,100
負,ㄏㄨ˫,100
財,ㄗㄞˊ,100
貢,ㄍㆲ˪,100
貧,ㄅㄧㄣˊ,100
貧,ㄅㄢˊ,95
貧,ㄅㄨㄣˊ,90
貧,ㄅㄢ˫,85
貨,ㄏㄨㆤ˪,100
貨,ㄏㆤ˪,95
貨,ㄏㆧ˪,90
貨,ㄏㄜ˪,85
販,ㄏㄨㄢ˪,100
販,ㄆㄨㆩ˪,95
販,ㄆㄨㄚ˪,90
貪,ㄊㆰ,100
貫,ㄍㆭ˪,100
貫,ㄍㄨㄢ˪,95
貫,ㄍㄨㆪ˪,90
責,ㄐㄧㆻ,100
貯,ㄉㆤˋ,100
貯,ㄉㄨㆤˋ,95
貯,ㄊㄨˋ,90
貳,ㄌㄧ˫,100
貳,ㆢㄧ˫,95
貴,ㄍㄨㄧ˪,100
貶,ㄅㄧㄢˋ,100
買,ㆠㆤˋ,100
買,ㆠㄨㆤˋ,95
買,ㄇㄞˋ,90
貸,ㄉㄞ˫,100
貺,ㄏㄧㄥ˫,100
貺,ㄏㄢ˫,95
費,ㄏㄨㄧ˪,100
費,ㄅㄧ˪,95
貼,ㄉㄚㆷ,100
貼,ㄊㄧㄚㆴ,95
貼,ㄉㄧㄚㆴ8,90
貿,ㆠㄠ˫,100
貿,ㆠㆦ˫,95
貿,ㆠㄠㆷ8,90
賀,ㄏㄜ˫,100
賂,ㄌㆦ˫,100
賄,ㄏㄨㆤˋ,100
資,ㄗㄨ,100
賈,ㄍㆦˋ,100
賈,ㄍㄚˋ,95
賊,ㄘㄚㆵ8,100
賊,ㄗㄚㆵ8,95
賊,ㄐㄧㆻ8,90
賑,ㄐㄧㄣˋ,100
賒,ㄒㄧㄚ,100
賓,ㄅㄧㄣ,100
賜,ㄙㄨ˪,100
賞,ㄒㄧㆫˋ,100
賞,ㄒㄧㆲˋ,95
賞,ㄒㄧㆧˋ,90
賠,ㄅㄨㆤˊ,100
賠,ㄅㆤˊ,95
賢,ㄏㄧㄢˊ,100
賣,ㆠㆤ˫,100
賣,ㆠㄨㆤ˫,95
賣,ㄇㄞ˫,90
賤,ㄐㄧㄢ˫,100
賦,ㄏㄨ˪,100
質,ㄐㄧㆵ,100
賭,ㄉㆦˋ,100
賰,ㄘㄨㄣ,100
賴,ㄌㄨㄚ˫,100
賴,ㄋㄞ˫,95
賴,ㄌㆤ˫,90
賴,ㄌㄞ˫,85
賺,ㄗㄨㄢˋ,100
購,ㄍㆦ˪,100
購,ㄍㄤˋ,95
賽,ㄙㄞ˪,100
賽,ㄙㆤ˪,95
賽,ㄙㄞˋ,90
贅,ㄗㄨㆤ˪,100
贈,ㄐㄧㄥ˫,100
贊,ㄗㄢ˪,100
贊,ㄗㄢ˫,95
贌,ㄅㄚㆻ8,100
贏,ㄧㆩˊ,100
贏,ㄧㄥˊ,95
贐,ㄐㄧㄣ˫,100
贓,ㄗㆲ,100
贓,ㄗㆭ,95
贖,ㄒㄧㆦㆻ8,100
赤,ㄑㄧㄚㆷ,100
赤,ㄑㄧㆻ,95
赤,ㄐㄧㄚㆷ,90
赦,ㄒㄧㄚ˪,100
赫,ㄏㄧㆻ,100
走,ㄗㄠˋ,100
走,ㄗㆦˋ,95
赴,ㄏㄨ˪,100
起,ㄎㄧˋ,100
起,ㄍㄧ,95
趁,ㄊㄢ˪,100
超,ㄑㄧㄠ,100
超,ㄊㄧㄠ,95
越,ㄨㄚㆵ8,100
趒,ㄉㄧㄜˊ,100
趕,ㄍㄨㆩˋ,100
趕,ㄚˋ,95
趖,ㄙㄜˊ,100
趙,ㄉㄧㄜ˫,100
趣,ㄘㄨ˪,100
趨,ㄘㄨ,100
足,ㄐㄧㆦㆻ,100
足,ㄗㆦㆻ,95
趺,ㄨ,100
趺,ㄏㄨ,95
趼,ㄌㄢ,100
趾,ㄐㄧˋ,100
跂,ㄍㄨㆤˋ,100
跂,ㄍㆤˋ,95
跋,ㄅㄨㄚㆷ8,100
跋,ㄅㄨㄚㆵ8,95
跋,ㄅㄨㄚ˫,90
跌,ㄉㄧㄚㆵ8,100
跍,ㄎㄨˊ,100
跎,ㄉㄜˊ,100
跑,ㄆㄠˋ,100
跑,ㄆㄠˊ,95
跔,ㄍㄨ,100
跕,ㄌㄧㆰ,100
跙,ㄘㄨ˫,100
跛,ㄅㄞˋ,100
跛,ㄅㆮˋ,95
距,ㄍㄨ˫,100
距,ㄍㄧ˫,95
跟,ㄍㄧㄣ,100
跟,ㄍㄨㄣ,95
跡,ㆢㄧㄚㆷ,100
跡,ㄌㄧㄚㆷ,95
跡,ㄐㄧㄚㆷ,90
跡,ㄐㄧㆻ,85
跤,ㄎㄚ,100
跤,ㄍㄠ,95
跨,ㄎㄨㄚ˪,100
跩,ㄗㄨㆮ˫,100
跪,ㄍㄨㄧ˫,100
路,ㄌㆦ˫,100
跳,ㄊㄧㄠ˪,100
踃,ㄙㄠ,100
踅,ㄙㆤㆷ8,100
踏,ㄉㄚㆷ8,100
踏,ㄉㄚㆴ8,95
踏,ㄉㄚ˫,90
踐,ㄐㄧㄢ˫,100
踔,ㄑㄧㆻ8,100
踢,ㄊㄚㆵ,100
踢,ㄊㄚㆷ,95
踢,ㄊㄧㆻ,90
踩,ㄘㄞˋ,100
踮,ㄉㄧㆰ˪,100
踮,ㄉㆰ˪,95
踴,ㄧㆲˋ,100
蹁,ㄆㄧㄣˊ,100
蹁,ㄆㄧㄢˊ,95
蹄,ㄉㆤˊ,100
蹄,ㄉㄨㆤˊ,95
蹈,ㄉㄜ˫,100
蹉,ㄘㄜ,100
蹊,ㄎㄧ,100
蹌,ㄑㄧㄤˋ,100
蹌,ㄑㄧㄥˋ,95
蹓,ㄌㄠ,100
蹔,ㄗㆰ˪,100
蹘,ㄌㄧㄠˊ,100
蹛,ㄉㄨㄚ˪,100
蹟,ㄐㄧㆻ,100
蹤,ㄗㆲ,100
蹧,ㄗㄠ,100
蹧,ㄐㄧㄠ,95
蹬,ㄉㆥ,100
蹬,ㄉㆪ,95
蹲,ㄗㄨㄣ,100
蹺,ㄎㄧㄠ,100
蹽,ㄌㄧㄠˊ,100
躁,ㄙㄜ˪,100
躂,ㄊㄚㆵ,100
躄,ㄆㄧㆷ,100
躄,ㄆㄧ˫,95
躇,ㄉㄨˊ,100
躊,ㄉㄧㄨˊ,100
躍,ㄧㆦㆻ8,100
躍,ㄧㆻ,95
躘,ㄌㄧㆲ˪,100
躘,ㄌㄧㄥ˪,95
躡,ㄋㆤㆷ,100
躡,ㄋㄧㆷ,95
身,ㄒㄧㄣ,100
身,ㄒㄧㄢ,95
身,ㄒㄧㄥ,90
身,ㄒㄧㄤ,85
身,ㄏㄨㄣ,80
躬,ㄍㄧㆲ,100
躼,ㄌㄜ˪,100
躼,ㄌㄧㄜ˪,95
躽,ㄋㄨㄚ˪,100
軀,ㄎㄨ,100
軀,ㄙㄨ,95
軀,ㄒㄧㄨ,90
軁,ㄋㆭ˪,100
軁,ㄋㆭ,95
軁,ㄋㄨㄧ˪,90
車,ㄑㄧㄚ,100
車,ㄍㄧ,95
車,ㄍㄨ,90
車,ㄘㄚˊ,85
軋,ㄍㄠㆷ,100
軌,ㄍㄨㄧˋ,100
軍,ㄍㄨㄣ,100
軒,ㄧㄢ,100
軒,ㄏㄧㄢ,95
軟,ㄋㆭˋ,100
軟,ㄌㄨㄢˋ,95
軟,ㄋㄨㄧˋ,90
軸,ㄉㄧㆻ8,100
較,ㄎㄚㆷ,100
較,ㄍㄠ˪,95
較,ㄍㄚ˪,90
較,ㄍㄚㆷ,85
載,ㄗㄞ˪,100
載,ㄗㆮˋ,95
輓,ㆠㄨㄢˋ,100
輔,ㄏㄨˋ,100
輔,ㄆㆦˋ,95
輕,ㄎㄧㄣ,100
輕,ㄎㄧㄥ,95
輛,ㄌㄧㆲˋ,100
輛,ㄌㄧㆲ˫,95
輝,ㄏㄨㄧ,100
輦,ㄌㄧㄢˋ,100
輦,ㄌㄧㄣˋ,95
輩,ㄅㄨㆤ˪,100
輪,ㄌㄨㄣˊ,100
輪,ㄌㄧㄢˋ,95
輪,ㄌㄧㄣ,90
輪,ㄌㄧㄢ,85
輪,ㄌㄧㄣˋ,80
輪,ㄌㄨㄣˋ,75
輯,ㄐㄧㆴ8,100
輯,ㄑㄧㆴ,95
輸,ㄙㄨ,100
輻,ㄏㆦㆻ,100
輾,ㄌㄧㄢ˪,100
輾,ㄉㄧㄢˋ,95
輾,ㄌㄧㄣ˪,90
轄,ㄏㄚㆵ,100
轆,ㄌㄚㆻ,100
轆,ㄌㆦㆻ8,95
轉,ㄉㆭˋ,100
轉,ㄗㄨㄢˋ,95
轉,ㄗㄨㄢ˫,90
轉,ㄉㄨㆪˋ,85
轍,ㄉㄧㄚㆵ8,100
轎,ㄍㄧㄜ˫,100
轎,ㄍㄧㄠ,95
轎,ㄍㄧㄠ˫,90
轎,ㄍㄧㄜㆷ,85
轟,ㄏㆲ,100
辛,ㄒㄧㄣ,100
辜,ㄍㆦ,100
辟,ㄆㄧㄚㆷ,100
辟,ㄆㄧㆻ,95
辣,ㄌㄨㄚㆷ8,100
辣,ㄌㄚㆷ8,95
辣,ㄌㄨㄚ˫,90
辦,ㄅㄢ˫,100
辨,ㄅㄧㄢ˫,100
辭,ㄒㄧˊ,100
辭,ㄙㄨˊ,95
辮,ㄅㆪ˫,100
辯,ㄅㄧㄢ˫,100
辰,ㄒㄧㄣˊ,100
辱,ㆢㄧㆦㆻ8,100
辱,ㄌㄧㆦㆻ8,95
農,ㄌㆲˊ,100
迅,ㄒㄧㄣ˪,100
迌,ㄊㄜˊ,100
迎,ㄫㄧㄚˊ,100
迎,ㆣㄧㄥˊ,95
迎,ㆣㄧㄚˊ,90
近,ㄍㄧㄣ˫,100
近,ㄍㄨㄣ˫,95
迒,ㄏㆩ˫,100
迒,ㄏㄚˊ,95
返,ㄉㆭˋ,100
返,ㄏㄨㄢˋ,95
迢,ㄉㄧㄠˊ,100
迦,ㄎㄧㄚ,100
迦,ㄍㄧㄚ,95
迦,ㄍㄧㄠ,90
迦,ㄎㄧㄠ,85
迪,ㄉㄧㆻ8,100
迫,ㄅㄧㆻ,100
迭,ㄉㄧㄚㆵ8,100
述,ㄙㄨㆵ8,100
迴,ㄏㄨㆤˊ,100
迵,ㄊㄤ˪,100
迷,ㆠㆤˊ,100
迸,ㄅㄧㄤ˪,100
追,ㄉㄨㄧ,100
退,ㄊㆤ˪,100
退,ㄊㄨㆤ˪,95
送,ㄙㄤ˪,100
送,ㄙㆲ˪,95
逃,ㄉㄜˊ,100
逆,ㆣㄧㆻ8,100
逍,ㄒㄧㄠ,100
透,ㄊㄠ˪,100
透,ㄊㄜ˪,95
逐,ㄉㄚㆻ8,100
逐,ㆢㄧㆦㆻ,95
逐,ㄌㄧㆴ,90
逐,ㄉㄧㆦㆻ8,85
逐,ㆢㄧㆻ,80
逐,ㆢㄧㆴ,75
逐,ㄐㄧㆴ,70
逐,ㆣㄧㆦㆻ,65
途,ㄉㆦˊ,100
逕,ㄍㄧㄥ˪,100
這,ㄐㄧㆵ,100
這,ㄗㆤ,95
這,ㄐㄧㄤ˪,90
這,ㄐㄧㄚㆷ,85
通,ㄊㄤ,100
通,ㄊㆲ,95
逝,ㄗㄨㄚ˫,100
逝,ㄙㆤ˫,95
逞,ㄊㄧㄥˋ,100
速,ㄙㆦㆻ,100
造,ㄗㄜ˫,100
逢,ㄏㆲˊ,100
連,ㄌㄧㄢˊ,100
連,ㄌㄧㆰˊ,95
連,ㄋㄧˊ,90
逮,ㄉㄞ˫,100
週,ㄐㄧㄨ,100
進,ㄐㄧㄣ˪,100
逸,ㄧㆻ8,100
逸,ㄧㄚㆵ,95
逸,ㄧㆵ8,90
逸,ㄧㄚㆵ8,85
逼,ㄅㄧㆻ,100
逼,ㄅㄧㄚㆵ,95
遁,ㄉㄨㄣ˫,100
遂,ㄙㄨㄧ˫,100
遇,ㆣㄨ˫,100
遇,ㆠㄨ˫,95
遊,ㄧㄨˊ,100
運,ㄨㄣ˫,100
運,ㄧㄣ˫,95
運,ㄨㄣ˪,90
遍,ㄅㄧㄢ˪,100
遍,ㄆㄧㄢ˪,95
過,ㄍㄨㆤ˪,100
過,ㄍㆤ˪,95
過,ㄍㄜㆷ,90
過,ㄍㄜ˪,85
過,ㄍㄨㄚ˪,80
過,ㄍㆦ˪,75
過,˙ㄍㆤ˪,70
過,˙ㄍㄨㆤ˪,65
過,ㄍㄨ˪,60
遏,ㄚㆵ,100
遐,ㄏㄧㄚ,100
遐,ㄏㄧㄚㆷ,95
遐,ㄏㄧㄚˊ,90
遐,ㄏㄧㄜˊ,85
道,ㄉㄜ˫,100
達,ㄉㄚㆵ8,100
達,ㄉㄚ,95
違,ㄨㄧˊ,100
遙,ㄧㄠˊ,100
遛,ㄌㄧㄨ˪,100
遜,ㄙㄨㄣ˪,100
遞,ㄉㆤ˫,100
遠,ㄏㆭ˫,100
遠,ㄨㄢˋ,95
遠,ㄏㄨㆪ˫,90
遣,ㄎㄧㄢˋ,100
遨,ㆣㄜˊ,100
遨,ㄫㆦˊ,95
適,ㄒㄧㆻ,100
遭,ㄗㄜ,100
遮,ㄐㄧㄚ,100
遮,ㄐㄧㄚㆷ,95
遮,ㆢㄧㄚ,90
遮,ㄌㄧㄚ,85
遮,ㄐㄧㄚˊ,80
遮,ㄐㄧㄜˊ,75
遮,ㆣㄧㄚ,70
遲,ㄉㄧˊ,100
遴,ㄌㄧㄣˊ,100
遵,ㄗㄨㄣ,100
遷,ㄑㄧㄢ,100
選,ㄙㄨㄢˋ,100
遹,ㄨㆵ8,100
遺,ㄨㄧˊ,100
遺,ㄧ,95
遼,ㄌㄧㄠˊ,100
避,ㄅㄧ˫,100
避,ㄆㄧㄚㆷ,95
邀,ㄧㄠ,100
邀,ㄧㄜ,95
邁,ㄇㄞ˫,100
還,ㄏㄧㄥˊ,100
還,ㄏㄨㄢ˫,95
還,ㄏㄨㄢˊ,90
還,ㄏㄢˊ,85
還,ㄏㆮˊ,80
邊,ㄅㆪ,100
邊,ㄅㄧㄢ,95
邏,ㄌㄜˊ,100
邑,ㄧㆴ,100
那,ㄋㄚˋ,100
邦,ㄅㄤ,100
邪,ㄒㄧㄚˊ,100
邱,ㄎㄨ,100
邵,ㄒㄧㄠ˫,100
邵,ㄒㄧㄜ˫,95
邸,ㄉㄧˋ,100
郁,ㄏㄧㆦㆻ,100
郊,ㄍㄠ,100
郎,ㄌㆲˊ,100
郎,ㄋㆭˊ,95
郎,ㄌㄤ,90
郝,ㄏㆦㆻ,100
郡,ㄍㄨㄣ˫,100
部,ㄅㆦ˫,100
部,ㄆㄜ˫,95
郭,ㄍㄨㆤㆷ,100
郭,ㄍㆦㆻ,95
郭,ㄍㆤㆷ,90
郵,ㄧㄨˊ,100
都,ㄉㄜ,100
都,ㄉㆦ,95
鄉,ㄏㄧㆲ,100
鄉,ㄏㄧㆫ,95
鄉,ㄏㄧㆧ,90
鄒,ㄗㆦ,100
鄒,ㄗㄠ,95
鄔,ㆦ,100
鄙,ㄆㄧˋ,100
鄧,ㄉㄧㄥ˫,100
鄭,ㄉㆥ˫,100
鄭,ㄉㄧㄥ˫,95
鄭,ㄉㆪ˫,90
鄰,ㄌㄧㄣˊ,100
酆,ㄏㆲ,100
酉,ㄧㄨˋ,100
酋,ㄒㄧㄨˊ,100
酌,ㄐㄧㆦㆻ,100
配,ㄆㄨㆤ˪,100
配,ㄆㆤ˪,95
酒,ㄐㄧㄨˋ,100
酥,ㄙㆦ,100
酪,ㄌㆦㆻ8,100
酬,ㄒㄧㄨˊ,100
酵,ㄍㆩ˪,100
酵,ㄍㄚ˪,95
酷,ㄎㆦㆻ,100
酸,ㄙㆭ,100
酸,ㄙㄨㄢ,95
酸,ㄙㄨㆪ,90
酸,ㄙㄢ,85
酺,ㄅㆦˊ,100
醃,ㆰ,100
醃,ㆰˊ,95
醃,ㄧㆰˊ,90
醃,ㄧㆰ,85
醇,ㄙㄨㄣˊ,100
醉,ㄗㄨㄧ˪,100
醋,ㄘㆦ˪,100
醒,ㄘㆥˋ,100
醒,ㄑㆪˋ,95
醒,ㄒㄧㄥˋ,90
醜,ㄑㄧㄨˋ,100
醡,ㄗㄚ˪,100
醫,ㄧ,100
醫,ㄅㆪ˫,95
醫,ㄅㆥ˫,90
醬,ㄐㄧㆫ˪,100
醬,ㄐㄧㆧ˪,95
醮,ㄐㄧㄜ˪,100
醮,ㄐㄧㄠ˪,95
醴,ㄌㆤˋ,100
釀,ㄌㄧㆲ˫,100
釀,ㆢㄧㆲ˫,95
采,ㄘㄞˋ,100
釋,ㄒㄧㆻ,100
里,ㄌㄧˋ,100
里,ㄌㄧˊ,95
重,ㄉㄤ˫,100
重,ㄉㄧㆲ˫,95
重,ㄉㄧㄥˊ,90
重,ㄉㄧㆲˊ,85
野,ㄧㄚˋ,100
量,ㄌㄧㆲ˫,100
量,ㄋㄧㄨ˫,95
量,ㄋㄧㄨˊ,90
量,ㄌㄧㆲˊ,85
量,ㄋㄧㆦ˫,80
量,ㄋㄧㄜ˫,75
量,ㄋㄧㆦˊ,70
釐,ㄌㄧˊ,100
金,ㄍㄧㆬ,100
釘,ㄉㄧㄥ,100
釘,ㄉㄧㄥ˪,95
釘,ㄉㄢ,90
針,ㄐㄧㆰ,100
針,ㄗㆰ,95
針,ㄐㄧㆬ,90
釣,ㄉㄧㄜ˪,100
釣,ㄉㄧㄠ˪,95
釧,ㄘㄨㄢ,100
釵,ㄊㆤ,100
釵,ㄘㄞ,95
鈃,ㆣㄧㄤ,100
鈍,ㄉㄨㄣ˫,100
鈍,ㄉㄨㄣ˪,95
鈍,ㄉㄨㄣ,90
鈔,ㄘㄠ,100
鈕,ㄌㄧㄨˋ,100
鈗,ㆭˋ,100
鈗,ㄨㆪˋ,95
鈞,ㄍㄨㄣ,100
鈣,ㆠㄧㄢˋ,100
鈴,ㄌㄧㄥˊ,100
鈴,ㄌㄧㄥ,95
鈴,ㄌㄧㄤˊ,90
鈷,ㄍㆦˋ,100
鈸,ㄅㄨㄚㆵ8,100
鈸,ㄅㄨㄚㆷ8,95
鉈,ㄉㄜˊ,100
鉎,ㄒㄧㄢ,100
鉎,ㄙㄢ,95
鉗,ㄎㆪˊ,100
鉗,ㄎㄧㆰˊ,95
鉛,ㄧㄢˊ,100
鉤,ㄍㄠ,100
鉸,ㄍㄚ,100
鉼,ㄆㄧㆩˋ,100
鉼,ㄅㄧㄣˋ,95
銀,ㆣㄧㄣˊ,100
銀,ㆣㄨㄣˊ,95
銃,ㄑㄧㄥ˪,100
銅,ㄉㄤˊ,100
銎,ㄎㄧㄥ,100
銓,ㄘㄨㄢ,100
銘,ㆠㄧㄥˊ,100
銬,ㄎㄠ˪,100
銲,ㄏㄨㆩ˫,100
銳,ㄌㄨㆤ˫,100
銳,ㆡㄨㆤ˫,95
銷,ㄒㄧㄠ,100
鋁,ㄌㄨ˫,100
鋁,ㄌㄨˋ,95
鋉,ㄙㆦㆻ,100
鋏,ㆣㄧㄚㆴ,100
鋏,ㄫㆤㆷ,95
鋒,ㄏㆲ,100
鋟,ㄑㄧㆬˋ,100
鋟,ㄑㄧㆬ˪,95
鋟,ㄑㄧㆬ,90
鋤,ㄉㄧˊ,100
鋤,ㄉㄨˊ,95
鋩,ㄇㆤˊ,100
鋩,ㄇㄧˊ,95
鋪,ㄆㆦ,100
鋸,ㄍㄧ˪,100
鋸,ㄍㄨ˪,95
鋼,ㄍㆭ˪,100
鋼,ㄍㆲ,95
錄,ㄌㆦㆻ8,100
錄,ㄌㄧㆻ8,95
錄,ㄌㄧㆦㆻ8,90
錐,ㄗㄨㄧ,100
錘,ㄊㄨㄧˊ,100
錚,ㄘㆩ˫,100
錠,ㄉㄧㄥ˫,100
錠,ㄉㄧㆩ˫,95
錢,ㄐㆪˊ,100
錢,ㄑㄧㄢˊ,95
錢,ㄐㄧㄢˊ,90
錦,ㆣㄧㆬˋ,100
錦,ㆣㄧㆬ˪,95
錦,ㄍㄧㆬˋ,90
錨,ㆠㄧㄠˊ,100
錨,ㆠㄚˊ,95
錫,ㄒㄧㄚㆷ,100
錫,ㄒㄧㆻ,95
錯,ㄘㄜ˪,100
錯,ㄘㆦㆻ,95
錶,ㄅㄧㄜˋ,100
鍊,ㄌㄧㄢ˫,100
鍊,ㄌㄧㄢˊ,95
鍋,ㄨㆤ,100
鍋,ㄍㄜ,95
鍋,ㆤ,90
鍍,ㄉㆦ˫,100
鍘,ㄗㄚㆷ8,100
鍛,ㄉㄨㄢ˪,100
鍛,ㄊㄨㄢ˪,95
鍤,ㄑㄧㄚㆷ,100
鍥,ㄍㆤㆷ,100
鍥,ㄍㄨㆤㆷ,95
鍵,ㄍㄧㄢ˫,100
鍼,ㄐㄧㆰ,100
鍾,ㄐㄧㄥ,100
鍾,ㄐㄧㆲ,95
鎈,ㄘㆥ,100
鎈,ㄘㄚ,95
鎊,ㄅㆲ˫,100
鎔,ㄧㆫˊ,100
鎖,ㄙㄜˋ,100
鎚,ㄊㄨㄧˊ,100
鎧,ㄎㄞˋ,100
鎮,ㄉㄧㄣ˪,100
鏃,ㄗㆦㆻ8,100
鏘,ㄑㄧㆲ,100
鏡,ㄍㄧㆩ˪,100
鏢,ㄅㄧㄜ,100
鏨,ㄗㆰ˫,100
鏽,ㄒㄧㄨ˪,100
鐃,ㄌㄠˊ,100
鐃,ㄋㄚˊ,95
鐃,ㄌㄨㄚˊ,90
鐐,ㄌㄧㄠˊ,100
鐕,ㄘㆰˊ,100
鐘,ㄐㄧㄥ,100
鐘,ㄐㄧㆲ,95
鐳,ㄌㄨㄧˊ,100
鐳,ㄌㄨㄧ,95
鐵,ㄊㄧㆷ,100
鐵,ㄊㄧㄚㆵ,95
鑄,ㄗㄨ˪,100
鑑,ㄍㆰ˪,100
鑠,ㄒㄧㄚㆻ,100
鑢,ㄌㄨ˪,100
鑢,ㄌㄨㆤ˫,95
鑢,ㄌㆤ˫,90
鑫,ㄏㄧㆬ,100
鑰,ㄧㆦㆻ8,100
鑰,ㄧㄜㆷ8,95
鑱,ㄑㄧㆬˊ,100
鑼,ㄌㄜˊ,100
鑽,ㄗㆭ˪,100
鑽,ㄗㄨㄢ˪,95
鑽,ㄗㄨㆪ˪,90
鑽,ㄘㆭ˪,85
鑾,ㄌㄨㄢˊ,100
鑿,ㄘㄚㆻ8,100
鑿,ㄘㆦㆻ8,95
長,ㄉㆭˊ,100
長,ㄉㄧㆫˋ,95
長,ㄉㄧㆲˋ,90
長,ㄉㄧㆲˊ,85
長,ㄑㄧㄤˊ,80
長,ㄐㄧㆲˋ,75
長,ㄐㄧㄤˋ,70
長,ㄉㄧㆧˋ,65
門,ㄇㆭˊ,100
門,ㆠㄨㄣˊ,95
門,ㆠㄧㄣˊ,90
門,ㄇㄨㄧˊ,85
閂,ㄘㄨㆩ˪,100
閃,ㄒㄧㆰˋ,100
閉,ㄅㄧ˪,100
開,ㄎㄨㄧ,100
開,ㄎㄞ,95
開,˙ㄎㄨㄧ,90
閏,ㆡㄨㄣ˫,100
閏,ㄌㄨㄣ˫,95
閒,ㄧㄥˊ,100
閒,ㄏㄢˊ,95
間,ㄍㄧㄥ,100
間,ㄍㄢ,95
間,ㄍㄢ˪,90
閔,ㆠㄧㄣˋ,100
閘,ㄗㄚㆷ8,100
閣,ㄍㄜㆷ,100
閣,ㄍㆦㆷ,95
閨,ㄍㄨㄧ,100
閩,ㆠㄢˊ,100
閬,ㄌㄤ˪,100
閬,ㄌㆲ˪,95
閱,ㄨㄚㆵ8,100
閱,ㄧㄚㆵ8,95
閹,ㄧㆰ,100
閻,ㆣㄧㆰˊ,100
闆,ㄅㄢˋ,100
闇,ㆰ,100
闊,ㄎㄨㄚㆷ,100
闔,ㄎㄚㆷ8,100
闔,ㄏㄚㆴ8,95
闕,ㄎㄨㄚㆵ,100
闖,ㄘㄨㄤ˪,100
關,ㄍㄨㄢ,100
關,ㄍㄨㆮ,95
關,ㄍㄨㆪ,90
關,ㄍㄢ,85
闡,ㄑㄧㄢˋ,100
闢,ㄅㄧㆻ8,100
阮,ㆣㄨㄢˋ,100
阮,ㆭˋ,95
阮,ㆣㄨㄣˋ,90
阮,ㄨㆪˋ,85
阱,ㄐㆪˋ,100
阱,ㄗㆥˋ,95
防,ㄏㆲˊ,100
阻,ㄗㆦˋ,100
阿,ㄚ,100
阿,ㆦ,95
阿,ㄜ,90
陀,ㄌㄜˊ,100
陀,ㄉㆦˊ,95
陀,ㄉㄜˊ,90
陂,ㄅㄧ,100
附,ㄏㄨ˪,100
附,ㄏㄨ˫,95
陋,ㄌㆦ˫,100
陌,ㆠㄧㆻ8,100
降,ㄍㄤ˪,100
降,ㄏㄤˊ,95
限,ㄏㄢ˫,100
限,ㄢ˫,95
陛,ㄅㆤ˪,100
陝,ㄒㄧㆰˋ,100
陞,ㄒㄧㄥ,100
陡,ㄉㆦˋ,100
院,ㆪ˫,100
院,ㆪ˪,95
陣,ㄗㄨㄣ˫,100
陣,ㄉㄧㄣ˫,95
陣,ㄙㄨㄣ˫,90
除,ㄉㄨˊ,100
除,ㄉㄧˊ,95
陪,ㄅㄨㆤˊ,100
陰,ㄧㆬ,100
陰,ㄧㆰ,95
陰,ㄌㆰ,90
陳,ㄉㄢˊ,100
陳,ㄉㄧㄣˊ,95
陵,ㄋㄧㄚ˫,100
陵,ㄌㄧㄥˊ,95
陵,ㄌㆲˋ,90
陶,ㄉㄜˊ,100
陷,ㄏㆰ˫,100
陸,ㄌㄧㆦㆻ8,100
陸,ㄌㄚㆻ8,95
陸,ㄌㆦㆻ8,90
陽,ㄧㆲˊ,100
陽,ㄧㆫˊ,95
陽,ㄧㄤˊ,90
陽,ㄧㆧˊ,85
陽,ㄋㄧㄨˊ,80
陽,ㄇㄨㄧˊ,75
隄,ㄊㆤˊ,100
隅,ㆣㄨˊ,100
隆,ㄌㄤˊ,100
隆,ㄌㄧㆲˊ,95
隊,ㄉㄨㄧ˫,100
隍,ㄏㆲˊ,100
階,ㄍㄞ,100
隔,ㄍㆤㆷ,100
隔,ㄍㄧㆻ,95
隕,ㄨㄣˋ,100
隘,ㄞ˪,100
隙,ㄎㄧㄚㆷ,100
際,ㄗㆤ˪,100
障,ㄐㄧㆲ,100
障,ㄐㄧㆲ˪,95
障,ㄐㄧㄤ˪,90
隧,ㄙㄨㄧ˫,100
隨,ㄙㄨㄧˊ,100
險,ㄏㄧㆰˋ,100
隱,ㄨㄣˋ,100
隴,ㄌㆲˋ,100
隸,ㄌㆤ˫,100
隻,ㄐㄧㄚㆷ,100
隻,ㄐㄧㆻ,95
雀,ㄑㄧㆦㆻ,100
雀,ㄑㄧㆻ,95
雁,ㆣㄢ˫,100
雄,ㄏㄧㆲˊ,100
雄,ㄏㄧㄥˊ,95
雅,ㄫㄚˋ,100
雅,ㄫㆤˋ,95
集,ㄐㄧㆴ8,100
雇,ㄍㆦ˪,100
雉,ㄊㄧ˫,100
雌,ㄘㄨ,100
雍,ㄧㆲ,100
雕,ㄉㄧㄠ,100
雖,ㄙㄨㄧ,100
雙,ㄒㄧㄤ,100
雙,ㄙㆲ,95
雙,ㄙㄤ,90
雜,ㄗㄚㆴ8,100
雞,ㄍㆤ,100
雞,ㄍㄨㆤ,95
離,ㄌㄧ˫,100
離,ㄌㄧ,95
離,ㄌㄧˊ,90
難,ㄌㄢˊ,100
難,ㄌㄢ˫,95
雨,ㄏㆦ˫,100
雨,ㄨˋ,95
雨,ㄧˋ,90
雪,ㄙㄚㆴ,100
雪,ㄙㆤㆷ,95
雪,ㄙㄨㄚㆵ,90
雪,ㄒㄧㄚㆵ,85
雯,ㆠㄨㄣˊ,100
雲,ㄏㄨㄣˊ,100
雲,ㄨㄣˊ,95
零,ㄌㄢˊ,100
零,ㄌㄧㄥˊ,95
雷,ㄌㄨㄧˊ,100
雹,ㄆㄠㆷ8,100
雹,ㄆㄠ˪,95
雹,ㄆㄠ,90
雹,ㄆㄠ˫,85
雺,ㆠㆲˊ,100
雺,ㄇㆦˊ,95
電,ㄉㄧㄢ˫,100
需,ㄙㄨ,100
霄,ㄒㄧㄠ,100
霆,ㄉㄢˊ,100
霆,ㄉㄧㄥˊ,95
震,ㄐㄧㄣ˪,100
霍,ㄏㆦㆻ,100
霍,ㄏㆦㆻ8,95
霎,ㄙㄚㆴ,100
霎,ㄉㄧㄚㆴ,95
霎,ㄙㄚㆴ8,90
霓,ㆣㆤˊ,100
霖,ㄌㄧㆬˊ,100
霜,ㄙㆭ,100
霜,ㄙㆲ,95
霞,ㄏㆤˊ,100
霞,ㄏㄚˊ,95
霧,ㆠㄨ˫,100
霧,ㆠㄨㆷ,95
露,ㄌㆦ˫,100
露,ㄌㆦㆻ8,95
露,ㄌㆦ˪,90
霸,ㄅㄚ˪,100
霹,ㄆㄧㆻ,100
靂,ㄌㄧㆻ8,100
靈,ㄌㄧㄥˊ,100
靈,ㄌㄧㄢˊ,95
青,ㄘㆥ,100
青,ㄑㆪ,95
青,ㄑㄧㄥ,90
靖,ㄐㄧㄥ˫,100
靘,ㄑㆪˋ,100
靜,ㄐㄧㄥ˫,100
靜,ㄗㆥ˫,95
靜,ㄐㆪ˫,90
非,ㄏㄨㄧ,100
靠,ㄎㄜ˪,100
靠,ㄎㄨㄚ˪,95
面,ㆠㄧㄣ˫,100
面,ㆠㄧㄢ˫,95
革,ㄍㄧㆻ,100
靳,ㄍㄧㄣ˪,100
靴,ㄏㄧㄚ,100
靶,ㄅㆤˋ,100
鞅,ㄧㆲˋ,100
鞋,ㆤˊ,100
鞋,ㄨㆤˊ,95
鞋,ㄏㄞˊ,90
鞍,ㄨㆩ,100
鞍,ㄢ,95
鞏,ㄎㆲ˫,100
鞏,ㄍㄧㆲˋ,95
鞘,ㄒㄧㄨ˪,100
鞘,ㄒㄧㄜ˪,95
鞠,ㄍㄧㆦㆻ,100
鞦,ㄑㄧㄨ,100
鞦,ㄊㄧㄨ,95
鞭,ㄇㄧ,100
鞭,ㄅㄧㄢ,95
鞭,ㄅㆪ,90
韆,ㄑㄧㄢ,100
韆,ㄘㄢ,95
韆,ㄎㄢ,90
韋,ㄨㄧˊ,100
韌,ㆡㄨㄣ˫,100
韌,ㄌㄨㄣ˫,95
韓,ㄏㄢˊ,100
韭,ㄍㄨˋ,100
音,ㄧㆬ,100
韻,ㄨㄣ˫,100
響,ㄏㄧㆲˋ,100
響,ㄏㄧㄤˋ,95
頁,ㄧㄚㆷ8,100
頂,ㄉㄧㄥˋ,100
頃,ㄎㄧㄥˋ,100
頃,ㄎㄧㄥ,95
項,ㄏㄤ˫,100
順,ㄙㄨㄣ˫,100
頇,ㄏㄢˊ,100
頇,ㄏㄢ,95
須,ㄙㄨ,100
頌,ㄒㄧㆲ˫,100
預,ㄧ˫,100
預,ㄨ˫,95
頑,ㆣㄨㄢˊ,100
頒,ㄅㄢ,100
頓,ㄉㆭ˪,100
頓,ㄉㄨㄣ˪,95
頓,ㄉㄨㆪ˪,90
頕,ㄉㆰ˪,100
頕,ㄉㄧㆬ˪,95
頕,ㄊㄧㆬ˪,90
頗,ㄆㄜˋ,100
領,ㄋㄧㄚˋ,100
領,ㄌㄧㄥˋ,95
頡,ㄎㄧㄚㆵ,100
頦,ㄏㄞˊ,100
頦,ㄏㄨㄞˊ,95
頭,ㄊㄠˊ,100
頭,ㄊㄧㄜˊ,95
頭,ㄊㆦˊ,90
頭,ㄊㄜˊ,85
頭,ㄊㄚㆷ8,80
頷,ㆰ˫,100
頸,ㄍㄨㄣˋ,100
頸,ㄍㄧㄥˋ,95
頹,ㄉㄨㆤˊ,100
頻,ㄅㄧㄣˊ,100
題,ㄉㆤˊ,100
題,ㄉㄨㆤˊ,95
額,ㆣㄧㄚㆷ8,100
額,ㄏㄧㄚㆷ8,95
額,ㆣㄧㆻ8,90
額,ㆣㄧㄚ˫,85
顎,ㄍㆦㆻ,100
顎,ㄎㆦㆻ,95
顎,ㆣㆦㆻ,90
顏,ㆣㄢˊ,100
願,ㆣㄨㄢ˫,100
顛,ㄉㄧㄢ,100
顛,ㄊㄧㄢ,95
類,ㄌㄨㄧ˫,100
顢,ㆠㄢ˫,100
顧,ㄍㆦ˪,100
顫,ㄗㄨㄣ˪,100
顯,ㄏㄧㄢˋ,100
顯,ㄏㄧㆩˋ,95
顱,ㄌㆦˊ,100
顴,ㄍㄨㄢ˪,100
風,ㄏㆲ,100
風,ㄏㄨㄤ,95
颱,ㄊㄞ,100
颶,ㄍㄨ˫,100
颺,ㄧㆩ˫,100
颺,ㄑㄧㆫˊ,95
颺,ㄑㄧㆧˊ,90
飄,ㄆㄧㄠ,100
飆,ㄅㄧㄜ,100
飆,ㄆㄧㄠ,95
飛,ㄅㄨㆤ,100
飛,ㄏㄨㄧ,95
飛,ㄏㄨㆤ,90
飛,ㄅㆤ,85
食,ㄐㄧㄚㆷ8,100
食,ㄒㄧㆵ8,95
食,ㄐㄧㄚ˫,90
飢,ㄍㄧ,100
飫,ㄨㄧ˪,100
飯,ㄅㆭ˫,100
飯,ㄏㄨㄢ˫,95
飯,ㄅㄨㆪ˫,90
飲,ㄧㆬˋ,100
飼,ㄑㄧ˫,100
飽,ㄅㄚˋ,100
飽,ㄅㄠˋ,95
飾,ㄒㄧㆻ,100
餃,ㄍㄧㄠˋ,100
餅,ㄅㄧㆩˋ,100
餉,ㄏㄧㆲ˪,100
養,ㄧㆲˋ,100
養,ㄧㆫˋ,95
養,ㄧㄤˋ,90
養,ㄧㆧˋ,85
餌,ㆢㄧ˫,100
餌,ㄌㄧ˫,95
餐,ㄘㄢ,100
餒,ㄌㄨㆤˋ,100
餓,ㆣㄜ˫,100
餘,ㄨˊ,100
餘,ㄧˊ,95
餞,ㄐㄧㄢ˪,100
餞,ㄐㄧㄢˋ,95
餞,ㄐㄧㄢ,90
餡,ㆩ˫,100
館,ㄍㄨㄢˋ,100
餲,ㄞ,100
餾,ㄌㄧㄨ˫,100
餾,ㄌㄧㄨˊ,95
饅,ㆠㄢˋ,100
饅,ㆠㄢˊ,95
饋,ㄍㄨㄧ˫,100
饌,ㄗㄨㄢ˫,100
饑,ㄍㄧ,100
饒,ㆢㄧㄠˊ,100
饒,ㄌㄧㄠˊ,95
饗,ㄏㄧㄤˋ,100
饞,ㄙㄞˊ,100
首,ㄒㄧㄨˋ,100
香,ㄏㄧㆫ,100
香,ㄏㄧㆲ,95
香,ㄏㄧㄤ,90
香,ㄏㄧㆧ,85
馝,ㄅㄧㆷ,100
馨,ㄏㄧㄥ,100
馨,ㄏㄧㆲ,95
馬,ㄇㄚˋ,100
馬,ㆠㆤˋ,95
馬,ㄇㄚ,90
馮,ㄅㄤˊ,100
馳,ㄉㄧˊ,100
馴,ㄙㄨㄣˊ,100
駁,ㄅㆦㆻ,100
駁,ㄅㄜㆷ,95
駁,ㄆㄜㆷ,90
駐,ㄉㄨ˫,100
駐,ㄗㄨ˪,95
駐,ㄗㄨ˫,90
駕,ㄍㄚ˪,100
駙,ㄏㄨ˫,100
駛,ㄙㄞˋ,100
駛,ㄙㄨˋ,95
駝,ㄉㄜˊ,100
駟,ㄙㄨ˪,100
駱,ㄌㆦㆻ8,100
駱,ㄌㄜㆷ8,95
駿,ㄗㄨㄣ˪,100
騎,ㄎㄧㄚˊ,100
騎,ㄎㄧˊ,95
騙,ㄆㄧㄢ˪,100
騫,ㄎㄧㄢ,100
騰,ㄊㄧㄥˊ,100
騷,ㄙㄜ,100
騾,ㄌㆤˊ,100
騾,ㄌㄜˊ,95
驅,ㄎㄨ,100
驍,ㄏㄧㄠ,100
驕,ㄍㄧㄠ,100
驗,ㆣㄧㆰ˫,100
驚,ㄍㄧㆩ,100
驚,ㄍㆥ,95
驚,ㄍㄧㄥ,90
驚,ㄍㆪ,85
驛,ㄧㄚㆷ8,100
驛,ㄧㆻ8,95
驢,ㄌㄨˊ,100
驢,ㄌㄧˊ,95
骨,ㄍㄨㆵ,100
骰,ㄉㄠˊ,100
骰,ㄉㄠ˫,95
骱,ㄍㄞˋ,100
骸,ㄏㄞˊ,100
骼,ㄍㆤㆷ,100
骿,ㄆㄧㆩ,100
髓,ㄘㄨㆤˋ,100
髓,ㄘㆤˋ,95
髓,ㄘㄨㄧˋ,90
體,ㄊㆤˋ,100
體,ㄊㄞˋ,95
體,ㄊㄨㆤˋ,90
高,ㄍㄜ,100
高,ㄍㄠ,95
髡,ㄎㄨㄣ,100
髮,ㄏㄨㄚㆵ,100
髻,ㄍㄨㆤ˪,100
髻,ㄍㆤ˪,95
鬃,ㄗㄤ,100
鬆,ㄙㄤ,100
鬆,ㄙㆲ,95
鬍,ㄏㆦˊ,100
鬖,ㄙㆰ˪,100
鬚,ㄑㄧㄨ,100
鬚,ㄙㄨ,95
鬢,ㄅㄧㄣ˪,100
鬥,ㄉㄠ˪,100
鬥,ㄉㆦ˪,95
鬧,ㄌㄠ˫,100
鬧,ㄋㄠ˫,95
鬮,ㄎㄠ,100
鬱,ㄨㆵ,100
鬻,ㄧㆦㆻ8,100
鬼,ㄍㄨㄧˋ,100
魁,ㄎㄨㆤ,100
魂,ㄏㄨㄣˊ,100
魄,ㄆㄧㆻ,100
魅,ㆠㄧ˫,100
魍,ㆠㄤˋ,100
魍,ㆠㆲˋ,95
魎,ㄌㄧㆲˋ,100
魏,ㆣㄨㄧ˫,100
魑,ㄌㄧˊ,100
魔,ㄇㆦˊ,100
魚,ㄏㄧˊ,100
魚,ㄏㄨˊ,95
魚,ㆣㄨˊ,90
魠,ㄊㄜㆷ,100
魠,ㄊㄨㆷ,95
魩,ㆠㄨㆵ,100
魬,ㄅㄨㆩˋ,100
魯,ㄌㆦˋ,100
魯,ㄌㄨㆷ,95
魴,ㄏㄤ,100
魽,ㄍㆰ,100
鮊,ㄆㄚ,100
鮑,ㄅㄠ,100
鮑,ㄅㄠ˫,95
鮕,ㄍㆦ,100
鮘,ㄉㄞ,100
鮡,ㄊㄧㄠˊ,100
鮢,ㄗㄨ,100
鮫,ㄍㄚ,100
鮮,ㄑㆪ,100
鮮,ㄒㄧㄢ,95
鮮,ㄒㄧㄢˋ,90
鮸,ㆠㄧㄢˋ,100
鯃,ㆣㆦˊ,100
鯉,ㄌㄧˋ,100
鯉,ㄌㆤ˫,95
鯊,ㄙㄨㄚ,100
鯗,ㄒㄧㆫˋ,100
鯗,ㄒㄧㆧˋ,95
鯧,ㄑㄧㆫ,100
鯧,ㄑㄧㆧ,95
鯨,ㄍㄧㄥ,100
鯨,ㄍㄧㄤ,95
鯪,ㄌㄚˊ,100
鯮,ㄗㄤ,100
鯰,ㄌㄧㆰˊ,100
鯽,ㄐㄧㆵ,100
鰇,ㆢㄧㄨˊ,100
鰇,ㄌㄧㄨˊ,95
鰓,ㄑㄧ,100
鰗,ㄏㆦˊ,100
鰡,ㄌㄧㄨ,100
鰮,ㄨㄣ,100
鰱,ㄌㄧㄢˊ,100
鰲,ㆣㄜˊ,100
鰻,ㄇㄨㄚˊ,100
鰾,ㄅㄧㄜ˫,100
鱈,ㄙㄨㄚㆵ,100
鱉,ㄅㄧㆷ,100
鱉,ㄅㄧㄚㆵ,95
鱔,ㄒㄧㄢ˫,100
鱖,ㄍㆤ˪,100
鱖,ㄍㄨㆤ˪,95
鱗,ㄌㄢˊ,100
鱗,ㄌㄧㄣˊ,95
鱙,ㄌㄧㄠˊ,100
鱙,ㆢㄧㄠˊ,95
鱟,ㄏㄠ˫,100
鱲,ㄌㄚㆷ8,100
鱷,ㄎㆦㆻ8,100
鱷,ㆣㆦㆻ8,95
鱸,ㄌㆦˊ,100
鱺,ㄌㆤ˫,100
鳥,ㄐㄧㄠˋ,100
鳥,ㄋㄧㄠˋ,95
鳩,ㄎㄧㄨ,100
鳳,ㄏㆲ˫,100
鳴,ㆠㄧㄥˊ,100
鴆,ㄊㄧㆬ,100
鴉,ㄚ,100
鴒,ㄌㄧㄥ˫,100
鴕,ㄉㄜˊ,100
鴛,ㄨㄢ,100
鴞,ㄏㄧㄜㆷ8,100
鴞,ㄏㄧㄜ˫,95
鴞,ㄏㄧㄠ,90
鴟,ㄑㄧ,100
鴟,ㄌㄞ˫,95
鴟,ㆠㄚ˫,90
鴟,ㆠㄚㆷ8,85
鴟,ㄌㄚ˫,80
鴟,ㄇㄨㄚ˫,75
鴟,ㄋㄚ˫,70
鴟,ㄋㄚㆷ8,65
鴣,ㄍㆦ,100
鴦,ㄧㆫ,100
鴦,ㄧㆲ,95
鴦,ㄧㆧ,90
鴨,ㄚㆷ,100
鴻,ㄏㆲˊ,100
鴿,ㄍㄚㆴ,100
鴿,ㄍㄚㆷ,95
鵁,ㄍㄚ,100
鵑,ㄍㄨㄢ,100
鵝,ㆣㄜˊ,100
鵝,ㄫㆦˊ,95
鵝,ㆣㄧㄚˊ,90
鵠,ㄎㆦㆻ,100
鵠,ㄎㄧㄚㆵ,95
鵠,ㄎㄧㆻ,90
鵡,ㆠㄨˋ,100
鵤,ㄍㄚㆻ,100
鵪,ㄧㄢ,100
鵬,ㄆㄧㄥˊ,100
鵬,ㄅㄧㄥˊ,95
鵰,ㄉㄧㄠ,100
鵲,ㄑㄧㆻ,100
鵲,ㄑㄧㆦㆻ,95
鵻,ㄗㄨㄧ,100
鶉,ㄉㄨㄣ,100
鶉,ㄘㄨㄣ,95
鶖,ㄑㄧㄨ,100
鶯,ㄧㄥ,100
鶴,ㄏㄜㆷ8,100
鶴,ㄏㆦㆻ8,95
鶶,ㄊㄤˊ,100
鶿,ㄐㄧˊ,100
鷓,ㄐㄧㄚ˪,100
鷗,ㆦ,100
鷥,ㄒㄧ,100
鷹,ㄧㄥ,100
鷺,ㄌㆦˊ,100
鷺,ㄌㆦ˫,95
鸕,ㄌㆦˊ,100
鸚,ㄧㄥ,100
鸞,ㄌㄨㄢˊ,100
鹹,ㄍㄧㆰˊ,100
鹼,ㄍㆪ,100
鹼,ㄍㄧㆰˋ,95
鹽,ㄧㆰˊ,100
鹽,ㄍㄧㆰˊ,95
鹿,ㄌㆦㆻ8,100
鹿,ㄌㄚㆻ,95
麒,ㄍㄧˊ,100
麒,ㄍㄧ,95
麗,ㄌㆤ˫,100
麗,ㄌㆤˊ,95
麝,ㄒㄧㄚ˫,100
麟,ㄌㄧㄣˊ,100
麟,ㄌㄧㄣ,95
麥,ㆠㆤㆷ8,100
麥,ㆠㆤ˫,95
麥,ㆠㄧㆻ8,90
麩,ㄏㄨ,100
麩,ㄆㆦ,95
麩,ㄆㄜ,90
麭,ㄆㄤˋ,100
麴,ㄎㄚㆻ,100
麴,ㄍㄚㆻ,95
麵,ㄇㄧ˫,100
麵,ㆠㄧㄢ˫,95
麵,ㆠㄧㄣ˫,90
麶,ㄊㄧ,100
麻,ㄇㄨㄚˊ,100
麻,ㄇㄚˊ,95
麻,ㆠㄚˊ,90
麻,ㆠㄨㄚˊ,85
黃,ㆭˊ,100
黃,ㄏㆲˊ,95
黃,ㄨㆪˊ,90
黃,ㆠㄚ,85
黍,ㄙㄨㆤˋ,100
黍,ㄙㆤˋ,95
黍,ㄒㄧㆻ,90
黎,ㄌㆤˊ,100
黏,ㄌㄧㆰˊ,100
黐,ㄊㄧ,100
黑,ㄏㄧㆻ,100
黗,ㄊㄨㄣˊ,100
默,ㆠㄧㆻ8,100
黛,ㄉㄞ˫,100
黜,ㄊㄨㆷ,100
黜,ㄊㄨㆵ,95
點,ㄉㄧㆰˋ,100
黨,ㄉㆲˋ,100
黯,ㆰˋ,100
黹,ㄐㄧˋ,100
黿,ㆣㄨㄢˊ,100
鼇,ㄫㆦˊ,100
鼎,ㄉㄧㆩˋ,100
鼎,ㄉㄧㄥˋ,95
鼓,ㄍㆦˋ,100
鼠,ㄑㄧˋ,100
鼠,ㄘㄨˋ,95
鼢,ㆠㄨㄣ˪,100
鼻,ㄆㆪ˫,100
鼻,ㄆㄧ˫,95
鼾,ㄏㄨㆩˊ,100
鼾,ㄍㆧˊ,95
齁,ㄏㆧ,100
齆,ㄤ˪,100
齊,ㄗㆤˊ,100
齊,ㄐㄧㄠˊ,95
齊,ㄗㄨㆤˊ,90
齊,ㄗㆤ˪,85
齊,ㄗㄠˊ,80
齋,ㄗㄞ,100
齋,ㄗㆤ,95
齒,ㄎㄧˋ,100
齡,ㄌㄧㄥˊ,100
齣,ㄘㄨㆵ,100
齧,ㄎㆤ˪,100
齧,ㄎㄨㆤ˪,95
齧,ㄎㄨㆤㆷ,90
齧,ㄎㆤㆷ,85
齪,ㄗㄚㆻ,100
齴,ㆣㄧㄤ˪,100
齷,ㄚㆻ,100
齻,ㄗㄢ,100
龍,ㄌㄧㄥˊ,100
龍,ㄌㄧㆲˊ,95
龍,ㄌㆲ,90
龍,ㆣㄧㄥˊ,85
龍,ㄌㄤˊ,80
龍,ㄌㆲˊ,75
龍,ㄌㄧㄤˊ,70
龐,ㄆㄧㄤ˫,100
龐,ㄅㄤˊ,95
龔,ㄍㄧㄥˋ,100
龕,ㄎㆰ,100
龜,ㄍㄨ,100
龜,ㄍㄨㄧ,95
𠕇,ㄉㄧㄥ˫,100
𠕇,ㄉㄢ˫,95
𠕇,ㄉㆮ˫,90
𠞩,ㄗㄨㄧˊ,100
𠞭,ㄌㄧㄜˊ,100
𠢕,ㆣㄠˊ,100
𠯗,ㄐㄧㆴ8,100
𠯗,ㄒㄧㆴ8,95
𡢃,ㄍㄢˋ,100
𡳞,ㄌㄢ˫,100
𢪱,ㆠㄨㆵ8,100
𢪱,ㆠㄨㆵ,95
𢯾,ㄇㆦㆷ,100
𢲸,ㄌㆦ˫,100
𢼌,ㄅㄚ,100
𣁳,ㄎㄚㆵ,100
𣛮,ㄒㄧㆩ˫,100
𣛮,ㄒㄧㄚ˫,95
𣮈,ㄎㄨㆵ8,100
𣮈,ㄎㄨㆵ,95
𣻸,ㄒㄧㆫˊ,100
𣻸,ㄒㄧㆧˊ,95
𤆬,ㄘㄨㄚ˫,100
𤉙,ㄍㄨㄣˊ,100
𤲍,ㄎㆤㆷ,100
𤲍,ㄎㄨㆤㆷ,95
𤶃,ㄊㄧㄠ˫,100
𤺅,ㄘㆤ˪,100
𤺅,ㄘㄨㄧ˪,95
𤺅,ㄗㄨㆤ˪,90
𤺅,ㄗㆤ˪,85
𤺅,ㄘㆤㆷ,80
𤺅,ㄘㆤㆷ8,75
𤺪,ㄒㄧㄢ˫,100
𥌚,ㆠㄞ˫,100
𥍉,ㄋㄧㆷ,100
𥍉,ㄌㄧㄚㆴ,95
𥐵,ㄆㄧㄚㆵ,100
𥑮,ㄍㆦˋ,100
𥑮,ㄍㄜˋ,95
𥰔,ㄆㄧㄣˋ,100
𥴊,ㄍㆰˋ,100
𦉎,ㄙㄨㄧ,100
𦊓,ㄌㄧㄥˊ,100
𦜆,ㄏㆰ,100
𦟪,ㄌㄧㄢˊ,100
𧉟,ㄉㄞˊ,100
𧌄,ㆰ,100
𧌄,ㆰˊ,95
𧌄,ㄧㆰ,90
𧌄,ㆰ˪,85
𧌄,ㄏㆰˋ,80
𧌄,ㆰˋ,75
𧌄,ㄏㆰ,70
𧮙,ㄘㄜㆷ,100
𧮙,ㄘㄜㆷ8,95
𧿬,ㄊㄨㄣˋ,100
𧿳,ㄆㄨㆵ8,100
𨂾,ㄌㆰ˪,100
𨂿,ㄨㆮˋ,100
𨂿,ㄨㆮㆷ,95
𨂿,ㄨㄞㆷ,90
𨑨,ㄑㄧㆵ,100
𨑨,ㄊㄧㆵ,95
𩑾,ㄑㄧㆷ,100
𩚨,ㄎㄧㄨ˫,100
𩛩,ㄍㄠㆷ,100
𩵱,ㄫㆦˋ,100
𩸙,ㄉㄞ˫,100
𩸙,ㄉㄞˊ,95
𩸶,ㆣㆰ˫,100
𩸶,ㄍㆰ˫,95
𪁎,ㄑㄧㄜ,100
𪐞,ㄉㆦ˪,100
𪜶,ㄧㄣ,100
𪜶,ㄧㄣ˫,95
𫝏,ㆣㄢ˪,100
𫝛,ㄒㄧㄤ˫,100
𫝛,ㄒㄧㄤˊ,95
𫝺,ㄏㄧㄨ˪,100
𫝻,ㄏㄨㆤˊ,100
𫞼,ㄘㄞ˫,100
𫟂,ㄏㄢˊ,100
𬦰,ㄅㆤㆷ,100
𰣻,ㄍㄜ,100
