鴉,a
仔,a
阿,a
亞,a
啊,a
腌,a
壓,ah
押,ah
鴨,ah
啊,ah
壓,ah
押,ah
矣,ah
鴨,ah
埃,ai
哀,ai
哎,ai
唉,ai
挨,ai
噯,aih
握,ak
沃,ak
幄,ak
握,ak
沃,ak
渥,ak
齷,ak
菴,am
闇,am
掩,am
醃,am
庵,am
罨,am
腌,am
諳,am
鵪,am
𧌄,am
安,an
鞍,an
翁,ang
尪,ang
鴨,ap
壓,ap
押,ap
曷,at
遏,at
揠,at
軋,at
遏,at
區,au
歐,au
漚,au
甌,au
拗,auh
哮,aunn
曷,a̍h
盒,a̍h
狎,a̍p
盍,a̍p
盒,a̍p
肉,bah
肉,bah
屄,bai
沐,bak
沐,bak
屘,ban
捌,bat
曾,bat
目,ba̍k
墨,ba̍k
木,ba̍k
密,ba̍t
貿,ba̍uh
欲,beh
欲,beh
要,beh
欲,berh
買,beré
賣,berē
袂,berě
脈,be̍eh
麥,be̍eh
麥,be̍h
襪,be̍rh
咪,bi
滅,bia̍t
篾,bia̍t
蔑,bia̍t
覕,bih
覕,bih
免,bián
眄,bián
冕,bián
勉,bián
緬,bián
渺,biáu
淼,biáu
秒,biáu
藐,biáu
棉,biân
眠,biân
綿,biân
描,biâu
苗,biâu
錨,biâu
母,bió
秒,bió
謀,biô
描,biô
牟,biô
眸,biô
繆,biû
面,biān
麵,biān
妙,biāu
廟,biāu
廟,biō
懋,biō
貿,biō
繆,biū
謬,biū
篾,bi̍h
貊,bi̍k
陌,bi̍k
墨,bi̍k
脈,bi̍k
覓,bi̍k
麥,bi̍k
默,bi̍k
沕,bi̍t
宓,bi̍t
密,bi̍t
蜜,bi̍t
謐,bi̍t
欲,boh
揍,bok
摸,bong
摸,boo
莫,bo̍h
瘼,bo̍h
膜,bo̍h
木,bo̍k
目,bo̍k
莫,bo̍k
鶩,bo̍k
寞,bo̍k
沐,bo̍k
漠,bo̍k
牧,bo̍k
睦,bo̍k
穆,bo̍k
膜,bo̍k
邈,bo̍k
抹,buah
抹,buah
抹,buat
末,bua̍h
茉,bua̍h
末,bua̍t
襪,bua̍t
欲,bueh
襪,bue̍h
微,bui
蝛,bui
呅,bun
粅,but
𢪱,but
晚,buán
滿,buán
磨,buâ
瞞,buân
尾,bué
買,bué
囮,buê
萬,buān
袂,buē
不,buē
未,buē
賣,buē
未,buī
物,bu̍t
勿,bu̍t
歿,bu̍t
沒,bu̍t
𢪱,bu̍t
惡,bái
㝥,bái
䆀,bái
挽,bán
艋,báng
蠓,báng
卯,báu
泖,báu
茆,báu
媌,bâ
貓,bâ
麻,bâ
眉,bâi
埋,bâi
楣,bâi
霾,bâi
閩,bân
蠻,bân
忙,bâng
氓,bâng
芒,bâng
茫,bâng
貓,bâu
矛,bâu
茅,bâu
馬,bé
尾,bé
買,bé
瑪,bée
碼,bée
馬,bée
尾,bér
美,bér
糜,bê
謎,bê
迷,bê
微,bêr
糜,bêr
美,bí
靡,bí
米,bí
弭,bí
緡,bín
憫,bín
抿,bín
敏,bín
泯,bín
閔,bín
猛,bíng
皿,bíng
彌,bî
眉,bî
縻,bî
薇,bî
麋,bî
微,bî
嵋,bî
湄,bî
眯,bî
糜,bî
明,bîn
民,bîn
岷,bîn
旻,bîn
眠,bîn
閩,bîn
名,bîng
明,bîng
溟,bîng
甍,bîng
眀,bîng
瞑,bîng
鳴,bîng
冥,bîng
盟,bîng
茗,bîng
萌,bîng
螟,bîng
銘,bîng
甍,bòng
母,bó
惘,bóng
懵,bóng
檬,bóng
網,bóng
罔,bóng
莽,bóng
蟒,bóng
魍,bóng
毋,bóo
母,bóo
牡,bóo
畝,bóo
某,bóo
無,bô
亡,bông
芒,bông
茫,bông
蒙,bông
雺,bông
忙,bông
朦,bông
濛,bông
盲,bông
矇,bông
謀,bôo
摸,bôo
摹,bôo
模,bôo
謨,bôo
濆,bùn
武,bú
舞,bú
撫,bú
母,bú
牡,bú
侮,bú
拇,bú
鵡,bú
刎,bún
吻,bún
無,bû
蕪,bû
巫,bû
誣,bû
文,bûn
聞,bûn
門,bûn
們,bûn
捫,bûn
紋,bûn
蚊,bûn
雯,bûn
擸,bā
覓,bā
峇,bā
覓,bāi
萬,bān
慢,bān
瓣,bān
嫚,bān
曼,bān
漫,bān
縵,bān
蔓,bān
謾,bān
顢,bān
夢,bāng
望,bāng
網,bāng
㴘,bāu
貌,bāu
貿,bāu
未,bē
妹,bē
賣,bē
袂,bē
妹,bēr
味,bī
未,bī
媚,bī
寐,bī
沬,bī
謎,bī
魅,bī
面,bīn
孟,bīng
命,bīng
帽,bō
磨,bō
夢,bōng
妄,bōng
忘,bōng
望,bōng
墓,bōng
慕,bōo
暮,bōo
茂,bōo
墓,bōo
募,bōo
幕,bōo
戊,bōo
務,bū
霧,bū
問,būn
悶,būn
汶,būn
燜,būn
紊,būn
網,bǎng
挨,e
鍋,e
厄,eeh
厄,eh
厄,eh
呃,eh
嬰,enn
嚶,enn
倭,er
萵,er
鍋,er
挨,ere
狹,ere̍h
呃,erh
揋,erè
矮,eré
鞋,erê
狹,e̍h
與,gah
樂,ga̍k
岳,ga̍k
嶽,ga̍k
獄,ga̍k
夾,gereh
莢,gereh
挾,gere̍h
倪,gerê
藝,gerē
月,ge̍h
月,ge̍rh
撠,giah
鈃,giang
鋏,giap
挾,giap
鋏,giap
嚙,giat
囓,giat
舉,gia̍h
攑,gia̍h
額,gia̍h
挾,gia̍p
業,gia̍p
鄴,gia̍p
孽,gia̍t
齧,gia̍t
虐,gio̍h
謔,gio̍h
玉,gio̍k
虐,gio̍k
紇,git
癮,giàn
齴,giàng
儼,giám
妍,gián
研,gián
仰,giáng
迎,giâ
夯,giâ
蜈,giâ
鵝,giâ
巖,giâm
嚴,giâm
岩,giâm
言,giân
堯,giâu
偶,gió
藕,gió
仰,gióng
蟯,giô
搝,giú
牛,giû
驗,giām
唁,giān
藠,giǒ
虐,gi̍k
玉,gi̍k
逆,gi̍k
額,gi̍k
鵠,go̍k
噩,go̍k
愕,go̍k
萼,go̍k
顎,go̍k
鱷,go̍k
齶,go̍k
哦,guah
月,gua̍t
玥,gua̍t
月,gue̍h
訖,gut
迄,gut
我,guá
瓦,guá
玩,guán
阮,guán
我,guán
元,guân
黿,guân
原,guân
源,guân
頑,guân
危,guî
巍,guî
桅,guî
外,guā
偌,guā
愿,guān
願,guān
外,guē
刈,guē
魏,guī
偽,guī
仡,gu̍t
兀,gu̍t
屹,gu̍t
眼,gán
牙,gâ
芽,gâ
衙,gâ
崖,gâi
涯,gâi
獃,gâi
皚,gâi
岩,gâm
癌,gâm
顏,gân
言,gân
寒,gân
凝,gân
𠢕,gâu
爻,gâu
肴,gâu
詣,gè
嚙,gè
牙,gê
㤉,gê
芽,gê
倪,gê
猊,gê
霓,gê
牙,gêe
芽,gêe
衙,gêe
㤉,gêr
語,gí
擬,gí
蟻,gí
錦,gím
囡,gín
眼,gíng
研,gíng
語,gír
儀,gî
宜,gî
疑,gî
吟,gîm
砛,gîm
岑,gîm
銀,gîn
睨,gîn
凝,gîng
迎,gîng
漁,gîr
魚,gîr
吾,gónn
我,gónn
忤,góo
吾,góonn
娥,gô
敖,gô
遨,gô
熬,gô
鵝,gô
俄,gô
吪,gô
峨,gô
翱,gô
蛾,gô
鼇,gô
楞,gông
昂,gông
吾,gônn
吾,gôo
梧,gôo
吳,gôo
蜈,gôo
語,gú
我,gún
阮,gún
娛,gû
愚,gû
漁,gû
牛,gû
魚,gû
虞,gû
隅,gû
垠,gûn
沂,gûn
睨,gûn
鄞,gûn
銀,gûn
齦,gûn
訝,gā
礙,gāi
艾,gāi
儑,gām
岸,gān
晏,gān
彥,gān
諺,gān
雁,gān
愣,gāng
詣,gē
毅,gē
艾,gē
藝,gē
義,gī
誼,gī
議,gī
扲,gīm
猌,gīn
迎,gīng
御,gīr
禦,gīr
馭,gīr
臥,gō
傲,gō
餓,gō
戇,gōng
悟,gōo
五,gōo
午,gōo
誤,gōo
寤,gōo
晤,gōo
寓,gū
御,gū
遇,gū
儑,gǎm
硬,gǐng
午,gǒo
哈,ha
哈,hah
咍,hai
嗨,hai
奒,hai
唉,haih
哼,hainn
蓄,hak
邯,ham
䈄,ham
憨,ham
蚶,ham
酣,ham
頇,han
鼾,han
烘,hang
魴,hang
熁,hannh
唅,hannh
熁,hannh
欱,hap
翕,hap
曷,hat
褐,hat
豁,hat
嘐,hau
藃,haunnh
合,ha̍h
箬,ha̍h
縖,ha̍h
學,ha̍k
礐,ha̍k
合,ha̍p
盍,ha̍p
匣,ha̍p
洽,ha̍p
盒,ha̍p
闔,ha̍p
乏,ha̍t
轄,ha̍t
黠,ha̍t
彼,he
痚,he
瘕,hee
罅,hee
嘿,heeh
嚇,heeh
嚇,heh
哼,henn
灰,her
蟹,herě
僖,hi
墟,hi
熙,hi
稀,hi
虛,hi
希,hi
唏,hi
嘻,hi
嬉,hi
晞,hi
曦,hi
桸,hi
熹,hi
犧,hi
羲,hi
桸,hia
遐,hia
靴,hia
遐,hiah
薟,hiam
掀,hian
軒,hian
香,hiang
薌,hiang
鄉,hiang
兄,hiann
挔,hiannh
嚇,hiannh
挔,hiannh
歇,hiat
血,hiat
㧒,hiat
血,hiat
㧒,hiat
蠍,hiat
僥,hiau
囂,hiau
梟,hiau
驍,hiau
藃,hiauh
額,hia̍h
狹,hia̍p
勰,hia̍p
協,hia̍p
拹,hia̍p
挾,hia̍p
洽,hia̍p
脅,hia̍p
挾,hia̍t
穴,hia̍t
頁,hia̍t
黑,hik
嚇,hik
赫,hik
鬩,hik
忻,him
欣,him
兄,hing
橫,hing
興,hing
亨,hing
哼,hing
胸,hing
馨,hing
靴,hio
宿,hioh
歇,hioh
歇,hioh
郁,hiok
兇,hiong
鄉,hiong
香,hiong
凶,hiong
香,hionn
葉,hio̍h
鴞,hio̍h
翕,hip
熻,hip
翕,hip
噓,hir
墟,hir
虛,hir
彼,hit
彼,hit
迄,hit
咻,hiu
休,hiu
香,hiunn
鄉,hiunn
喊,hiàm
現,hiàn
憲,hiàn
獻,hiàn
羶,hiàn
嚮,hiàng
向,hiànn
玁,hiám
險,hiám
搟,hián
顯,hián
享,hiáng
響,hiáng
餉,hiáng
饗,hiáng
顯,hiánn
曉,hiáu
遐,hiâ
嫌,hiâm
弦,hiân
懸,hiân
舷,hiân
賢,hiân
玄,hiân
絃,hiân
燃,hiânn
惶,hiânn
嬈,hiâu
向,hiòng
響,hióng
侯,hiô
方,hiông
雄,hiông
臭,hiù
復,hiù
嗅,hiù
扏,hiù
不,hiú
朽,hiú
裘,hiû
瓦,hiā
現,hiān
縣,hiān
炫,hiān
鉉,hiān
艾,hiānn
後,hiō
候,hiō
逅,hiō
后,hiǒ
後,hiǒ
厚,hiǒ
惑,hi̍k
或,hi̍k
馘,hi̍k
劃,hi̍k
劾,hi̍k
域,hi̍k
核,hi̍k
浴,hi̍k
獲,hi̍k
掝,hi̍t
摁,hmh
摁,hmh
媒,hm̂
茅,hm̂
默,hm̍h
荒,hng
坊,hng
方,hng
哼,hngh
苛,ho
蒿,ho
壑,hok
擭,hok
福,hok
腹,hok
覆,hok
福,hok
幅,hok
蝠,hok
複,hok
郝,hok
霍,hok
封,hong
芳,hong
荒,hong
豐,hong
風,hong
峰,hong
揈,hong
方,hong
坊,hong
妨,hong
慌,hong
楓,hong
烘,hong
烽,hong
瘋,hong
蜂,hong
轟,hong
酆,hong
鋒,hong
齁,honn
乎,honnh
呼,hoo
謼,hooh
乎,hoonnh
欱,hop
鶴,ho̍h
伏,ho̍k
復,ho̍k
服,ho̍k
匐,ho̍k
穫,ho̍k
袱,ho̍k
馥,ho̍k
鶴,ho̍k
夫,hu
虛,hu
撫,hu
吁,hu
孵,hu
敷,hu
烌,hu
膚,hu
趺,hu
麩,hu
花,hua
華,hua
化,hua
嘩,hua
喝,huah
砉,huah
喝,huah
幡,huan
懽,huan
翻,huan
吩,huan
暄,huan
歡,huan
番,huan
萱,huan
蕃,huan
風,huang
歡,huann
法,huat
發,huat
髮,huat
法,huat
發,huat
伐,hua̍h
活,hua̍t
筏,hua̍t
乏,hua̍t
伐,hua̍t
罰,hua̍t
閥,hua̍t
恢,hue
花,hue
華,hue
灰,hue
嘩,huee
花,huee
血,hueh
血,hueh
扉,hui
暉,hui
隳,hui
非,hui
飛,hui
騑,hui
妃,hui
徽,hui
揮,hui
菲,hui
輝,hui
霏,hui
麾,hui
血,huih
血,huih
荒,huinn
昏,huinn
塤,hun
閽,hun
分,hun
煙,hun
婚,hun
昏,hun
薰,hun
勛,hun
勳,hun
吩,hun
壎,hun
氛,hun
熏,hun
燻,hun
紛,hun
芬,hun
葷,hun
雰,hun
弗,hut
忽,hut
笏,hut
囫,hut
拂,hut
囫,hut
彿,hut
惚,hut
拂,hut
沸,hut
化,huà
華,huà
泛,huàn
換,huàn
幻,huàn
喚,huàn
奐,huàn
渙,huàn
煥,huàn
絢,huàn
販,huàn
反,huán
返,huán
晃,huánn
華,huâ
樺,huâ
懷,huâi
淮,huâi
徊,huâi
槐,huâi
濰,huâi
橫,huâinn
凡,huân
洹,huân
環,huân
還,huân
煩,huân
礬,huân
繁,huân
圜,huân
寰,huân
帆,huân
桓,huân
樊,huân
鬟,huân
鼾,huânn
晦,huè
化,huè
歲,huè
廢,huè
貨,huè
誨,huè
化,huèe
火,hué
悔,hué
賄,hué
徊,huê
洄,huê
回,huê
迴,huê
廢,huì
費,huì
卉,huì
沸,huì
肺,huì
諱,huì
毀,huí
匪,huí
斐,huí
翡,huí
菲,huí
誹,huí
腓,huî
瓷,huî
肥,huî
橫,huînn
園,huînn
畫,huā
話,huā
壞,huāi
犯,huān
換,huān
飯,huān
凡,huān
還,huān
患,huān
梵,huān
岸,huānn
扞,huānn
旱,huānn
焊,huānn
會,huē
匯,huē
潰,huē
繪,huē
惠,huī
吠,huī
彗,huī
慧,huī
蕙,huī
範,huǎn
范,huǎn
佛,hu̍t
核,hu̍t
覈,hu̍t
下,hà
孝,hà
幌,hàinn
譀,hàm
顑,hàm
漢,hàn
胮,hàng
肨,hàng
諾,hànn
孝,hàu
哮,hàu
下,há
夏,há
海,hái
駭,hái
撼,hám
喊,hám
僩,hán
喊,hán
罕,hán
哄,háng
嚇,hánn
哄,hánn
吼,háu
遐,hâ
瑕,hâ
縖,hâ
蝦,hâ
霞,hâ
鞋,hâi
骸,hâi
孩,hâi
諧,hâi
頦,hâi
還,hâinn
含,hâm
咸,hâm
銜,hâm
函,hâm
涵,hâm
鹹,hâm
閒,hân
韓,hân
寒,hân
閑,hân
嫻,hân
樊,hân
汗,hân
間,hân
行,hâng
航,hâng
降,hâng
杭,hâng
唅,hânn
肴,hâu
侯,hâu
稧,hè
歲,hè
貨,hè
歲,hèr
貨,hèr
火,hé
伙,hér
夥,hér
火,hér
兮,hê
奚,hê
嵇,hê
和,hê
回,hê
蝦,hê
攜,hê
畦,hê
蝦,hêe
霞,hêe
和,hêr
回,hêr
戲,hì
肺,hì
興,hìng
挕,hìnn
喜,hí
豨,hí
囍,hí
迥,híng
許,hír
魚,hî
漁,hî
熊,hîm
眩,hîn
形,hîng
恒,hîng
橫,hîng
行,hîng
型,hîng
還,hîng
雄,hîng
刑,hîng
嶸,hîng
恆,hîng
衡,hîng
邢,hîng
魚,hîr
漁,hîr
放,hòng
況,hòng
好,hònn
貨,hònn
耗,hònn
戽,hòo
乎,hòonn
好,hó
浩,hó
善,hó
捧,hóng
況,hóng
仿,hóng
訪,hóng
倣,hóng
幌,hóng
彷,hóng
恍,hóng
暀,hóng
紡,hóng
舫,hóng
諷,hóng
謊,hóng
火,hónn
否,hóo
虎,hóo
許,hóo
火,hóo
唬,hóo
滸,hóo
琥,hóo
火,hóonn
何,hô
和,hô
毫,hô
豪,hô
皋,hô
壕,hô
河,hô
濠,hô
禾,hô
荷,hô
菏,hô
弘,hông
方,hông
洪,hông
皇,hông
虹,hông
遑,hông
降,hông
黃,hông
妨,hông
防,hông
凰,hông
宏,hông
煌,hông
癀,hông
簧,hông
紅,hông
縫,hông
逢,hông
隍,hông
馮,hông
鴻,hông
乎,hôo
侯,hôo
候,hôo
湖,hôo
撈,hôo
鬍,hôo
壺,hôo
弧,hôo
狐,hôo
糊,hôo
胡,hôo
葫,hôo
蝴,hôo
醐,hôo
付,hù
富,hù
賦,hù
覆,hù
副,hù
赴,hù
附,hù
傅,hù
咐,hù
煦,hù
訃,hù
楦,hùn
訓,hùn
奮,hùn
忿,hùn
糞,hùn
釁,hùn
俯,hú
撫,hú
父,hú
許,hú
府,hú
拊,hú
腐,hú
斧,hú
栩,hú
甫,hú
腑,hú
詡,hú
輔,hú
釜,hú
粉,hún
很,hún
狠,hún
夫,hû
扶,hû
蜉,hû
鳧,hû
符,hû
魚,hû
浮,hû
芙,hû
蕡,hûn
雲,hûn
痕,hûn
魂,hûn
墳,hûn
汾,hûn
渾,hûn
焚,hûn
芸,hûn
餛,hûn
下,hā
夏,hā
害,hāi
亥,hāi
械,hāi
邂,hāi
莧,hāinn
貺,hāinn
和,hām
陷,hām
憾,hām
撼,hām
旱,hān
限,hān
汗,hān
悍,hān
捍,hān
瀚,hān
翰,hān
項,hāng
巷,hāng
迒,hānn
候,hāu
後,hāu
效,hāu
校,hāu
鱟,hāu
係,hē
會,hē
下,hē
系,hē
繫,hē
夏,hēe
會,hēr
下,hěe
暇,hěe
耳,hī
恨,hīn
幸,hīng
杏,hīng
貺,hīng
倖,hīng
行,hīng
耳,hīnn
硯,hīnn
浩,hō
皋,hō
號,hō
禍,hō
皓,hō
賀,hō
奉,hōng
捧,hōng
鳳,hōng
俸,hōng
縫,hōng
厚,hōo
后,hōo
後,hōo
禍,hōo
鑊,hōo
乎,hōo
候,hōo
予,hōo
付,hōo
堠,hōo
與,hōo
雨,hōo
互,hōo
戶,hōo
號,hōo
護,hōo
婦,hū
伏,hū
父,hū
負,hū
腐,hū
份,hūn
恨,hūn
溷,hūn
昏,hūn
分,hūn
廈,hǎ
暇,hǎ
懈,hǎi
亥,hǎi
蟹,hǎi
駭,hǎi
限,hǎn
旱,hǎn
項,hǎng
悻,hǐng
杏,hǐng
荇,hǐng
莧,hǐng
昊,hǒ
禍,hǒ
鎬,hǒ
顥,hǒ
晃,hǒng
怙,hǒo
戶,hǒo
扈,hǒo
滬,hǒo
負,hǔ
婦,hǔ
阜,hǔ
憤,hǔn
混,hǔn
遠,h̄ng
伊,i
依,i
噫,i
猗,i
禕,i
衣,i
他,i
遺,i
醫,i
咿,i
漪,i
埃,ia
搤,iah
約,iak
陰,iam
醃,iam
閹,iam
淵,ian
焉,ian
煙,ian
燕,ian
咽,ian
嫣,ian
胭,ian
鳶,ian
央,iang
殃,iang
泱,iang
秧,iang
鞅,iang
鴦,iang
纓,iann
揜,iap
揜,iap
揞,iap
噎,iat
謁,iat
夭,iau
腰,iau
要,iau
枵,iau
妖,iau
邀,iau
喓,iaunn
或,ia̍h
役,ia̍h
亦,ia̍h
抑,ia̍h
頁,ia̍h
驛,ia̍h
藥,ia̍k
躍,ia̍k
鑰,ia̍k
偝,ia̍nnh
葉,ia̍p
曄,ia̍p
燁,ia̍p
閱,ia̍t
悅,ia̍t
擛,ia̍t
踦,ih
億,ik
厄,ik
抑,ik
益,ik
鎰,ik
億,ik
憶,ik
溢,ik
扼,ik
溢,ik
臆,ik
陰,im
淹,im
音,im
因,in
伊,in
恩,in
怹,in
姻,in
茵,in
應,ing
纓,ing
薨,ing
坱,ing
癰,ing
英,ing
嬰,ing
櫻,ing
瑛,ing
瓔,ing
縈,ing
膺,ing
鷹,ing
鸚,ing
縈,inn
腰,io
么,io
喲,io
歐,io
育,io
謳,io
邀,io
鷗,io
臆,ioh
臆,ioh
約,iok
約,iok
壅,iong
雍,iong
藥,io̍h
鑰,io̍h
慾,io̍k
欲,io̍k
毓,io̍k
煜,io̍k
躍,io̍k
粥,io̍k
挹,ip
揖,ip
邑,ip
于,ir
於,ir
一,it
一,it
乙,it
乙,it
壹,it
憶,it
呦,iu
幽,iu
悠,iu
憂,iu
攸,iu
優,iu
鴦,iunn
厭,ià
厭,iàm
宴,iàn
讌,iàn
嚥,iàn
燕,iàn
映,iànn
要,iàu
也,iá
野,iá
奄,iám
掩,iám
琰,iám
魘,iám
偃,ián
演,ián
衍,ián
氧,iáng
養,iáng
癢,iáng
影,iánn
夭,iáu
猶,iáu
杳,iáu
窈,iáu
耶,iâ
邪,iâ
役,iâ
椰,iâ
爺,iâ
閻,iâm
鹽,iâm
緣,iân
檐,iân
延,iân
沿,iân
蝝,iân
鉛,iân
捐,iân
筵,iân
芫,iân
蜒,iân
楊,iâng
揚,iâng
陽,iâng
洋,iâng
營,iânn
贏,iânn
搖,iâu
窯,iâu
姚,iâu
瑤,iâu
謠,iâu
遙,iâu
怏,iòng
映,iòng
扷,ió
嘔,ió
毆,ió
舀,ió
勇,ióng
擁,ióng
養,ióng
仰,ióng
搖,iô
姚,iô
窯,iô
楊,iông
容,iông
庸,iông
揚,iông
洋,iông
羊,iông
陽,iông
幼,iù
有,iú
友,iú
莠,iú
誘,iú
酉,iú
黝,iú
舀,iúnn
養,iúnn
猶,iû
由,iû
輶,iû
遊,iû
鰌,iû
攸,iû
餘,iû
油,iû
游,iû
尤,iû
猷,iû
蝣,iû
郵,iû
酋,iû
楊,iûnn
羊,iûnn
洋,iûnn
溶,iûnn
熔,iûnn
陽,iûnn
也,iā
亦,iā
掖,iā
夜,iā
炎,iām
艷,iām
灩,iām
焰,iām
焱,iām
燄,iām
豔,iām
院,iān
緣,iān
恙,iāng
樣,iāng
偝,iāng
漾,iāng
颺,iānn
曜,iāu
燿,iāu
耀,iāu
恙,iōng
用,iōng
又,iū
右,iū
佑,iū
侑,iū
囿,iū
宥,iū
柚,iū
祐,iū
鼬,iū
樣,iūnn
颺,iǎnn
亦,i̍k
役,i̍k
掖,i̍k
易,i̍k
翼,i̍k
蜴,i̍k
譯,i̍k
域,i̍k
奕,i̍k
弈,i̍k
液,i̍k
疫,i̍k
翌,i̍k
腋,i̍k
驛,i̍k
佚,i̍t
佾,i̍t
軼,i̍t
逸,i̍t
遮,jia
跡,jiah
跡,jiah
弱,jia̍k
箬,jia̍k
若,jia̍k
廿,jia̍p
熱,jia̍t
逐,jiok
肉,jio̍k
若,jio̍k
辱,jio̍k
弱,jio̍k
搙,jio̍k
緝,jip
抓,jiàu
惹,jiá
冉,jiám
染,jiám
剪,jián
嚷,jiáng
壤,jiáng
繞,jiáu
遶,jiáu
擾,jiáu
爪,jiáu
苒,jiâm
髯,jiâm
然,jiân
燃,jiân
瓤,jiâng
遶,jiâu
嬈,jiâu
皺,jiâu
蟯,jiâu
饒,jiâu
攘,jióng
戎,jiông
攘,jiông
絨,jiông
揉,jiû
柔,jiû
蹂,jiû
鰇,jiû
讓,jiāng
尿,jiō
讓,jiōng
入,ji̍p
日,ji̍t
熱,jua̍h
挼,juê
叡,juē
睿,juē
銳,juē
偌,juǎ
挼,jêr
子,jí
愈,jí
忍,jím
衽,jím
兒,jî
而,jî
壬,jîm
撏,jîm
任,jîm
人,jîn
仁,jîn
仍,jîng
如,jîr
挐,jîr
茹,jîr
汝,jú
女,jú
愈,jú
乳,jú
庾,jú
如,jû
揄,jû
洳,jû
挐,jû
俞,jû
儒,jû
孺,jû
愉,jû
榆,jû
渝,jû
濡,jû
瑜,jû
蠕,jû
逾,jû
二,jī
字,jī
貳,jī
膩,jī
餌,jī
任,jīm
刃,jīm
妊,jīm
飪,jīm
仞,jīn
認,jīn
軔,jīn
喻,jū
裕,jū
諭,jū
潤,jūn
閏,jūn
韌,jūn
交,ka
佳,ka
嘉,ka
家,ka
笳,ka
加,ka
膠,ka
鉸,ka
伽,ka
傀,ka
咖,ka
茄,ka
茭,ka
葭,ka
虼,ka
袈,ka
迦,ka
鵁,ka
甲,kah
教,kah
佮,kah
柙,kah
蓋,kah
較,kah
䘥,kah
佮,kah
胛,kah
舺,kah
蓋,kah
鉀,kah
皆,kai
階,kai
骸,kai
佳,kai
偕,kai
垓,kai
該,kai
喈,kainn
肩,kainn
覺,kak
桷,kak
角,kak
鵤,kak
角,kak
柑,kam
甘,kam
監,kam
緘,kam
魽,kam
奸,kan
姦,kan
間,kan
肝,kan
矸,kan
艱,kan
乾,kan
干,kan
杆,kan
竿,kan
江,kang
公,kang
功,kang
工,kang
崗,kang
扛,kang
蚣,kang
橄,kann
監,kann
甲,kap
与,kap
合,kap
佮,kap
敆,kap
佮,kap
蛤,kap
鴿,kap
葛,kat
結,kat
割,kat
噶,kat
墼,kat
蛟,kau
交,kau
勾,kau
溝,kau
胶,kau
膠,kau
郊,kau
鉤,kau
軋,kauh
𩛩,kauh
捔,ka̍k
洽,ka̍p
嵇,ke
雞,ke
加,ke
家,ke
街,ke
奎,ke
加,kee
家,kee
格,keeh
膈,keeh
骼,keeh
格,keh
隔,keh
郭,keh
挌,keh
鍥,keh
隔,keh
經,kenn
更,kenn
庚,kenn
羹,kenn
街,kere
雞,kere
階,kere
圿,kereh
鍥,kereh
蕨,kerh
郭,kerh
庚,kerng
更,kerng
羹,kerng
界,kerè
改,keré
解,keré
膎,kerê
快,kerē
扴,ke̍eh
扴,ke̍h
跤,kha
尻,kha
卡,khah
盍,khah
籗,khah
較,khah
闔,khah
卡,khah
籗,khah
較,khah
開,khai
掮,khainn
慤,khak
殼,khak
麴,khak
殼,khak
確,khak
堪,kham
龕,kham
牽,khan
刊,khan
看,khan
孔,khang
空,khang
坩,khann
蓋,khap
匼,khap
匼,khap
嗑,khap
恰,khap
渴,khat
克,khat
𣁳,khat
扣,khau
鬮,khau
跤,khau
剾,khau
敲,khau
薅,khau
扣,khauh
闔,kha̍h
卡,kha̍h
咯,kha̍k
磕,kha̍p
摳,kha̍unnh
溪,khe
稽,khe
刮,khe
客,kheeh
缺,kheh
客,kheh
瞌,kheh
篋,kheh
坑,khenn
科,kher
詼,kher
溪,khere
匧,khereh
瞌,khereh
篋,khereh
缺,kherh
齧,kherè
挈,khe̍h
喀,khe̍nnh
崎,khi
欺,khi
敧,khi
蹊,khi
駒,khi
奇,khia
隙,khiah
卻,khiak
謙,khiam
牽,khian
圈,khian
愆,khian
掔,khian
騫,khian
勍,khiang
姜,khiang
殭,khiang
羌,khiang
腔,khiang
㾀,khiap
㾀,khiap
怯,khiap
愜,khiap
禊,khiat
契,khiat
戛,khiat
揭,khiat
詰,khiat
鍥,khiat
曲,khiau
橇,khiau
蹺,khiau
咯,khia̍k
毃,khia̍k
缺,khih
客,khik
曲,khik
克,khik
刻,khik
剋,khik
曲,khik
克,khik
刻,khik
剋,khik
隙,khik
欽,khim
襟,khim
輕,khin
卿,khing
輕,khing
頃,khing
恐,khing
筐,khing
傾,khing
坑,khing
框,khing
銎,khing
鯨,khing
坑,khinn
卻,khioh
抾,khioh
抾,khioh
卻,khiok
曲,khiok
卻,khiok
泣,khip
吸,khip
吸,khip
級,khip
佉,khir
祛,khir
乞,khit
乞,khit
吃,khit
煡,khit
丘,khiu
坵,khiu
鳩,khiu
姜,khiunn
腔,khiunn
欠,khiàm
歉,khiàm
芡,khiàm
芡,khiàn
焮,khiàn
譴,khiàn
勥,khiàng
竅,khiàu
翹,khiàu
歉,khiám
犬,khián
繾,khián
遣,khián
講,khiáng
巧,khiáu
騎,khiâ
鈐,khiâm
鉗,khiâm
黔,khiâm
乾,khiân
虔,khiân
筧,khiò
叩,khiò
寇,khiò
扣,khiò
竅,khiò
蔻,khiò
口,khió
恐,khióng
瓊,khiông
搝,khiú
虯,khiû
徛,khiā
儉,khiām
𩚨,khiū
噤,khiūnn
儉,khiǎm
鏹,khiǎng
扱,khi̍p
杙,khi̍t
煡,khi̍t
康,khng
糠,khng
吭,khngh
吭,khngh
柯,kho
科,kho
嵙,kho
炣,kho
珂,kho
窠,kho
軻,kho
告,khok
哭,khok
觳,khok
廓,khok
恪,khok
擴,khok
涸,khok
硞,khok
觳,khok
酷,khok
康,khong
空,khong
倥,khong
匡,khong
悾,khong
框,khong
眶,khong
筐,khong
糠,khong
呼,khoo
枯,khoo
箍,khoo
嘓,kho̍k
硞,kho̍k
鱷,kho̍k
區,khu
拘,khu
去,khu
丘,khu
坵,khu
嶇,khu
軀,khu
邱,khu
驅,khu
誇,khua
闊,khuah
渴,khuah
闊,khuah
渴,khuah
寬,khuan
圈,khuan
寬,khuann
橛,khuat
缺,khuat
闊,khuat
闕,khuat
溪,khue
刮,khue
恢,khue
盔,khue
詼,khue
魁,khue
缺,khueh
瞌,khueh
呿,khuh
跔,khuh
開,khui
窺,khui
虧,khui
昆,khun
坤,khun
崑,khun
琨,khun
髡,khun
鯤,khun
屈,khut
窟,khut
堀,khut
屈,khut
窟,khut
掛,khuà
靠,khuà
胯,khuà
跨,khuà
塊,khuài
快,khuài
筷,khuài
勸,khuàn
看,khuànn
快,khuànn
可,khuá
款,khuán
綣,khuán
款,khuánn
權,khuân
環,khuân
契,khuè
架,khuè
齧,khuè
快,khuè
瘸,khuê
氣,khuì
愧,khuì
潰,khuì
勸,khuìnn
傀,khuí
詭,khuí
軌,khuí
汩,khu̍h
䘿,khu̍t
顝,khu̍t
敲,khà
慨,khài
愾,khài
概,khài
溉,khài
蓋,khàm
崁,khàm
瞰,khàm
看,khàn
控,khàng
叩,khàu
扣,khàu
銬,khàu
哭,khàu
巧,khá
凱,khái
愷,khái
楷,khái
鎧,khái
敱,kháinn
坎,khám
嵌,khám
歁,khám
砍,khám
侃,khán
孔,kháng
嵌,khánn
口,kháu
巧,kháu
勘,khâm
契,khè
棨,khè
架,khè
齧,khè
憩,khè
課,khèr
稽,khé
啟,khé
棨,khé
肯,khérng
㧎,khê
瘸,khê
瘸,khêr
葵,khêr
棄,khì
氣,khì
偈,khì
去,khì
企,khì
器,khì
汽,khì
慶,khìng
去,khìr
豈,khí
起,khí
綺,khí
齒,khí
淺,khín
肯,khín
肯,khíng
頃,khíng
騎,khî
疧,khî
蜞,khî
琴,khîm
擒,khîm
禽,khîm
瓊,khîng
窮,khîng
擎,khîng
拑,khînn
鉗,khînn
課,khò
靠,khò
犒,khò
控,khòng
炕,khòng
亢,khòng
伉,khòng
壙,khòng
抗,khòng
曠,khòng
礦,khòng
空,khòng
扣,khòo
褲,khòo
靠,khòo
庫,khòo
怐,khòo
絝,khòo
可,khó
考,khó
舸,khó
洘,khó
坷,khó
拷,khó
烤,khó
孔,khóng
慷,khóng
紺,khóng
可,khónn
坷,khónn
拷,khónn
烤,khónn
考,khónn
口,khóo
苦,khóo
許,khóo
苛,khô
糊,khôo
去,khù
困,khùn
臥,khùn
睏,khùn
去,khú
墾,khún
懇,khún
捆,khún
菌,khún
跍,khû
瞿,khû
勤,khûn
囷,khûn
芹,khûn
蜷,khûn
下,khěe
柿,khī
忌,khī
虹,khīng
吭,khōng
鞏,khōng
具,khū
懼,khū
柿,khǐ
虹,khǐng
柩,khǔ
臼,khǔ
几,ki
基,ki
妓,ki
居,ki
幾,ki
支,ki
枝,ki
羈,ki
肌,ki
飢,ki
饑,ki
車,ki
技,ki
機,ki
裾,ki
乩,ki
吱,ki
姬,ki
梔,ki
璣,ki
畿,ki
箕,ki
肢,ki
譏,ki
腳,kiak
蒹,kiam
兼,kiam
堅,kian
慳,kian
肩,kian
薑,kiang
僵,kiang
疆,kiang
驚,kiann
京,kiann
俠,kiap
劫,kiap
夾,kiap
跲,kiap
劫,kiap
峽,kiap
頰,kiap
潔,kiat
結,kiat
絜,kiat
吉,kiat
搩,kiat
桔,kiat
吉,kiat
孑,kiat
拮,kiat
桔,kiat
羯,kiat
交,kiau
嬌,kiau
驕,kiau
劇,kia̍k
傑,kia̍t
竭,kia̍t
杰,kia̍t
桀,kia̍t
砌,kih
擊,kik
格,kik
激,kik
隔,kik
菊,kik
激,kik
革,kik
戟,kik
棘,kik
革,kik
今,kim
禁,kim
衿,kim
襟,kim
金,kim
今,kin
根,kin
巾,kin
斤,kin
筋,kin
跟,kin
京,king
更,king
經,king
耕,king
荊,king
驚,king
宮,king
間,king
弓,king
供,king
兢,king
庚,king
矜,king
羹,king
經,kinn
庚,kinn
更,kinn
羹,kinn
鹼,kinn
勾,kio
溝,kio
鉤,kio
腳,kioh
掬,kiok
菊,kiok
鞠,kiok
菊,kiok
宮,kiong
恭,kiong
躬,kiong
共,kiong
弓,kiong
劇,kio̍k
局,kio̍k
急,kip
級,kip
急,kip
汲,kip
級,kip
給,kip
車,kir
居,kir
据,kir
裾,kir
訖,kit
吉,kit
桔,kit4白
勼,kiu
羌,kiunn
薑,kiunn
啹,kiu̍h
寄,kià
劍,kiàm
見,kiàn
建,kiàn
毽,kiàn
鏡,kiànn
徼,kiàu
叫,kiàu
噭,kiàu
減,kiám
敢,kiám
檢,kiám
鹼,kiám
筧,kián
繭,kián
蹇,kián
子,kiánn
囝,kiánn
矯,kiáu
筊,kiáu
攪,kiáu
皎,kiáu
繳,kiáu
蛟,kiáu
餃,kiáu
鹹,kiâm
行,kiânn
檠,kiânn
僑,kiâu
喬,kiâu
橋,kiâu
叫,kiò
構,kiò
購,kiò
枸,kió
狗,kió
苟,kió
拱,kióng
橋,kiô
茄,kiô
強,kiông
窮,kiông
疚,kiù
救,kiù
糾,kiù
究,kiù
久,kiú
九,kiú
玖,kiú
求,kiû
球,kiû
仇,kiû
毬,kiû
裘,kiû
逑,kiû
崎,kiā
強,kiān
胘,kiān
健,kiān
腱,kiān
鍵,kiān
件,kiānn
健,kiānn
矯,kiāu
撟,kiāu
撬,kiāu
轎,kiō
共,kiōng
舊,kiū
疚,kiū
咎,kiū
強,kiūnn
犟,kiūnn
件,kiǎn
胘,kiǎn
強,kiǎng
件,kiǎnn
撟,kiǎu
舅,kiǔ
柩,kiǔ
臼,kiǔ
極,ki̍k
局,ki̍k
及,ki̍p
笈,ki̍p
扼,ki̍rh
汔,ki̍t
光,kng
扛,kng
缸,kng
歌,ko
臯,ko
高,ko
膏,ko
咖,ko
哥,ko
戈,ko
皋,ko
篙,ko
糕,ko
羔,ko
鍋,ko
各,koh
復,koh
閣,koh
胳,koh
各,kok
國,kok
谷,kok
轂,kok
郭,kok
閣,kok
骼,kok
國,kok
幗,kok
摑,kok
穀,kok
光,kong
公,kong
功,kong
岡,kong
工,kong
蚣,kong
剛,kong
崗,kong
攻,kong
綱,kong
缸,kong
肱,kong
胱,kong
孤,koo
罟,koo
高,koo
咕,koo
姑,koo
沽,koo
菇,koo
蛄,koo
辜,koo
鮕,koo
咯,ko̍k
硞,ko̍k
俱,ku
居,ku
車,ku
裾,ku
痀,ku
跔,ku
駒,ku
龜,ku
柯,kua
歌,kua
瓜,kua
呱,kua
媧,kua
牁,kua
過,kua
割,kuah
括,kuah
割,kuah
括,kuah
葛,kuah
乖,kuai
關,kuainn
杆,kuainn
官,kuan
瘝,kuan
觀,kuan
關,kuan
冠,kuan
捐,kuan
娟,kuan
棺,kuan
涓,kuan
綸,kuan
鰥,kuan
鵑,kuan
冠,kuann
倌,kuann
杆,kuann
乾,kuann
官,kuann
棺,kuann
竿,kuann
綰,kuann
肝,kuann
菅,kuann
活,kuat
抉,kuat
訣,kuat
刮,kuat
厥,kuat
抉,kuat
括,kuat
決,kuat
訣,kuat
譎,kuat
蹶,kuat
階,kue
瓜,kue
街,kue
雞,kue
瓜,kuee
潔,kueh
郭,kueh
刮,kueh
鍥,kueh
橛,kue̍h
挾,kue̍h
歸,kui
規,kui
圭,kui
奎,kui
機,kui
皈,kui
胿,kui
閨,kui
龜,kui
刮,kuih
刮,kuih
關,kuinn
君,kun
根,kun
軍,kun
巾,kun
斤,kun
均,kun
筋,kun
跟,kun
鈞,kun
骨,kut
骨,kut
蓋,kuà
過,kuà
卦,kuà
掛,kuà
罣,kuà
芥,kuà
褂,kuà
怪,kuài
慣,kuàinn
冠,kuàn
狷,kuàn
捲,kuàn
慣,kuàn
灌,kuàn
罐,kuàn
券,kuàn
卷,kuàn
盥,kuàn
眷,kuàn
絹,kuàn
觀,kuàn
貫,kuàn
寡,kuá
拐,kuái
枴,kuái
桿,kuáinn
稈,kuáinn
捲,kuán
館,kuán
管,kuán
卷,kuán
莞,kuán
趕,kuánn
懸,kuâinn
捲,kuân
懸,kuân
權,kuân
拳,kuân
顴,kuân
寒,kuânn
桂,kuè
會,kuè
過,kuè
怪,kuè
疥,kuè
髻,kuè
檜,kuè
膾,kuè
鱖,kuè
怪,kuèe
粿,kué
跂,kué
膎,kuê
貴,kuì
劌,kuì
季,kuì
挂,kuì
桂,kuì
炅,kuì
瑰,kuì
券,kuìnn
卷,kuìnn
貫,kuìnn
癸,kuí
幾,kuí
鬼,kuí
詭,kuí
軌,kuí
卷,kuínn
廣,kuínn
捲,kuínn
管,kuínn
騤,kuî
懷,kuî
揆,kuî
葵,kuî
逵,kuî
馗,kuî
拐,kuāinn
縣,kuāinn
倦,kuān
縣,kuān
捾,kuānn
汗,kuānn
餽,kuī
櫃,kuī
膭,kuī
跪,kuī
匱,kuī
饋,kuī
捾,kuǎnn
跪,kuǐ
咕,ku̍h
滑,ku̍t
倔,ku̍t
崛,ku̍t
掘,ku̍t
猾,ku̍t
嫁,kà
駕,kà
教,kà
架,kà
價,kà
漖,kà
稼,kà
較,kà
戒,kài
蓋,kài
丐,kài
介,kài
屆,kài
玠,kài
界,kài
芥,kài
蚧,kài
誡,kài
鑒,kàm
監,kàm
贛,kàm
鑑,kàm
澗,kàn
間,kàn
幹,kàn
姦,kàn
諫,kàn
降,kàng
絳,kàng
幹,kànn
酵,kànn
教,kàu
窖,kàu
到,kàu
夠,kàu
校,kàu
較,kàu
暇,ká
假,ká
絞,ká
賈,ká
解,kái
改,kái
骱,kái
揀,káinn
筧,káinn
襇,káinn
感,kám
敢,kám
橄,kám
𠖫,kám
囡,kán
簡,kán
揀,kán
柬,kán
稈,kán
趕,kán
𡢃,kán
講,káng
港,káng
犅,káng
敢,kánn
囝,kánn
狗,káu
九,káu
垢,káu
佼,káu
姣,káu
狡,káu
絞,káu
含,kâm
降,kâng
含,kânn
猴,kâu
嫁,kè
過,kè
價,kè
架,kè
疥,kè
計,kè
髻,kè
鱖,kè
家,kè
繼,kè
嫁,kèe
價,kèe
架,kèe
桱,kènn
過,kèr
髻,kèr
鱖,kèr
更,kèrng
假,ké
粿,ké
跂,ké
假,kée
哽,kénn
梗,kénn
果,kér
粿,kér
跂,kér
枷,kê
膎,kê
枷,kêe
寄,kì
既,kì
記,kì
據,kì
痣,kì
鋸,kì
冀,kì
暨,kì
覬,kì
計,kì
驥,kì
禁,kìm
絹,kìn
靳,kìn
竟,kìng
供,kìng
敬,kìng
更,kìng
警,kìng
勁,kìng
徑,kìng
莖,kìng
逕,kìng
鏡,kìng
見,kìnn
桱,kìnn
倨,kìr
踞,kìr
鋸,kìr
己,kí
幾,kí
指,kí
舉,kí
紀,kí
杞,kí
錦,kím
囡,kín
瑾,kín
緊,kín
謹,kín
境,kíng
景,kíng
絅,kíng
迥,kíng
揀,kíng
筧,kíng
繭,kíng
襇,kíng
儆,kíng
哽,kíng
憬,kíng
梗,kíng
炯,kíng
耿,kíng
頸,kíng
龔,kíng
矩,kír
舉,kír
其,kî
旗,kî
期,kî
淇,kî
崎,kî
奇,kî
棋,kî
騎,kî
岐,kî
歧,kî
琦,kî
琪,kî
碁,kî
祁,kî
祇,kî
祈,kî
鰭,kî
麒,kî
芩,kîm
窮,kîng
墘,kînn
渠,kîr
璩,kîr
告,kò
誥,kò
過,kò
個,kò
划,kò
摃,kòng
誆,kòng
誑,kòng
貢,kòng
鋼,kòng
固,kòo
故,kòo
遘,kòo
顧,kòo
過,kòo
僱,kòo
錮,kòo
雇,kòo
槁,kó
果,kó
稿,kó
裹,kó
廣,kóng
管,kóng
言,kóng
講,kóng
栱,kóng
古,kóo
垢,kóo
盬,kóo
瞽,kóo
苟,kóo
茍,kóo
鼓,kóo
果,kóo
估,kóo
牯,kóo
股,kóo
蠱,kóo
賈,kóo
鈷,kóo
笱,kô
栱,kông
狂,kông
鼾,kônn
糊,kôo
屨,kù
籧,kù
遽,kù
句,kù
鋸,kù
據,kù
灸,kù
棍,kùn
艮,kùn
擧,kú
舉,kú
久,kú
韭,kú
滾,kún
頸,kún
緄,kún
袞,kún
蘧,kû
衢,kû
羣,kûn
群,kûn
裙,kûn
拳,kûn
焄,kûn
共,kā
咬,kā
仝,kāng
共,kāng
厚,kāu
低,kē
偈,kē
己,kī
忌,kī
騎,kī
妗,kīm
噤,kīm
近,kīn
僅,kīn
覲,kīn
楗,kīng
競,kīng
遽,kīr
滒,kō
怙,kōo
具,kū
拒,kū
俱,kū
舅,kū
舊,kū
懼,kū
郡,kūn
近,kūn
咬,kǎ
厚,kǎu
伎,kǐ
妗,kǐm
楗,kǐng
巨,kǐr
拒,kǐr
炬,kǐr
距,kǐr
翱,kǒ
怙,kǒo
舅,kǔ
近,kǔn
窘,kǔn
勸,k̀hng
囥,k̀hng
券,k̀ng
貫,k̀ng
槓,k̀ng
鋼,k̀ng
啦,la
喇,la
拉,la
啦,lah
拉,lah
來,lai
落,lak
戮,lak
落,lak
籠,lam
趼,lan
籠,lang
櫳,lang
礱,lang
塌,lap
垃,lap
塌,lap
蹓,lau
曆,la̍h
獵,la̍h
臘,la̍h
蠟,la̍h
六,la̍k
慄,la̍k
搦,la̍k
磟,la̍k
內,la̍p
擸,la̍p
納,la̍p
臘,la̍p
蠟,la̍p
力,la̍t
捺,la̍t
栗,la̍t
辣,la̍t
落,la̍uh
絡,le
咧,leeh
笠,lere̍h
咧,lerh
捩,lerh
礪,lerè
詈,leré
犁,lerê
篱,lerê
鑢,lerē
剺,le̍eh
裂,le̍h
剺,le̍h
笠,le̍h
哩,li
裡,li
遮,lia
裂,liah
跡,liah
拈,liam
跕,liam
蔫,lian
喨,liang
聶,liap
攝,liap
攝,liap
懾,liap
涅,liap
鑷,liap
掠,lia̍h
略,lia̍k
掠,lia̍k
廿,lia̍p
粒,lia̍p
捏,lia̍p
獵,lia̍p
列,lia̍t
裂,lia̍t
熱,lia̍t
冽,lia̍t
烈,lia̍t
曆,lik
勒,lik
啉,lim
奶,lin
輪,lin
奶,ling
略,lio̍h
六,lio̍k
戮,lio̍k
略,lio̍k
籙,lio̍k
綠,lio̍k
菉,lio̍k
陸,lio̍k
辱,lio̍k
虐,lio̍k
弱,lio̍k
搙,lio̍k
肉,lio̍k
逐,lip
溜,liu
鰡,liu
捻,liàm
輾,liàn
抓,liàu
惹,liá
斂,liám
染,liám
臉,liám
輪,lián
撚,lián
攆,lián
碾,lián
輦,lián
輾,lián
兩,liáng
輛,liáng
魉,liáng
嫋,liáu
了,liáu
瞭,liáu
蓼,liáu
檐,liâm
簾,liâm
連,liâm
黏,liâm
廉,liâm
濂,liâm
粘,liâm
臨,liâm
鐮,liâm
年,liân
然,liân
憐,liân
漣,liân
聯,liân
蓮,liân
連,liân
鰱,liân
良,liâng
量,liâng
娘,liâng
樑,liâng
涼,liâng
粱,liâng
糧,liâng
僚,liâu
皺,liâu
蹽,liâu
饒,liâu
條,liâu
嘹,liâu
寮,liâu
撩,liâu
獠,liâu
療,liâu
聊,liâu
遼,liâu
躼,liò
躘,liòng
瞭,lió
簍,lió
魎,lióng
兩,lióng
嚷,lióng
婁,liô
撩,liô
樓,liô
隆,liông
梁,liông
良,liông
龍,liông
狼,liông
絨,liông
量,liông
流,liù
遛,liù
柳,liú
扭,liú
紐,liú
綹,liú
鈕,liú
劉,liû
流,liû
留,liû
㨨,liû
揉,liû
榴,liû
瀏,liû
琉,liû
瘤,liû
硫,liû
遛,liû
念,liām
唸,liām
捻,liām
殮,liām
楝,liān
煉,liān
練,liān
鍊,liān
諒,liāng
亮,liāng
釀,liāng
量,liāng
料,liāu
廖,liāu
繚,liāu
尿,liō
漏,liō
陋,liō
量,liōng
亮,liōng
冗,liōng
餾,liū
裂,li̍h
力,li̍k
歷,li̍k
綠,li̍k
勒,li̍k
匿,li̍k
壢,li̍k
暱,li̍k
曆,li̍k
溺,li̍k
瀝,li̍k
碌,li̍k
礫,li̍k
肋,li̍k
靂,li̍k
立,li̍p
入,li̍p
笠,li̍p
粒,li̍p
日,li̍t
慄,li̍t
栗,li̍t
溧,li̍t
叨,lo
囉,lo
落,loh
落,loh
囉,loh
橐,lok
漉,lok
囊,long
瑯,long
囉,loo
橐,lop
橐,lop
樂,lo̍h
絡,lo̍h
洛,lo̍h
落,lo̍h
駱,lo̍h
樂,lo̍k
洛,lo̍k
祿,lo̍k
絡,lo̍k
落,lo̍k
錄,lo̍k
鹿,lo̍k
麓,lo̍k
漉,lo̍k
烙,lo̍k
碌,lo̍k
諾,lo̍k
轆,lo̍k
駱,lo̍k
攄,lu
捋,luah
熱,lua̍h
捋,lua̍h
辣,lua̍h
劣,lua̍t
鐳,lui
圇,lun
甪,lut
甪,lut
卵,luán
耎,luán
暖,luán
軟,luán
籮,luâ
巒,luân
戀,luân
鸞,luân
詈,lué
餒,lué
瘰,luì
蕊,luí
壘,luí
磊,luí
累,luí
蕾,luí
擂,luî
癗,luî
雷,luî
瀨,luā
賴,luā
亂,luān
內,luē
類,luī
內,luī
縋,luī
彙,luī
淚,luī
累,luī
酹,luī
率,lu̍t
律,lu̍t
湳,làm
閬,làng
老,làu
落,làu
覽,lám
攬,lám
弱,lám
欖,lám
纜,lám
腩,lám
荏,lám
赧,lán
咱,lán
懶,lán
攏,láng
籠,láng
老,láu
扭,láu
粩,láu
佬,láu
荖,láu
籮,lâ
膋,lâ
蜊,lâ
蟧,lâ
鯪,lâ
來,lâi
梨,lâi
萊,lâi
鶆,lâi
南,lâm
男,lâm
藍,lâm
婪,lâm
嵐,lâm
楠,lâm
淋,lâm
籃,lâm
襤,lâm
瀾,lân
蘭,lân
闌,lân
難,lân
㔂,lân
攔,lân
欄,lân
零,lân
鱗,lân
人,lâng
籠,lâng
儂,lâng
聾,lâng
膿,lâng
劉,lâu
流,lâu
留,lâu
樓,lâu
礪,lè
裡,lèr
禮,lé
詈,lé
澧,lé
醴,lé
儡,lér
蠡,lê
挼,lê
腡,lê
螺,lê
梨,lê
犁,lê
璃,lê
黎,lê
腡,lêr
螺,lêr
能,lêrng
剺,lì
輾,lìn
躘,lìng
履,lí
李,lí
理,lí
耳,lí
裡,lí
里,lí
汝,lí
裏,lí
你,lí
女,lí
子,lí
旅,lí
俚,lí
娌,lí
鯉,lí
廩,lím
忍,lím
凜,lím
懍,lím
臨,lím
恁,lín
伶,líng
堎,líng
嶺,líng
領,líng
冷,líng
女,lír
汝,lír
旅,lír
嫠,lî
簾,lî
而,lî
兒,lî
驢,lî
厘,lî
漓,lî
狸,lî
璃,lî
篱,lî
籬,lî
縭,lî
罹,lî
釐,lî
離,lî
林,lîm
臨,lîm
任,lîm
壬,lîm
撏,lîm
淋,lîm
琳,lîm
霖,lîm
鱗,lîn
人,lîn
仁,lîn
嶙,lîn
憐,lîn
燐,lîn
磷,lîn
鄰,lîn
麟,lîn
凌,lîng
寧,lîng
能,lîng
陵,lîng
拎,lîng
稜,lîng
鈴,lîng
零,lîng
靈,lîng
龍,lîng
伶,lîng
玲,lîng
綾,lîng
羚,lîng
翎,lîng
聆,lîng
菱,lîng
齡,lîng
閭,lîr
驢,lîr
躼,lò
挵,lòng
潦,ló
老,ló
惱,ló
瑙,ló
腦,ló
裸,ló
朗,lóng
隴,lóng
攏,lóng
籠,lóng
惱,lóo
魯,lóo
勞,lóo
櫓,lóo
滷,lóo
虜,lóo
鹵,lóo
撈,lô
羅,lô
那,lô
勞,lô
濁,lô
醪,lô
鑼,lô
牢,lô
癆,lô
籮,lô
邏,lô
騾,lô
狼,lông
籠,lông
農,lông
郎,lông
囊,lông
廊,lông
儂,lông
聾,lông
膿,lông
榔,lông
濃,lông
瀧,lông
琅,lông
瓏,lông
螂,lông
孥,lôo
廬,lôo
樓,lôo
瀘,lôo
艫,lôo
駑,lôo
勞,lôo
奴,lôo
爐,lôo
盧,lôo
蘆,lôo
鱸,lôo
鸕,lôo
鑢,lù
女,lú
旅,lú
窶,lú
縷,lú
汝,lú
愈,lú
屢,lú
褸,lú
忍,lún
怕,lún
懍,lún
碖,lún
閭,lû
如,lû
挐,lû
驢,lû
輪,lûn
侖,lûn
倫,lûn
圇,lûn
崙,lûn
掄,lûn
淪,lûn
綸,lûn
腀,lûn
薐,lûn
抐,lā
鬧,lā
來,lāi
內,lāi
利,lāi
柰,lāi
睞,lāi
耐,lāi
賴,lāi
檻,lām
濫,lām
艦,lām
爛,lān
難,lān
弄,lāng
籠,lāng
老,lāu
漏,lāu
鬧,lāu
沴,lē
例,lē
利,lē
儷,lē
勵,lē
厲,lē
戾,lē
荔,lē
隸,lē
鱺,lē
麗,lē
利,lī
吏,lī
呂,lī
慮,lī
離,lī
二,lī
字,lī
濾,lī
餌,lī
俐,lī
蒞,lī
任,līm
賃,līm
吝,līn
認,līn
藺,līn
躪,līn
令,līng
另,līng
稜,līng
佞,līng
冗,līng
濘,līng
甯,līng
鴒,līng
慮,līr
濾,līr
囉,lō
賂,lō
弄,lōng
浪,lōng
陋,lōo
露,lōo
耨,lōo
路,lōo
璐,lōo
蕗,lōo
賂,lōo
鷺,lōo
侶,lū
慮,lū
瀘,lū
論,lūn
潤,lūn
閏,lūn
韌,lūn
嫩,lūn
抐,lǎ
𡳞,lǎn
楝,lǐng
侶,lǐr
呂,lǐr
鋁,lǐr
烙,lǒ
努,lǒo
弩,lǒo
𢲸,lǒo
嘛,ma
哩,mai
㧌,mau
卯,mauh
搣,me
搣,mee
咩,meeh
蜢,meeh
咩,meh
脈,me̍eh
脈,me̍h
瞇,mi
搣,mi
喵,miau
名,miâ
樠,miâ
明,miâ
命,miā
妙,miāu
物,mi̍h
𢯾,mooh
瘼,mo̍oh
膜,mo̍oh
幔,mua
滿,muá
痲,muâ
明,muâ
瞞,muâ
鰻,muâ
麻,muâ
糜,muâi
糜,muê
媒,muê
梅,muê
煤,muê
玫,muê
莓,muê
每,muí
毎,muí
晚,muí
玫,muî
門,muî
妹,muāi
妹,muē
昧,muī
問,muī
莫,mài
馬,má
媽,má
嬤,má
瑪,má
碼,má
螞,má
買,mái
媽,mâ
矛,mâu
茅,mâu
猛,mé
猛,mée
蜢,mée
暝,mê
鋩,mê
暝,mêe
盲,mêe
芒,mêe
彌,mî
暝,mî
棉,mî
綿,mî
麼,móo
摩,môo
旄,môo
毛,môo
磨,môo
蘑,môo
髦,môo
魔,môo
嘛,mā
罵,mā
賣,māi
覓,māi
貌,māu
罵,mē
罵,mēe
麵,mī
媢,mōo
摩,mōo
冒,mōo
耄,mōo
嘛,mǎ
梅,m̂
莓,m̂
門,m̂ng
毛,m̂ng
不,m̄
毋,m̄
問,m̄ng
物,m̍ngh
凹,nah
爁,nah
凹,nah
奶,nai
喃,nauh
嗕,nauh
奶,ne
呢,nee
奶,nee
拈,nee
呢,neeh
躡,neeh
躡,neh
掩,ng
嗯,ng
央,ng
秧,ng
夾,ngeh
夾,ngeh
莢,ngeh
莢,ngeh
夾,ngereh
莢,ngereh
挾,ngere̍h
挾,nge̍h
擽,ngiau
蟯,ngia̍uh
撓,ngiáu
迎,ngiâ
扭,ngiú
雅,ngá
研,ngái
岩,ngâ
爻,ngâu
肴,ngâu
五,ngóo
我,ngóo
仵,ngóo
伍,ngóo
偶,ngóo
午,ngóo
忤,ngóo
吳,ngôo
吾,ngôo
梧,ngôo
蜈,ngôo
鼉,ngôo
俄,ngôo
吪,ngôo
娥,ngôo
峨,ngôo
翱,ngôo
蛾,ngôo
鵝,ngôo
訝,ngā
艾,ngāi
樂,ngāu
硬,ngē
硬,ngěe
硬,ngī
悟,ngōo
臥,ngōo
傲,ngōo
藕,ngǎu
奶,ni
拈,ni
睰,niah
貓,niau
𥍉,nih
躡,nih
睰,nih
躡,nih
鑷,nih
抅,niuh
領,niá
嶺,niá
鳥,niáu
爪,niáu
娘,niâ
兩,niú
娘,niû
梁,niû
樑,niû
涼,niû
糧,niû
量,niû
爾,niā
陵,niā
量,niū
讓,niū
捏,ni̍h
軁,nng
裡,nng
躽,nuà
撋,nuá
攔,nuâ
欄,nuâ
軁,nuì
軟,nuí
瀾,nuā
僆,nuā
爛,nuā
卵,nuǐ
壏,nà
爁,nà
那,ná
哪,ná
若,ná
娜,ná
拿,ná
欖,ná
乃,nái
惱,náu
腦,náu
林,nâ
藍,nâ
嚨,nâ
岩,nâ
籃,nâ
蓮,nâi
晾,nê
晾,nêe
爾,ní
耳,ní
你,ní
染,ní
邇,ní
年,nî
簾,nî
呢,nî
妮,nî
尼,nî
泥,nî
鐮,nî
老,nóo
挪,nôo
若,nā
但,nā
吶,nā
籟,nāi
耐,nāi
奈,nāi
荔,nāi
鬧,nāu
怒,nōo
懦,nōo
爾,nǐ
兩,nǒo
黃,n̂g
榔,n̂ng
瓤,n̂ng
郎,n̂ng
兩,n̄ng
卵,n̄ng
嗯,n̍gh
訶,o
阿,o
呵,o
堝,o
撾,o
窩,o
蒿,o
僫,oh
僫,oh
惡,ok
惡,ok
屋,ok
沃,ok
渥,ok
掩,om
翁,ong
汪,ong
嗚,onn
唔,onn
嗚,oo
烏,oo
鷗,oo
黑,oo
鄔,oo
鎢,oo
喔,ooh
嘔,ooh
學,o̍h
疤,pa
吧,pa
巴,pa
笆,pa
芭,pa
百,pah
俳,pai
北,pak
剝,pak
北,pak
幅,pak
腹,pak
腹,pak
幅,pak
剝,pak
駁,pak
便,pan
扳,pan
斑,pan
班,pan
頒,pan
邦,pang
封,pang
崩,pang
幫,pang
枋,pang
八,pat
捌,pat
八,pat
包,pau
胞,pau
苞,pau
㿺,pauh
縛,pa̍k
贌,pa̍k
蔔,pa̍k
別,pa̍t
扒,pe
飛,pe
扒,pee
伯,peeh
擘,peeh
柏,peeh
百,peeh
竡,peeh
伯,peh
八,peh
百,peh
八,peh
擘,peh
繃,penn
飛,per
八,pereh
帛,pe̍eh
白,pe̍eh
白,pe̍h
拔,pe̍h
啪,pha
拋,pha
泡,pha
脬,pha
葩,pha
趴,pha
打,phah
拍,phah
拍,phah
覆,phak
仆,phak
覆,phak
仆,phak
攀,phan
香,phang
芳,phang
蜂,phang
拋,phau
炮,phauh
曝,pha̍k
雹,pha̍uh
坯,phe
胚,phe
批,phe
伻,phenn
坯,pher
胚,pher
批,phere
稗,pherē
沫,phe̍h
沫,phe̍rh
丕,phi
披,phi
砒,phi
紕,phi
避,phiah
癖,phiah
扁,phian
偏,phian
篇,phian
翩,phian
抨,phiann
骿,phiann
撇,phiat
撇,phiat
瞥,phiat
𥐵,phiat
飄,phiau
標,phiau
漂,phiau
辟,phia̍h
甓,phia̍h
癖,phia̍h
擗,phia̍k
撇,phia̍t
躄,phih
辟,phik
拍,phik
魄,phik
劈,phik
拍,phik
珀,phik
璧,phik
碧,phik
霹,phik
魄,phik
乒,phin
娉,phing
怦,phing
拼,phing
烹,phing
砰,phing
偏,phinn
篇,phinn
疋,phit
匹,phit
匹,phit
片,phiàn
遍,phiàn
騙,phiàn
砰,phiàng
漂,phiàu
票,phiàu
鉼,phiánn
蹁,phiân
坪,phiânn
平,phiânn
嫖,phiâu
漂,phiò
票,phiò
剖,phió
瓢,phiô
薸,phiô
龐,phiāng
嗙,phngh
嗙,phngh
波,pho
坡,pho
泡,pho
粕,phoh
樸,phoh
粕,phoh
博,phok
噗,phok
博,phok
噗,phok
搏,phok
撲,phok
樸,phok
璞,phok
粕,phok
乓,phong
滂,phong
豐,phong
菩,phoo
鋪,phoo
麩,phoo
噗,pho̍k
曝,pho̍k
拋,phua
潑,phuah
潑,phuah
潘,phuan
潘,phuann
撇,phuat
潑,phuat
袚,phua̍h
批,phue
坯,phue
胚,phue
沫,phue̍h
浦,phuh
僨,phun
奔,phun
潘,phun
刜,phut
刜,phut
怫,phut
部,phuà
破,phuà
胖,phuàn
判,phuàn
泮,phuàn
判,phuànn
販,phuànn
槃,phuân
盤,phuân
磐,phuân
蟠,phuân
盤,phuânn
配,phuè
沛,phuè
杮,phuè
䫌,phué
襞,phué
皮,phuê
呸,phuì
屁,phuì
伴,phuānn
被,phuē
稗,phuē
伴,phuǎn
伴,phuǎnn
浡,phu̍h
怕,phà
帕,phà
胖,phàg
沛,phài
派,phài
湃,phài
霈,phài
襻,phàn
盼,phàn
冇,phànn
怕,phànn
泡,phàu
炮,phàu
砲,phàu
歹,phái
惡,pháinn
歹,pháinn
麭,pháng
紡,pháng
跑,pháu
捀,phâng
捧,phâng
帆,phâng
篷,phâng
袍,phâu
帕,phè
配,phè
媲,phè
帕,phèe
配,phèr
杮,phèr
皮,phê
彭,phênn
平,phênn
澎,phênn
皮,phêr
譬,phì
屁,phì
聘,phìng
騁,phìng
姘,phìng
片,phìnn
鄙,phí
否,phí
疕,phí
痞,phí
品,phín
𥰔,phín
疲,phî
皮,phî
蹁,phîn
平,phîng
彭,phîng
苹,phîng
評,phîng
馮,phîng
坪,phîng
萍,phîng
蘋,phîng
鵬,phîng
彭,phînn
平,phînn
破,phò
泡,phò
碰,phòng
膨,phòng
破,phòo
舖,phòo
頗,phó
捧,phóng
剖,phóo
溥,phóo
頗,phóo
圃,phóo
普,phóo
浦,phóo
譜,phóo
篷,phông
蓬,phông
菩,phôo
扶,phôo
莆,phôo
噴,phùn
殕,phú
翸,phún
浮,phû
烰,phû
芙,phû
葡,phû
盆,phûn
疱,phā
背,phāinn
揹,phāinn
縫,phāng
奅,phānn
抱,phāu
被,phē
稗,phē
怦,phēnn
被,phěr
並,phīng
鼻,phīnn
抱,phō
蓬,phōng
簿,phōo
廍,phōo
浡,phū
疱,phǎ
簿,phǒo
俾,pi
悲,pi
裨,pi
卑,pi
啡,pi
啤,pi
埤,pi
碑,pi
觱,pi
避,piah
壁,piah
煏,piak
煏,piak
扁,pian
鞭,pian
扳,pian
編,pian
邊,pian
嘣,piang
兵,piann
鱉,piat
憋,piat
標,piau
膘,piau
鑣,piau
飙,piau
別,pia̍t
白,pia̍t
鼈,pih
撆,pih
湢,pih
鱉,pih
撆,pih
鱉,pih
伯,pik
壁,pik
百,pik
逼,pik
迫,pik
迫,pik
逼,pik
柏,pik
璧,pik
賓,pin
彬,pin
斌,pin
檳,pin
濱,pin
繽,pin
崩,ping
兵,ping
冰,ping
繃,pinn
邊,pinn
鞭,pinn
摽,pio
標,pio
鏢,pio
必,pit
畢,pit
伯,pit
必,pit
筆,pit
筆,pit
蓽,pit
彪,piu
窆,piàn
變,piàn
遍,piàn
迸,piàng
並,piànn
拚,piànn
摒,piànn
扁,pián
匾,pián
蝙,pián
諞,pián
貶,pián
丙,piánn
餅,piánn
表,piáu
婊,piáu
裱,piáu
錶,piáu
駢,piân
平,piânn
表,pió
錶,pió
便,piān
辨,piān
辯,piān
卞,piān
汴,piān
鰾,piō
辨,piǎn
辮,piǎn
辯,piǎn
殍,piǎu
鰾,piǒ
白,pi̍k
帛,pi̍k
愎,pi̍k
舶,pi̍k
弼,pi̍t
幫,png
楓,png
玻,po
菠,po
褒,po
卜,poh
卜,poh
駁,poh
北,pok
卜,pok
噗,pok
卜,pok
烞,pok
埔,poo
埠,poo
晡,poo
蜅,poo
薄,po̍h
箔,po̍h
暴,po̍k
礴,po̍k
薄,po̍k
僕,po̍k
泊,po̍k
瀑,po̍k
爆,po̍k
哹,pu
缽,puah
撥,puah
缽,puah
撥,puah
搬,puan
般,puan
搬,puann
般,puann
缽,puat
撥,puat
般,puat
拔,pua̍h
跋,pua̍h
鈸,pua̍h
拔,pua̍t
菝,pua̍t
跋,pua̍t
鈸,pua̍t
杯,pue
飛,pue
桮,pue
盃,pue
捌,pueh
八,pueh
拔,pue̍h
發,puh
發,puh
方,puinn
楓,puinn
拔,pui̍h
分,pun
不,put
不,put
抔,put
抔,put
簸,puà
半,puàn
半,puànn
絆,puànn
坂,puánn
槃,puân
盤,puân
盤,puânn
背,puè
輩,puè
褙,puè
狽,puè
貝,puè
掰,pué
陪,puê
培,puê
裴,puê
賠,puê
沸,puì
痱,puì
本,puínn
肥,puî
叛,puān
畔,puān
拌,puānn
狽,puē
背,puē
佩,puē
倍,puē
培,puē
悖,puē
焙,puē
珮,puē
倍,puě
蓓,puě
吠,puī
拌,puǎn
絆,puǎn
拌,puǎnn
絆,puǎnn
佛,pu̍t
勃,pu̍t
渤,pu̍t
菝,pu̍t
伯,pà
霸,pà
壩,pà
豹,pà
拜,pài
放,pàng
豹,pàu
把,pá
飽,pá
回,pái
次,pái
擺,pái
跛,pái
反,páinn
板,pán
版,pán
舨,pán
闆,pán
阪,pán
綁,páng
飽,páu
杷,pâ
爸,pâ
琶,pâ
徘,pâi
排,pâi
筏,pâi
俳,pâi
棑,pâi
牌,pâi
爿,pâinn
瓶,pân
貧,pân
房,pâng
縫,pâng
馮,pâng
龐,pâng
匏,pâu
刨,pâu
庖,pâu
鮑,pâu
蔽,pè
陛,pè
閉,pè
柄,pènn
壩,pèr
褙,pèr
把,pé
把,pée
靶,pée
掰,pér
扒,pê
爬,pê
耙,pê
賠,pê
琶,pê
爬,pêe
扒,pêe
杷,pêe
琶,pêe
耙,pêe
平,pênn
坪,pênn
棚,pênn
賠,pêr
閟,pì
秘,pì
閉,pì
費,pì
庇,pì
痹,pì
臂,pì
篦,pìn
殯,pìn
鬢,pìn
並,pìng
併,pìng
并,pìng
柄,pìng
柄,pìnn
變,pìnn
彼,pí
比,pí
匕,pí
妣,pí
箅,pín
鉼,pín
稟,pín
反,píng
丙,píng
秉,píng
餅,píng
扁,pínn
枇,pî
毗,pî
琵,pî
脾,pî
貧,pîn
馮,pîn
屏,pîn
憑,pîn
燃,pîn
頻,pîn
嬪,pîn
顰,pîn
平,pîng
馮,pîng
朋,pîng
爿,pîng
屏,pîng
憑,pîng
棚,pîng
瓶,pîng
秤,pîng
平,pînn
坪,pînn
棚,pînn
報,pò
播,pò
泵,pòng
謗,pòng
布,pòo
佈,pòo
傅,pòo
怖,pòo
播,pòo
抱,pó
葆,pó
保,pó
寶,pó
堡,pó
褓,pó
鴇,pó
榜,póng
部,póo
補,póo
斧,póo
脯,póo
婆,pô
徬,pông
房,pông
旁,pông
膀,pông
捗,pôo
裒,pôo
匍,pôo
蒲,pôo
酺,pôo
富,pù
畚,pùn
糞,pùn
本,pún
垺,pû
匏,pû
炰,pû
歕,pûn
爸,pā
罷,pā
𢼌,pā
敗,pāi
辦,pān
扮,pān
瓣,pān
範,pān
蚌,pāng
倍,pē
弊,pē
陛,pē
父,pē
爸,pē
耙,pē
幣,pē
敝,pē
斃,pē
病,pēnn
背,pēr
培,pēr
焙,pēr
父,pěe
倍,pěr
濞,pī
避,pī
鼻,pī
辟,pī
備,pī
被,pī
病,pīng
並,pīng
病,pīnn
辮,pīnn
暴,pō
磅,pōng
碰,pōng
傍,pōng
哺,pōo
部,pōo
步,pōo
捕,pōo
捗,pōo
暴,pōo
孵,pū
笨,pūn
罷,pǎ
棒,pǎng
婢,pǐ
被,pǐ
牝,pǐn
辮,pǐnn
鎊,pǒng
婦,pǔ
笨,pǔn
飯,p̄ng
傍,p̄ng
沙,sa
紗,sa
捎,sa
莎,sa
西,sai
司,sai
師,sai
私,sai
揌,sai
犀,sai
獅,sai
捒,sak
捒,sak
三,sam
衫,sam
杉,sam
山,san
喪,san
星,san
刪,san
姍,san
珊,san
跚,san
鉎,san
雙,sang
鬆,sang
三,sann
相,sann
衫,sann
喢,sannh
煞,sannh
喢,sannh
煞,sannh
圾,sap
霎,sap
颯,sap
殺,sat
薩,sat
塞,sat
殺,sat
蝨,sat
撒,sat
剎,sat
煞,sat
蝨,sat
捎,sau
梢,sau
鞘,sau
煠,sa̍h
西,se
砂,se
梳,se
疏,se
紗,se
犀,se
砂,see
紗,see
裟,see
屑,seeh
雪,seh
楔,seh
說,seh
雪,seh
生,senn
牲,senn
梳,sere
疏,sere
蔬,sere
楔,sereh
雪,serh
說,serh
塞,serk
僧,serng
牲,serng
生,serng
甥,serng
洗,seré
黍,seré
踅,se̍h
踅,se̍rh
施,si
絲,si
蓍,si
詩,si
司,si
思,si
私,si
西,si
噓,si
尸,si
屍,si
鷥,si
賒,sia
錫,siah
削,siah
摔,siak
䀐,siam
纖,siam
仙,sian
鮮,sian
先,sian
身,sian
鉎,sian
殤,siang
傷,siang
相,siang
商,siang
湘,siang
箱,siang
襄,siang
鑲,siang
雙,siang
聲,siann
卌,siap
卌,siap
屧,siap
澀,siap
屧,siap
懾,siap
攝,siap
澀,siap
燮,siap
洩,siat
設,siat
設,siat
屑,siat
泄,siat
褻,siat
消,siau
簫,siau
蕭,siau
宵,siau
瀟,siau
燒,siau
硝,siau
逍,siau
銷,siau
霄,siau
杓,sia̍h
洩,sia̍p
涉,sia̍p
舌,sia̍t
折,sia̍t
薛,sih
爍,sih
爍,sih
塞,sik
室,sik
息,sik
悉,sik
惜,sik
昔,sik
栻,sik
瑟,sik
色,sik
軾,sik
適,sik
錫,sik
膝,sik
蜥,sik
室,sik
色,sik
識,sik
嗇,sik
媳,sik
式,sik
晰,sik
析,sik
熄,sik
索,sik
蟋,sik
識,sik
釋,sik
飾,sik
心,sim
參,sim
森,sim
芯,sim
身,sin
新,sin
伸,sin
呻,sin
娠,sin
申,sin
紳,sin
薪,sin
辛,sin
升,sing
星,sing
生,sing
笙,sing
聲,sing
腥,sing
勝,sing
僧,sing
先,sing
昇,sing
芟,sing
惺,sing
牲,sing
猩,sing
甥,sing
斯,sinn
生,sinn
蕭,sio
搜,sio
燒,sio
相,sio
霄,sio
惜,sioh
叔,siok
夙,siok
宿,siok
淑,siok
粟,siok
鑠,siok
傷,siong
商,siong
殤,siong
湘,siong
相,siong
箱,siong
觴,siong
寂,sio̍h
液,sio̍h
贖,sio̍k
俗,sio̍k
孰,sio̍k
屬,sio̍k
續,sio̍k
蜀,sio̍k
濕,sip
溼,sip
抒,sir
書,sir
紓,sir
胥,sir
舒,sir
失,sit
失,sit
熄,sit
熄,sit
穡,sit
室,sit
息,sit
悉,sit
瑟,sit
穡,sit
修,siu
脩,siu
饈,siu
受,siu
收,siu
羞,siu
相,siunn
傷,siunn
廂,siunn
箱,siunn
舍,sià
赦,sià
卸,sià
瀉,sià
滲,siàm
搧,siàn
扇,siàn
煽,siàn
摔,siàng
相,siàng
聖,siànn
少,siàu
笑,siàu
肖,siàu
算,siàu
數,siàu
嘯,siàu
捨,siá
舍,siá
寫,siá
閃,siám
陝,siám
仙,sián
癬,sián
鮮,sián
想,siáng
償,siáng
賞,siáng
甚,siánn
啥,siánn
小,siáu
少,siáu
痟,siáu
篠,siáu
斜,siâ
蛇,siâ
邪,siâ
尋,siâm
蟾,siâm
嬋,siân
涎,siân
禪,siân
蟬,siân
詳,siâng
同,siâng
常,siâng
誰,siâng
侗,siâng
嫦,siâng
瘍,siâng
祥,siâng
翔,siâng
裳,siâng
成,siânn
城,siânn
唌,siânn
潲,siâu
韶,siâu
瘦,siò
相,siòng
小,sió
叟,sió
上,sióng
想,sióng
賞,sióng
荍,siô
嘗,siông
常,siông
庠,siông
松,siông
翔,siông
詳,siông
誰,siông
獸,siù
秀,siù
宿,siù
狩,siù
琇,siù
繡,siù
鏽,siù
鞘,siù
相,siùnn
守,siú
手,siú
首,siú
賞,siúnn
鯗,siúnn
仇,siû
泅,siû
囚,siû
酋,siû
酬,siû
瘍,siûnn
射,siā
社,siā
謝,siā
贍,siām
善,siān
羨,siān
擅,siān
禪,siān
繕,siān
上,siāng
尚,siāng
誰,siāng
劭,siāu
紹,siāu
邵,siāu
邵,siō
上,siōng
訟,siōng
誦,siōng
象,siōng
頌,siōng
像,siōng
尚,siōng
受,siū
壽,siū
岫,siū
售,siū
授,siū
綬,siū
袖,siū
想,siūnn
尚,siūnn
僐,siǎn
腎,siǎn
單,siǎn
膳,siǎn
蟮,siǎn
鱔,siǎn
𤺪,siǎn
相,siǎng
上,siǎng
像,siǎng
橡,siǎng
蝕,si̍h
夕,si̍k
石,si̍k
熟,si̍k
席,si̍k
殖,si̍k
汐,si̍k
矽,si̍k
碩,si̍k
蓆,si̍k
十,si̍p
褶,si̍p
什,si̍p
拾,si̍p
習,si̍p
襲,si̍p
食,si̍t
植,si̍t
實,si̍t
翼,si̍t
殖,si̍t
桑,sng
傷,sng
喪,sng
栓,sng
痠,sng
酸,sng
孀,sng
霜,sng
繏,sngh
臊,so
挲,so
唆,so
娑,so
搔,so
梭,so
騷,so
索,soh
索,soh
槊,sok
速,sok
束,sok
縮,sok
塑,sok
宿,sok
朔,sok
束,sok
索,sok
縮,sok
肅,sok
參,som
森,som
桑,song
霜,song
喪,song
孀,song
雙,song
鬆,song
疏,soo
蘇,soo
舒,soo
梳,soo
甦,soo
穌,soo
蔬,soo
酥,soo
司,su
師,su
廝,su
思,su
撕,su
斯,su
書,su
私,su
胥,su
舒,su
釃,su
須,su
輸,su
需,su
姝,su
軀,su
鬚,su
沙,sua
痧,sua
痧,sua
砂,sua
鯊,sua
撒,suah
煞,suah
撒,suah
煞,suah
諠,suan
宣,suan
旋,suan
喧,suan
拴,suan
訕,suan
酸,suan
山,suann
說,suat
雪,suat
說,suat
雪,suat
刷,suat
衰,sue
梳,sue
說,sueh
欶,suh
欶,suh
速,suh
睢,sui
雖,sui
嗺,sui
繐,sui
綏,sui
荽,sui
蓑,sui
𦉎,sui
酸,suinn
孫,suinn
栓,suinn
痠,suinn
孫,sun
峋,sun
洵,sun
珣,sun
荀,sun
蓀,sun
思,sur
司,sur
師,sur
私,sur
戌,sut
率,sut
屑,sut
戌,sut
捽,sut
屑,sut
恤,sut
摔,sut
窣,sut
蟀,sut
紲,suà
算,suàn
蒜,suàn
散,suànn
傘,suànn
汕,suànn
線,suànn
徙,suá
選,suán
散,suánn
旋,suân
璇,suân
船,suân
歲,suè
細,suè
帥,suè
涗,suè
稅,suè
說,suè
洗,sué
黍,sué
垂,suê
碎,suì
祟,suì
繏,suìnn
水,suí
媠,suí
美,suí
髓,suí
垂,suî
誰,suî
隋,suî
隨,suî
檨,suāinn
漩,suān
檨,suān
燧,suī
瑞,suī
睡,suī
穗,suī
遂,suī
邃,suī
隧,suī
述,su̍t
術,su̍t
嗄,sà
塞,sài
使,sài
婿,sài
賽,sài
三,sàm
搧,sàm
謲,sàm
閐,sàm
鬖,sàm
散,sàn
傘,sàn
汕,sàn
疝,sàn
送,sàng
稍,sàu
掃,sàu
哨,sàu
嗽,sàu
灑,sá
耍,sá
使,sái
史,sái
屎,sái
駛,sái
糝,sám
散,sán
㾪,sán
瘦,sán
產,sán
稍,sáu
饞,sâi
儳,sâm
侗,sâng
世,sè
勢,sè
稅,sè
細,sè
誓,sè
婿,sè
洒,sè
姓,sènn
性,sènn
稅,sèr
洗,sé
黍,sé
省,sénn
垂,sê
垂,sêr
世,sì
四,sì
勢,sì
弒,sì
試,sì
㽎,sìm
滲,sìm
信,sìn
囟,sìn
汛,sìn
訊,sìn
迅,sìn
勝,sìng
姓,sìng
聖,sìng
性,sìng
姓,sìnn
扇,sìnn
庶,sìr
恕,sìr
絮,sìr
始,sí
是,sí
死,sí
矢,sí
甚,sím
嬸,sím
審,sím
沈,sím
瀋,sím
哂,sín
矧,sín
醒,síng
省,síng
暑,sír
時,sî
辭,sî
匙,sî
弛,sî
尋,sîm
諶,sîm
承,sîn
神,sîn
宸,sîn
晨,sîn
臣,sîn
蠅,sîn
辰,sîn
乘,sîng
城,sîng
成,sîng
承,sîng
誠,sîng
丞,sîng
繩,sîng
鹽,sînn
徐,sîr
蜍,sîr
躁,sò
埽,sò
掃,sò
燥,sò
喪,sòng
宋,sòng
送,sòng
傃,sòo
數,sòo
泝,sòo
疏,sòo
訴,sòo
素,sòo
溯,sòo
嫂,só
鎖,só
瑣,só
爽,sóng
叟,sóo
所,sóo
趖,sô
松,sông
倯,sông
史,sù
賜,sù
四,sù
庶,sù
恕,sù
次,sù
使,sù
樹,sù
戍,sù
瞬,sùn
巽,sùn
舜,sùn
遜,sùn
四,sùr
伺,sùr
使,sùr
思,sùr
肆,sùr
賜,sùr
駟,sùr
使,sú
始,sú
暑,sú
死,sú
蜀,sú
徙,sú
墅,sú
璽,sú
署,sú
損,sún
榫,sún
筍,sún
恂,sún
史,súr
使,súr
屎,súr
駛,súr
徐,sû
殊,sû
辭,sû
祠,sû
詞,sû
徇,sûn
循,sûn
馴,sûn
巡,sûn
唇,sûn
峋,sûn
旬,sûn
洵,sûn
淳,sûn
純,sûn
荀,sûn
詢,sûn
醇,sûn
詞,sûr
祠,sûr
辭,sûr
似,sāi
侍,sāi
事,sāi
姒,sāi
寘,sāi
祀,sāi
噬,sē
逝,sē
誓,sē
筮,sē
侍,sī
恃,sī
是,sī
視,sī
諟,sī
序,sī
氏,sī
示,sī
嗜,sī
寺,sī
諡,sī
豉,sī
甚,sīm
愖,sīm
剩,sīn
慎,sīn
腎,sīn
盛,sīng
倖,sīng
乘,sīng
剩,sīng
鹽,sīnn
豉,sīnn
曙,sīr
事,sū
似,sū
侍,sū
俟,sū
士,sū
嶼,sū
序,sū
敘,sū
樹,sū
殊,sū
食,sū
仕,sū
豎,sū
順,sūn
循,sūn
殉,sūn
事,sūr
嗣,sūr
恃,sǐ
氏,sǐ
祀,sǐ
葚,sǐm
蜃,sǐn
慂,sǐng
嶼,sǐr
序,sǐr
敘,sǐr
緒,sǐr
吮,sǔn
士,sǔr
仕,sǔr
似,sǔr
俟,sǔr
姒,sǔr
巳,sǔr
祀,sǔr
算,s̀ng
繏,s̀ng
大,ta
礁,ta
奈,ta
焦,ta
諸,ta
搭,tah
貼,tah
搭,tah
答,tah
貼,tah
呆,tai
鮘,tai
觸,tak
觸,tak
擔,tam
嘗,tam
啖,tam
沾,tam
眈,tam
耽,tam
丹,tan
殫,tan
鄲,tan
單,tan
簞,tan
癉,tan
釘,tan
冬,tang
東,tang
噹,tang
當,tang
擔,tann
今,tann
答,tap
搭,tap
妲,tat
靼,tat
韃,tat
兜,tau
掜,tau
篤,tauh
值,ta̍h
踏,ta̍h
毒,ta̍k
逐,ta̍k
獨,ta̍k
各,ta̍k
濁,ta̍k
碡,ta̍k
遝,ta̍p
踏,ta̍p
沓,ta̍p
值,ta̍t
笛,ta̍t
達,ta̍t
沓,ta̍uh
低,te
羝,te
炱,te
氐,te
硩,teeh
在,teh
咧,teh
硩,teh
蹬,tenn
䭔,ter
咧,terh
啄,terh
得,terk
德,terk
底,teré
貯,teré
蹄,terê
題,terê
地,terē
苧,terě
特,te̍rk
他,tha
塔,thah
疊,thah
塔,thah
鰨,thah
胎,thai
苔,thai
台,thai
篩,thai
邰,thai
颱,thai
剔,thak
剔,thak
坍,tham
貪,tham
攤,than
灘,than
蟶,than
窗,thang
通,thang
熥,thang
他,thann
塔,thap
塌,thap
塌,thap
榻,thap
撻,that
闥,that
塞,that
窒,that
踢,that
窒,that
踢,that
躂,that
偷,thau
疊,tha̍h
讀,tha̍k
胎,the
推,the
撐,the
䖙,the
梯,the
徹,theeh
裼,theh
胎,ther
推,ther
釵,there
𠞄,there
摕,there̍h
忒,therk
忑,therk
撐,therng
瞠,therng
替,therè
體,theré
宅,the̍eh
宅,the̍h
提,the̍h
魑,thi
黐,thi
拆,thiah
添,thiam
天,thian
聽,thiann
廳,thiann
帖,thiap
貼,thiap
帖,thiap
貼,thiap
徹,thiat
鐵,thiat
撤,thiat
澈,thiat
餮,thiat
恌,thiau
刁,thiau
挑,thiau
超,thiau
疊,thia̍p
鐵,thih
剃,thih
鐵,thih
忒,thik
陟,thik
飭,thik
畜,thik
㜅,thik
倜,thik
剔,thik
惕,thik
敕,thik
斥,thik
畜,thik
踢,thik
琛,thim
鴆,thim
汀,thing
聽,thing
廳,thing
撐,thing
瞠,thing
天,thinn
添,thinn
偷,thio
挑,thio
畜,thiok
蓄,thiok
攄,thir
𨑨,thit
抽,thiu
紬,thiu
暢,thiàng
痛,thiànn
疼,thiànn
糶,thiàu
跳,thiàu
忝,thiám
諂,thiám
展,thián
腆,thián
窕,thiáu
闐,thiân
瞋,thiân
程,thiânn
髫,thiâu
𤶃,thiâu
糶,thiò
透,thiò
暢,thiòng
寵,thióng
塚,thióng
頭,thiô
蟲,thiông
丑,thiú
填,thiām
侹,thiānn
柱,thiāu
𤶃,thiāu
喋,thi̍h
叨,tho
拖,tho
韜,tho
饕,tho
托,thok
託,thok
戳,thok
託,thok
戳,thok
拓,thok
湯,thong
通,thong
湯,thong
踱,tho̍h
讀,tho̍k
拖,thua
屜,thuah
挩,thuah
屜,thuah
挩,thuah
獺,thuah
蹋,thuah
湍,thuan
攤,thuann
灘,thuann
脫,thuat
脫,thuat
提,thue̍h
托,thuh
托,thuh
黜,thuh
禿,thuh
黜,thuh
推,thui
梯,thui
吞,thun
椿,thun
黜,thut
禿,thut
脫,thut
黜,thut
泰,thuà
篆,thuàn
碳,thuànn
湠,thuànn
炭,thuànn
剷,thuánn
傳,thuân
團,thuân
退,thuè
替,thuè
蛻,thuè
體,thué
褪,thuìnn
腿,thuí
槌,thuî
錘,thuî
傳,thuînn
團,thuînn
汰,thuā
墜,thuī
豸,thuǎ
怢,thu̍h
脫,thu̍t
挓,thà
詫,thà
太,thài
態,thài
汰,thài
泰,thài
探,thàm
歎,thàn
趁,thàn
嘆,thàn
通,thàng
迵,thàng
透,thàu
癩,thái
忐,thám
袒,thán
坦,thán
毯,thán
疸,thán
桶,tháng
挺,thánn
解,tháu
敨,tháu
殺,thâi
刣,thâi
潭,thâm
痰,thâm
罈,thâm
覃,thâm
譚,thâm
蟲,thâng
道,thâu
頭,thâu
退,thè
替,thè
涕,thè
牚,thènn
退,thèr
體,thé
提,thê
啼,thê
堤,thê
緹,thê
瞪,thênn
剃,thì
抌,thìm
聽,thìng
恥,thí
褫,thí
逞,thíng
寵,thíng
挺,thíng
艇,thíng
儲,thír
杵,thír
褚,thír
貯,thír
鋤,thî
啼,thî
苔,thî
塵,thîn
斟,thîn
程,thîng
停,thîng
呈,thîng
婷,thîng
謄,thîng
騰,thîng
儲,thîr
鋤,thîr
唾,thò
套,thò
妥,thò
痛,thòng
吐,thòo
兔,thòo
討,thó
倘,thóng
捅,thóng
統,thóng
吐,thóo
土,thóo
桃,thô
迌,thô
糖,thông
頭,thôo
土,thôo
塗,thôo
涂,thôo
忳,thùn
紵,thú
著,thú
蹾,thún
黗,thûn
塵,thûn
臀,thûn
豚,thûn
待,thāi
毒,thāu
䖳,thē
䖳,thēe
伨,thīn
媵,thīn
紩,thīnn
䋎,thīnn
宕,thōng
緟,thōng
坉,thūn
雉,thǐ
知,ti
豬,ti
蜘,ti
爹,tia
摘,tiah
沾,tiam
砧,tiam
滇,tian
癲,tian
顛,tian
輒,tiap
哲,tiat
朝,tiau
雕,tiau
調,tiau
凋,tiau
刁,tiau
貂,tiau
鵰,tiaunn
糴,tia̍h
擉,tia̍k
揲,tia̍p
牒,tia̍p
碟,tia̍p
蝶,tia̍p
諜,tia̍p
帙,tia̍t
秩,tia̍t
耋,tia̍t
跌,tia̍t
轍,tia̍t
迭,tia̍t
竹,tiek
滴,tih
滴,tih
得,tik
德,tik
的,tik
竹,tik
得,tik
德,tik
竹,tik
嫡,tik
摘,tik
滴,tik
謫,tik
珍,tin
徵,tin
津,tin
登,ting
疔,ting
丁,ting
叮,ting
燈,ting
町,ting
釘,ting
甜,tinn
著,tio
擢,tioh
擢,tioh
竹,tiok
築,tiok
中,tiong
張,tiong
忠,tiong
著,tio̍h
舳,tio̍k
著,tio̍k
豬,tir
得,tit
得,tit
丟,tiu
搐,tiuh
搐,tiuh
張,tiunn
店,tiàm
踮,tiàm
玷,tiàm
帳,tiàng
漲,tiàng
脹,tiàng
長,tiàng
碇,tiànn
釣,tiàu
召,tiàu
吊,tiàu
弔,tiàu
窵,tiàu
點,tiám
展,tián
輾,tián
典,tián
鼎,tiánn
窕,tiáu
佻,tiáu
恬,tiâm
沉,tiâm
甜,tiâm
田,tiân
纏,tiân
填,tiân
場,tiâng
腸,tiâng
長,tiâng
埕,tiânn
庭,tiânn
朝,tiâu
髫,tiâu
調,tiâu
條,tiâu
牢,tiâu
晁,tiâu
潮,tiâu
迢,tiâu
釣,tiò
鬥,tiò
悵,tiòng
中,tiòng
漲,tiòng
脹,tiòng
斗,tió
著,tió
長,tióng
投,tiô
潮,tiô
趒,tiô
場,tiông
重,tiông
長,tiông
帳,tiùnn
漲,tiùnn
脹,tiùnn
長,tiúnn
儔,tiû
惆,tiû
晝,tiû
疇,tiû
稠,tiû
籌,tiû
綢,tiû
肘,tiû
躊,tiû
場,tiûnn
恬,tiām
墊,tiām
田,tiān
電,tiān
佃,tiān
奠,tiān
殿,tiān
淀,tiān
澱,tiān
甸,tiān
綻,tiān
鈿,tiān
仗,tiāng
定,tiānn
碇,tiānn
調,tiāu
趙,tiāu
兆,tiāu
掉,tiāu
就,tiō
痘,tiō
竇,tiō
荳,tiō
讀,tiō
豆,tiō
銚,tiō
仲,tiōng
杖,tiōng
重,tiōng
中,tiōng
宙,tiū
杖,tiū
住,tiū
稻,tiū
冑,tiū
恬,tiǎm
殄,tiǎn
丈,tiǎng
仗,tiǎng
錠,tiǎnn
兆,tiǎu
肇,tiǎu
趙,tiǎu
趙,tiǒ
宙,tiǔ
粙,tiǔ
紂,tiǔ
胄,tiǔ
丈,tiǔnn
挃,ti̍h
碟,ti̍h
擇,ti̍k
敵,ti̍k
笛,ti̍k
特,ti̍k
宅,ti̍k
滌,ti̍k
澤,ti̍k
狄,ti̍k
直,ti̍k
糴,ti̍k
翟,ti̍k
軸,ti̍k
迪,ti̍k
蟄,ti̍p
值,ti̍t
植,ti̍t
姪,ti̍t
直,ti̍t
秩,ti̍t
當,tng
張,tng
多,to
刀,to
哆,to
都,to
佗,toh
桌,toh
卓,toh
桌,toh
啄,tok
㧻,tok
剁,tok
㧻,tok
剁,tok
卓,tok
啄,tok
琢,tok
督,tok
篤,tok
東,tong
當,tong
冬,tong
鐺,tong
多,too
都,too
擇,to̍h
濁,to̍k
獨,to̍k
度,to̍k
櫝,to̍k
毒,to̍k
瀆,to̍k
牘,to̍k
犢,to̍k
踱,to̍k
鐸,to̍k
喳,tsa
查,tsa
楂,tsa
臢,tsa
紮,tsah
扎,tsah
哉,tsai
烖,tsai
知,tsai
栽,tsai
災,tsai
齋,tsai
齪,tsak
齪,tsak
沾,tsam
簪,tsam
臢,tsam
針,tsam
曾,tsan
罾,tsan
齻,tsan
㨑,tsang
棕,tsang
鬃,tsang
汁,tsap
眨,tsap
匝,tsat
節,tsat
節,tsat
紮,tsat
扎,tsat
札,tsat
紮,tsat
糟,tsau
蹧,tsau
截,tsa̍h
鍘,tsa̍h
閘,tsa̍h
嗾,tsa̍k
十,tsa̍p
咂,tsa̍p
雜,tsa̍p
實,tsa̍t
賊,tsa̍t
躋,tse
災,tse
這,tse
劑,tse
齋,tse
渣,tsee
仄,tseeh
叔,tseeh
仄,tseh
節,tseh
爭,tsenn
精,tsenn
災,tser
節,tsereh
截,tsere̍h
作,tserh
嘖,tserh
則,tserk
僧,tserng
增,tserng
崢,tserng
掙,tserng
曾,tserng
爭,tserng
齊,tserê
濟,tserē
絕,tse̍h
賊,tse̍rk
叉,tsha
差,tsha
插,tshah
插,tshah
差,tshai
猜,tshai
釵,tshai
千,tshainn
參,tsham
驂,tsham
參,tsham
摻,tsham
攙,tsham
餐,tshan
呻,tshan
孱,tshan
潺,tshan
蔥,tshang
插,tshap
插,tshap
察,tshat
擦,tshat
漆,tshat
擦,tshat
漆,tshat
抄,tshau
操,tshau
鈔,tshau
鑿,tsha̍k
㴙,tsha̍p
賊,tsha̍t
嘈,tsha̍uh
萋,tshe
初,tshe
叉,tshe
吹,tshe
尺,tshe
差,tshe
炊,tshe
妻,tshe
悽,tshe
棲,tshe
淒,tshe
叉,tshee
差,tshee
冊,tsheeh
冊,tsheh
慼,tsheh
星,tshenn
生,tshenn
青,tshenn
吹,tsher
炊,tsher
初,tshere
慼,tshereh
粞,tsherè
䠡,tsherê
尸,tshi
蛆,tshi
嗤,tshi
痴,tshi
癡,tshi
鰓,tshi
鴟,tshi
車,tshia
捙,tshia
赤,tshiah
刺,tshiah
鍤,tshiah
綽,tshiak
雀,tshiak
襜,tshiam
殲,tshiam
簽,tshiam
籤,tshiam
纖,tshiam
千,tshian
遷,tshian
阡,tshian
芊,tshian
韆,tshian
娼,tshiang
昌,tshiang
猖,tshiang
妾,tshiap
妾,tshiap
竊,tshiap
切,tshiat
掣,tshiat
超,tshiau
搜,tshiau
鍬,tshiau
嚓,tshia̍k
踔,tshia̍k
爍,tshih
𩑾,tshih
尺,tshik
測,tshik
策,tshik
膝,tshik
赤,tshik
促,tshik
粟,tshik
促,tshik
側,tshik
冊,tshik
叱,tshik
惻,tshik
慼,tshik
戚,tshik
斥,tshik
粟,tshik
深,tshim
侵,tshim
親,tshin
嗔,tshin
圊,tshing
檉,tshing
清,tshing
青,tshing
千,tshing
琤,tshing
稱,tshing
蜻,tshing
清,tshinn
腥,tshinn
鮮,tshinn
星,tshinn
生,tshinn
青,tshinn
親,tshinn
俏,tshio
𪁎,tshio
尺,tshioh
螫,tshioh
尺,tshioh
沢,tshioh
蹠,tshioh
觸,tshiok
蹙,tshiok
雀,tshiok
鵲,tshiok
倡,tshiong
昌,tshiong
沖,tshiong
充,tshiong
衝,tshiong
蓆,tshio̍h
浞,tshio̍k
咠,tship
楫,tship
緝,tship
葺,tship
輯,tship
狙,tshir
舒,tshir
苴,tshir
蛆,tshir
趄,tshir
𩑾,tshirh
七,tshit
七,tshit
拭,tshit
姼,tshit
拭,tshit
漆,tshit
𨑨,tshit
愀,tshiu
秋,tshiu
鰌,tshiu
羞,tshiu
萩,tshiu
鞦,tshiu
鬚,tshiu
鶖,tshiu
槍,tshiunn
鯧,tshiunn
斜,tshià
僭,tshiàm
塹,tshiàm
倩,tshiàn
茜,tshiàn
蒨,tshiàn
倡,tshiàng
唱,tshiàng
倩,tshiànn
俏,tshiàu
峭,tshiàu
且,tshiá
攕,tshiám
淺,tshián
闡,tshián
惝,tshiáng
搶,tshiáng
蹌,tshiáng
且,tshiánn
請,tshiánn
悄,tshiáu
斜,tshiâ
潛,tshiâm
延,tshiân
橙,tshiâng
嬙,tshiâng
沖,tshiâng
牆,tshiâng
成,tshiânn
晟,tshiânn
撨,tshiâu
笑,tshiò
俏,tshiò
湊,tshiò
唱,tshiòng
縱,tshióng
聳,tshióng
戕,tshiông
檣,tshiông
唱,tshiùnn
呛,tshiùnn
愀,tshiú
手,tshiú
帚,tshiú
醜,tshiú
搶,tshiúnn
廠,tshiúnn
愁,tshiû
揫,tshiû
颺,tshiûnn
楊,tshiûnn
牆,tshiûnn
薔,tshiûnn
灼,tshiō
炤,tshiō
耀,tshiō
樹,tshiū
像,tshiūnn
象,tshiūnn
上,tshiūnn
匠,tshiūnn
像,tshiǔnn
上,tshiǔnn
揤,tshi̍h
蠘,tshi̍h
摵,tshi̍k
倉,tshng
村,tshng
穿,tshng
伸,tshng
滄,tshng
瘡,tshng
艙,tshng
磋,tsho
臊,tsho
搓,tsho
操,tsho
蹉,tsho
𧮙,tshoh
撮,tshok
簇,tshok
觸,tshok
簇,tshok
錯,tshok
倉,tshong
滄,tshong
窗,tshong
蒼,tshong
創,tshong
匆,tshong
囪,tshong
瘡,tshong
聰,tshong
艙,tshong
初,tshoo
粗,tshoo
鑿,tsho̍k
舒,tshu
蛆,tshu
樞,tshu
趨,tshu
掣,tshuah
疶,tshuah
礤,tshuah
掣,tshuah
疶,tshuah
川,tshuan
村,tshuan
穿,tshuan
釧,tshuan
詮,tshuan
扦,tshuann
䉔,tshuann
撮,tshuat
斜,tshua̍h
初,tshue
吹,tshue
炊,tshue
慼,tshueh
焠,tshuh
眵,tshuh
焠,tshuh
吹,tshui
催,tshui
崔,tshui
推,tshui
穿,tshuinn
川,tshuinn
春,tshun
村,tshun
賰,tshun
伸,tshun
差,tshur
疵,tshur
雌,tshur
出,tshut
出,tshut
齣,tshut
猝,tshut
齣,tshut
漈,tshuà
蔡,tshuà
爨,tshuàn
舛,tshuàn
串,tshuàn
竄,tshuàn
篡,tshuàn
闖,tshuàn
閂,tshuànn
喘,tshuán
遄,tshuân
攢,tshuân
摖,tshuè
粞,tshuè
髓,tshué
箠,tshuê
出,tshuì
碎,tshuì
口,tshuì
喙,tshuì
淬,tshuì
焠,tshuì
粹,tshuì
翠,tshuì
脆,tshuì
串,tshuìnn
竄,tshuìnn
吮,tshuínn
率,tshuā
娶,tshuā
泄,tshuā
𤆬,tshuā
尋,tshuē
揣,tshuē
菜,tshài
蔡,tshài
摻,tshàm
讖,tshàm
懺,tshàm
燦,tshàn
璨,tshàn
襯,tshàn
聳,tshàng
藏,tshàng
錚,tshànn
臭,tshàu
吵,tshá
炒,tshá
彩,tshái
採,tshái
綵,tshái
踩,tshái
采,tshái
筅,tsháinn
慘,tshám
鏟,tshán
氅,tsháng
草,tsháu
吵,tsháu
炒,tsháu
查,tshâ
柴,tshâ
才,tshâi
柴,tshâi
纔,tshâi
裁,tshâi
讒,tshâm
慚,tshâm
蠶,tshâm
田,tshân
撨,tshâu
切,tshè
摖,tshè
粞,tshè
脆,tshè
廁,tshèe
腥,tshènn
脆,tshèr
蹭,tshèrng
且,tshé
髓,tshé
扯,tshé
醒,tshénn
髓,tshér
䠡,tshê
箠,tshê
箠,tshêr
啻,tshì
刺,tshì
試,tshì
熾,tshì
翅,tshì
沁,tshìm
凊,tshìn
秤,tshìn
襯,tshìn
擤,tshìng
銃,tshìng
凊,tshìng
熗,tshìng
稱,tshìng
衝,tshìng
腥,tshìnn
處,tshìr
鼠,tshí
侈,tshí
齒,tshí
寢,tshím
請,tshíng
惝,tshíng
筅,tshíng
醒,tshínn
鼠,tshír
處,tshír
持,tshî
徐,tshî
溡,tshî
鑱,tshîm
岑,tshîm
橙,tshîng
松,tshîng
榕,tshîng
瀳,tshînn
徐,tshîr
慥,tshò
剉,tshò
錯,tshò
噪,tshò
挫,tshò
操,tshò
糙,tshò
銼,tshò
創,tshòng
愴,tshòng
措,tshòo
醋,tshòo
草,tshó
楚,tshó
楚,tshóo
床,tshông
次,tshù
覷,tshù
處,tshù
厝,tshù
趣,tshù
吋,tshùn
寸,tshùn
次,tshùr
取,tshú
此,tshú
處,tshú
鼠,tshú
娶,tshú
忖,tshún
蠢,tshún
此,tshúr
存,tshûn
在,tshāi
寘,tshāi
祀,tshāi
錚,tshānn
坐,tshē
尋,tshē
揣,tshē
揣,tshēr
尺,tshě
市,tshī
飼,tshī
穿,tshīng
呲,tshū
澍,tshū
跙,tshū
市,tshǐ
澍,tshǔ
跙,tshǔ
賰,tshǔn
之,tsi
支,tsi
枝,tsi
脂,tsi
膣,tsi
芝,tsi
嗟,tsia
此,tsia
遮,tsia
即,tsiah
才,tsiah
遮,tsiah
隻,tsiah
爵,tsiak
尖,tsiam
占,tsiam
瞻,tsiam
簪,tsiam
針,tsiam
煎,tsian
氈,tsian
箋,tsian
障,tsiang
將,tsiang
張,tsiang
漳,tsiang
章,tsiang
彰,tsiang
樟,tsiang
漿,tsiang
正,tsiann
偝,tsiann
精,tsiann
接,tsiap
接,tsiap
汁,tsiap
汁,tsiap
睫,tsiap
節,tsiat
折,tsiat
節,tsiat
折,tsiat
浙,tsiat
招,tsiau
昭,tsiau
蕉,tsiau
椒,tsiau
焦,tsiau
礁,tsiau
釗,tsiau
食,tsia̍h
嚼,tsia̍k
婕,tsia̍p
捷,tsia̍p
截,tsia̍t
接,tsih
摺,tsih
接,tsih
摺,tsih
則,tsik
即,tsik
稷,tsik
跖,tsik
跡,tsik
叔,tsik
灼,tsik
擠,tsik
燭,tsik
積,tsik
擠,tsik
燭,tsik
積,tsik
窄,tsik
績,tsik
脊,tsik
責,tsik
蹟,tsik
隻,tsik
唚,tsim
斟,tsim
箴,tsim
針,tsim
真,tsin
瞋,tsin
蓁,tsin
升,tsin
榛,tsin
津,tsin
甄,tsin
臻,tsin
僧,tsing
憎,tsing
旌,tsing
曾,tsing
禎,tsing
諍,tsing
正,tsing
增,tsing
精,tsing
舂,tsing
蒸,tsing
鍾,tsing
鐘,tsing
佂,tsing
偵,tsing
崢,tsing
征,tsing
怔,tsing
晶,tsing
爭,tsing
眐,tsing
睛,tsing
箏,tsing
菁,tsing
貞,tsing
漳,tsing1#泉
爭,tsinn
精,tsinn
晶,tsinn
櫼,tsinn
招,tsio
椒,tsio
蕉,tsio
鄒,tsio
借,tsioh
借,tsioh
襀,tsioh
勺,tsiok
囑,tsiok
屬,tsiok
灼,tsiok
矚,tsiok
足,tsiok
酌,tsiok
屬,tsiok
燭,tsiok
祝,tsiok
粥,tsiok
足,tsiok
將,tsiong
彰,tsiong
璋,tsiong
章,tsiong
終,tsiong
縱,tsiong
鍾,tsiong
鐘,tsiong
石,tsio̍h
執,tsip
縶,tsip
緝,tsip
唼,tsip
書,tsir
諸,tsir
瘠,tsit
職,tsit
拓,tsit
織,tsit
職,tsit
質,tsit
這,tsit
這,tsit
鯽,tsit
即,tsit
桎,tsit
積,tsit
績,tsit
織,tsit
脊,tsit
質,tsit
鯽,tsit
周,tsiu
州,tsiu
舟,tsiu
睭,tsiu
啾,tsiu
洲,tsiu
喌,tsiuh
章,tsiunn
樟,tsiunn
漳,tsiunn
漿,tsiunn
螿,tsiunn
蔗,tsià
占,tsiàm
佔,tsiàm
戰,tsiàn
箭,tsiàn
薦,tsiàn
將,tsiàng
正,tsiànn
照,tsiàu
詔,tsiàu
醮,tsiàu
者,tsiá
剪,tsián
長,tsiáng
掌,tsiáng
獎,tsiáng
汫,tsiánn
䭕,tsiánn
鳥,tsiáu
沼,tsiáu
潛,tsiâm
前,tsiân
錢,tsiân
誠,tsiânn
情,tsiânn
成,tsiânn
樵,tsiâu
齊,tsiâu
嶕,tsiâu
憔,tsiâu
瞧,tsiâu
褿,tsiâu
照,tsiò
奏,tsiò
皺,tsiò
縐,tsiò
醮,tsiò
眾,tsiòng
種,tsiòng
衆,tsiòng
障,tsiòng
將,tsiòng
少,tsió
走,tsió
槳,tsióng
種,tsióng
掌,tsióng
獎,tsióng
從,tsiông
咒,tsiù
蛀,tsiù
醬,tsiùnn
酒,tsiú
守,tsiú
帚,tsiú
掌,tsiúnn
槳,tsiúnn
蔣,tsiúnn
裳,tsiûnn
藉,tsiā
謝,tsiā
暫,tsiām
賤,tsiān
踐,tsiān
荐,tsiān
餞,tsiān
狀,tsiāng
驟,tsiō
就,tsiū
鷲,tsiū
上,tsiūnn
癢,tsiūnn
漸,tsiǎm
上,tsiǔnn
癢,tsiǔnn
舌,tsi̍h
折,tsi̍h
籍,tsi̍k
賊,tsi̍k
寂,tsi̍k
疾,tsi̍k
藉,tsi̍k
寂,tsi̍p
集,tsi̍p
輯,tsi̍p
疾,tsi̍t
一,tsi̍t
嫉,tsi̍t
磚,tsng
粧,tsng
妝,tsng
庄,tsng
莊,tsng
裝,tsng
贓,tsng
遭,tso
慒,tso
作,tsoh
作,tsoh
作,tsok
作,tsok
粧,tsong
妝,tsong
宗,tsong
裝,tsong
樁,tsong
臧,tsong
莊,tsong
贓,tsong
蹤,tsong
殂,tsoo
諏,tsoo
租,tsoo
組,tsoo
昨,tso̍h
踖,tso̍h
昨,tso̍k
濁,tso̍k
濯,tso̍k
族,tso̍k
兹,tsu
咨,tsu
孳,tsu
沮,tsu
茲,tsu
諸,tsu
書,tsu
朱,tsu
珠,tsu
硃,tsu
茱,tsu
泏,tsuah
泏,tsuah
專,tsuan
磚,tsuan
顓,tsuan
煎,tsuann
泏,tsuat
拙,tsuat
泏,tsuat
差,tsua̍h
縒,tsua̍h
蚻,tsua̍h
絕,tsua̍t
節,tsueh
泏,tsuh
椎,tsui
睢,tsui
錐,tsui
磚,tsuinn
樽,tsun
尊,tsun
遵,tsun
諄,tsun
資,tsur
咨,tsur
姿,tsur
孜,tsur
淄,tsur
滋,tsur
茲,tsur
諮,tsur
錙,tsur
卒,tsut
炸,tsuànn
榨,tsuànn
紙,tsuá
轉,tsuán
纂,tsuán
賺,tsuán
怎,tsuánn
盞,tsuánn
誰,tsuâ
蛇,tsuâ
全,tsuân
泉,tsuân
殘,tsuânn
泉,tsuânn
最,tsuè
做,tsuè
贅,tsuè
齊,tsuê
摧,tsuê
醉,tsuì
鑽,tsuìnn
水,tsuí
嘴,tsuí
誰,tsuî
𠞩,tsuî
全,tsuînn
誓,tsuā
逝,tsuā
跩,tsuāinn
濺,tsuānn
罪,tsuē
濟,tsuē
悴,tsuī
瘁,tsuī
萃,tsuī
誰,tsuī
旋,tsuīnn
跩,tsuǎi
撰,tsuǎn
雋,tsuǎn
饌,tsuǎn
濺,tsuǎnn
捽,tsu̍t
朮,tsu̍t
秫,tsu̍t
榨,tsà
炸,tsà
蚱,tsà
詐,tsà
載,tsài
再,tsài
債,tsài
蹔,tsàm
纘,tsàn
層,tsàn
讚,tsàn
贊,tsàn
棧,tsàn
粽,tsàng
乍,tsànn
奏,tsàu
灶,tsàu
早,tsá
在,tsái
宰,tsái
載,tsáinn
指,tsáinn
斬,tsám
嶄,tsám
盞,tsán
讚,tsán
摠,tsáng
斬,tsánn
走,tsáu
爪,tsáu
蚤,tsáu
才,tsâi
儕,tsâi
材,tsâi
臍,tsâi
豺,tsâi
財,tsâi
層,tsân
殘,tsân
欉,tsâng
灇,tsâng
剿,tsâu
巢,tsâu
褿,tsâu
濟,tsè
際,tsè
霽,tsè
債,tsè
制,tsè
祭,tsè
製,tsè
債,tsèe
諍,tsènn
晬,tsèr
諍,tsèrng
姊,tsé
井,tsénn
阱,tsénn
齊,tsê
臍,tsê
蠐,tsê
晴,tsênn
曾,tsêrng
志,tsì
至,tsì
鷙,tsì
幟,tsì
摯,tsì
誌,tsì
浸,tsìm
晉,tsìn
進,tsìn
震,tsìn
政,tsìng
正,tsìng
諍,tsìng
眾,tsìng
種,tsìng
症,tsìng
証,tsìng
證,tsìng
搢,tsìnn
諍,tsìnn
箭,tsìnn
糋,tsìnn
指,tsí
止,tsí
沚,tsí
只,tsí
子,tsí
姊,tsí
紫,tsí
咫,tsí
址,tsí
旨,tsí
祉,tsí
紙,tsí
芷,tsí
趾,tsí
枕,tsím
嬸,tsím
怎,tsím
盡,tsín
軫,tsín
拯,tsín
振,tsín
疹,tsín
縝,tsín
診,tsín
賑,tsín
指,tsíng
種,tsíng
整,tsíng
腫,tsíng
井,tsíng
拯,tsíng
阱,tsíng
井,tsínn
茈,tsínn
煮,tsír
咀,tsír
薯,tsî
糍,tsî
蟳,tsîm
秦,tsîn
繩,tsîn
層,tsîng
晴,tsîng
前,tsîng
從,tsîng
情,tsîng
曾,tsîng
榕,tsîng
晴,tsînn
簷,tsînn
錢,tsînn
薯,tsîr
蜍,tsîr
佐,tsò
做,tsò
灶,tsò
壯,tsòng
綜,tsòng
粽,tsòng
葬,tsòng
祚,tsòo
詛,tsòo
坐,tsó
左,tsó
造,tsó
早,tsó
棗,tsó
澡,tsó
藻,tsó
總,tsóng
沮,tsóo
左,tsóo
組,tsóo
俎,tsóo
祖,tsóo
阻,tsóo
曹,tsô
皁,tsô
嘈,tsô
槽,tsô
艚,tsô
崇,tsông
藏,tsông
傱,tsông
叢,tsông
琮,tsông
雛,tsôo
注,tsù
蛀,tsù
註,tsù
鑄,tsù
駐,tsù
峻,tsùn
俊,tsùn
圳,tsùn
浚,tsùn
濬,tsùn
竣,tsùn
顫,tsùn
駿,tsùn
恣,tsùr
主,tsú
子,tsú
渚,tsú
耔,tsú
煮,tsú
准,tsún
準,tsún
撙,tsún
子,tsúr
仔,tsúr
梓,tsúr
慈,tsû
喌,tsû
薯,tsû
存,tsûn
前,tsûn
船,tsûn
蹲,tsûn
磁,tsûr
鶿,tsûr
乍,tsā
昨,tsā
在,tsāi
載,tsāi
寨,tsāi
站,tsām
鏨,tsām
㨻,tsānn
棹,tsāu
找,tsāu
坐,tsē
罪,tsē
寨,tsē
濟,tsē
寨,tsēe
靜,tsēnn
睡,tsēr
坐,tsěr
罪,tsěr
巳,tsī
盡,tsīn
靖,tsīng
靜,tsīng
淨,tsīng
贈,tsīng
靚,tsīng
舐,tsīnn
坐,tsō
皁,tsō
座,tsō
皂,tsō
造,tsō
狀,tsōng
藏,tsōng
臟,tsōng
驟,tsōo
助,tsōo
住,tsū
柱,tsū
自,tsū
苴,tsū
轉,tsūn
陣,tsūn
捘,tsūn
自,tsūr
字,tsūr
站,tsǎm
鏨,tsǎm
找,tsǎu
涘,tsǐ
舐,tsǐ
盡,tsǐn
儘,tsǐn
贐,tsǐn
舐,tsǐnn
沮,tsǐr
造,tsǒ
座,tsǒ
皂,tsǒ
奘,tsǒng
聚,tsǔ
捘,tsǔn
豬,tu
㧣,tu
株,tu
蛛,tu
誅,tu
掇,tuah
端,tuan
單,tuann
端,tuann
掇,tuat
輟,tuat
綴,tuat
奪,tua̍t
盹,tuh
厾,tuh
堆,tui
追,tui
肫,tun
鈍,tun
噸,tun
墩,tun
屯,tun
惇,tun
敦,tun
咄,tut
帶,tuà
住,tuà
蹛,tuà
斷,tuàn
鍛,tuàn
旦,tuànn
短,tuán
剸,tuân
彈,tuânn
壇,tuânn
檀,tuânn
綴,tuè
底,tué
貯,tué
蹄,tuê
題,tuê
頹,tuê
對,tuì
碓,tuì
轉,tuínn
捶,tuî
錘,tuî
傳,tuînn
剸,tuînn
大,tuā
傳,tuān
斷,tuān
段,tuān
緞,tuān
段,tuānn
彈,tuānn
地,tuē
兌,tuē
墮,tuī
縋,tuī
兌,tuī
墜,tuī
懟,tuī
隊,tuī
斷,tuǎn
篆,tuǎn
惰,tuǎnn
斷,tuǐnn
揬,tu̍h
突,tu̍t
凸,tu̍t
咤,tà
罩,tà
帶,tài
戴,tài
店,tàinn
頕,tàm
旦,tàn
誕,tàn
擲,tàn
釘,tàn
㨂,tàng
凍,tàng
當,tàng
擔,tànn
呾,tànn
鬥,tàu
到,tàu
晝,tàu
罩,tàu
歹,tái
滓,tái
刐,táinn
膽,tám
等,tán
懂,táng
董,táng
打,tánn
膽,tánn
斗,táu
台,tâi
埋,tâi
檯,tâi
臺,tâi
談,tâm
澹,tâm
彈,tân
亭,tân
陳,tân
霆,tân
壇,tân
檀,tân
同,tâng
童,tâng
筒,tâng
胴,tâng
銅,tâng
耽,tânn
投,tâu
骰,tâu
帝,tè
窄,tè
從,tè
塊,tè
綴,tè
渧,tè
締,tè
蒂,tè
諦,tè
瞪,tènn
佯,tènn
撜,tènn
地,tèr
塊,tèr
戴,tèr
綴,tèr
短,té
貯,té
底,té
抵,té
邸,té
短,tér
等,térng
茶,tê
蹄,tê
題,tê
茶,têe
懥,tì
智,tì
植,tì
置,tì
致,tì
戴,tì
緻,tì
蒂,tì
抌,tìm
掂,tìm
頕,tìm
鎮,tìn
中,tìng
橙,tìng
叮,tìng
凳,tìng
釘,tìng
鐙,tìng
佯,tìnn
瞪,tìnn
著,tìr
抵,tí
振,tín
等,tíng
鼎,tíng
頂,tíng
戥,tíng
坻,tî
治,tî
持,tî
池,tî
遲,tî
除,tî
馳,tî
沉,tîm
陳,tîn
塵,tîn
藤,tîn
亭,tîng
婷,tîng
庭,tîng
懲,tîng
橙,tîng
程,tîng
裎,tîng
重,tîng
藤,tîng
廷,tîng
滕,tîng
澄,tîng
霆,tîng
纏,tînn
躇,tîr
鋤,tîr
除,tîr
到,tò
倒,tò
當,tòng
噸,tòng
擋,tòng
凍,tòng
棟,tòng
檔,tòng
蠹,tòo
到,tòo
妒,tòo
𪐞,tòo
幬,tó
佗,tó
島,tó
倒,tó
禱,tó
檔,tóng
懂,tóng
董,tóng
黨,tóng
斗,tóo
島,tóo
肚,tóo
堵,tóo
睹,tóo
賭,tóo
度,tô
他,tô
佗,tô
桃,tô
沱,tô
淘,tô
濤,tô
萄,tô
跎,tô
逃,tô
陀,tô
陶,tô
馱,tô
駝,tô
丼,tôm
僮,tông
同,tông
唐,tông
堂,tông
洞,tông
痌,tông
童,tông
佟,tông
塘,tông
幢,tông
彤,tông
桐,tông
棠,tông
瞳,tông
筒,tông
螳,tông
銅,tông
徒,tôo
涂,tôo
圖,tôo
塗,tôo
屠,tôo
廚,tôo
荼,tôo
途,tôo
陀,tôo
著,tù
滯,tù
注,tù
頓,tùn
鈍,tùn
柱,tú
拄,tú
囤,tún
盾,tún
除,tû
廚,tû
櫥,tû
唇,tûn
屯,tûn
脣,tûn
事,tāi
大,tāi
代,tāi
岱,tāi
殆,tāi
舵,tāi
袋,tāi
貸,tāi
逮,tāi
黛,tāi
橂,tāinn
賺,tām
但,tān
彈,tān
憚,tān
蛋,tān
動,tāng
重,tāng
賺,tānn
讀,tāu
豆,tāu
痘,tāu
脰,tāu
地,tē
弟,tē
禘,tē
第,tē
代,tē
袋,tē
彘,tē
棣,tē
滯,tē
睇,tē
遞,tē
地,tēi
捏,tēnn
鄭,tēnn
代,tēr
埭,tēr
袋,tēr
娣,tě
悌,tě
治,tī
值,tī
在,tī
弟,tī
己,tī
是,tī
佇,tī
底,tī
痔,tī
箸,tī
地,tī
稚,tī
朕,tīm
燖,tīm
鴆,tīm
陣,tīn
陳,tīn
定,tīng
訂,tīng
碇,tīng
鄧,tīng
鄭,tīng
捏,tīnn
滇,tīnn
箸,tīr
悼,tō
盜,tō
道,tō
就,tō
導,tō
盗,tō
稻,tō
蹈,tō
動,tōng
洞,tōng
慟,tōng
撞,tōng
度,tōo
杜,tōo
讀,tōo
道,tōo
導,tōo
盜,tōo
肚,tōo
悼,tōo
渡,tōo
蹈,tōo
鍍,tōo
箸,tū
駐,tū
遁,tūn
遯,tūn
鈍,tūn
燉,tūn
怠,tǎi
迨,tǎi
淡,tǎm
啖,tǎm
湛,tǎm
繵,tǎn
淡,tǎnn
底,tǐ
峙,tǐ
痔,tǐ
豸,tǐ
朕,tǐm
錠,tǐng
滇,tǐnn
佇,tǐr
杼,tǐr
苧,tǐr
墮,tǒ
惰,tǒ
舵,tǒ
盪,tǒng
蕩,tǒng
杜,tǒo
肚,tǒo
沌,tǔn
褪,t̀hng
燙,t̀hng
頓,t̀ng
當,t̀ng
穿,t̀shng
串,t̀shng
鑽,t̀sng
轉,t́ng
漲,t́ng
吮,t́shng
指,t́sng
傳,t̂hng
糖,t̂hng
長,t̂ng
唐,t̂ng
堂,t̂ng
塘,t̂ng
腸,t̂ng
床,t̂shng
從,t̂sng
杖,t̄hng
熥,t̄hng
碭,t̄hng
丈,t̄ng
搪,t̄ng
斷,t̄ng
盪,t̄ng
撞,t̄ng
長,t̄ng
旋,t̄sng
狀,t̄sng
臟,t̄sng
團,t̍hngh
擤,t̍shngh
盱,u
于,u
於,u
五,u
污,u
迂,u
哇,ua
娃,ua
蛙,ua
歪,uai
灣,uainn
崴,uainnh
冤,uan
彎,uan
灣,uan
蜿,uan
鴛,uan
嚾,uang
安,uann
鞍,uann
斡,uat
挖,uat
斡,uat
活,ua̍h
劃,ua̍h
悅,ua̍t
曰,ua̍t
鉞,ua̍t
閱,ua̍t
越,ua̍t
粵,ua̍t
椏,ue
鍋,ue
喂,ue
崴,ue
煨,ue
畫,ue̍eh
狹,ue̍h
劃,ue̍h
噎,uh
威,ui
萎,ui
揻,ui
衣,ui
逶,ui
挖,uih
劃,ui̍h
恩,un
溫,un
殷,un
瘟,un
蝹,un
熨,ut
鬱,ut
尉,ut
熨,ut
鬱,ut
怨,uàn
惋,uàn
晏,uànn
案,uànn
倚,uá
崴,uáinn
宛,uán
遠,uán
婉,uán
琬,uán
皖,uán
腕,uán
苑,uán
菀,uán
碗,uánn
腕,uánn
何,uâ
園,uân
圓,uân
頑,uân
員,uân
完,uân
丸,uân
猿,uân
紈,uân
袁,uân
轅,uân
穢,uè
挖,ué
矮,ué
鞋,uê
畏,uì
對,uì
慰,uì
飫,uì
蔚,uì
偉,uí
委,uí
猥,uí
萎,uí
葦,uí
鮪,uí
䘼,uínn
唯,uî
幃,uî
為,uî
維,uî
褘,uî
遺,uî
闈,uî
韋,uî
危,uî
圍,uî
帷,uî
惟,uî
違,uî
磺,uînn
遠,uān
院,uān
緩,uān
媛,uān
援,uān
瑗,uān
換,uānn
旱,uānn
衛,uē
衞,uē
畫,uē
話,uē
畫,uēe
話,uēe
渭,uī
為,uī
爲,uī
蝟,uī
謂,uī
位,uī
緯,uī
胃,uī
暈,uīnn
浣,uǎn
緩,uǎn
旱,uǎnn
汩,u̍t
聿,u̍t
遹,u̍t
鷸,u̍t
愛,ài
欲,ài
嬡,ài
曖,ài
璦,ài
隘,ài
暗,àm
晏,àn
按,àn
案,àn
齆,àng
甕,àng
向,ànn
臭,àu
懊,àu
漚,àu
也,á
仔,á
啞,á
矮,ái
藹,ái
泔,ám
黯,ám
俺,án
按,án
遮,ánn
嘔,áu
拗,áu
閒,âinn
涵,âm
絚,ân
紅,âng
洪,âng
攔,ânn
涵,ânn
喉,âu
縊,è
翳,è
穢,èr
矮,é
啞,ée
的,ê
鞋,ê
兮,ê
其,ê
个,ê
楹,ênn
噫,ì
懿,ì
意,ì
薏,ì
廕,ìm
窨,ìm
蔭,ìm
印,ìn
應,ìn
應,ìng
壅,ìng
蕹,ìng
燕,ìnn
飫,ìr
以,í
佁,í
倚,í
已,í
矣,í
椅,í
迤,í
飲,ím
引,ín
允,ín
影,íng
往,íng
永,íng
湧,íng
泳,íng
穎,íng
郢,íng
穎,ínn
予,ír
移,î
飴,î
於,î
維,î
遺,î
姨,î
夷,î
彝,î
怡,î
胰,î
貽,î
頤,î
淫,îm
霪,îm
寅,în
榮,îng
縈,îng
閒,îng
楹,îng
瀛,îng
熒,îng
營,îng
盈,îng
贏,îng
圓,înn
丸,înn
余,îr
妤,îr
歟,îr
餘,îr
奧,ò
懊,ò
澳,ò
惡,òo
噁,òo
襖,ó
往,óng
枉,óng
挖,óo
塢,óo
扝,óo
蚵,ô
王,ông
湖,ôo
壺,ôo
弧,ôo
瑚,ôo
胡,ôo
蝴,ôo
焐,ù
煦,ù
塭,ùn
慍,ùn
搵,ùn
蘊,ùn
醞,ùn
宇,ú
與,ú
雨,ú
予,ú
禹,ú
羽,ú
狁,ún
隱,ún
許,ún
允,ún
穩,ún
尹,ún
殞,ún
癮,ún
蚓,ún
隕,ún
于,û
於,û
歟,û
餘,û
予,û
與,û
余,û
榆,û
渝,û
瑜,û
盂,û
竽,û
臾,û
覦,û
諛,û
逾,û
雩,û
云,ûn
雲,ûn
勻,ûn
筠,ûn
紜,ûn
耘,ûn
芸,ûn
蕓,ûn
輪,ûn
偝,āinn
頷,ām
限,ān
餡,ānn
后,āu
後,āu
下,ē
會,ē
禍,ē
裔,ē
下,ēe
下,ěe
廈,ěe
禍,ěr
園,ĥng
異,ī
易,ī
奕,ī
肄,ī
孕,īn
胤,īn
詠,īng
用,īng
院,īnn
預,īr
譽,īr
豫,īr
影,ńg
阮,ńg
䘼,ńg
捥,ńg
蔭,ńg
軟,ńng
兩,ňng
茂,ōm
旺,ōng
芋,ōo
損,śng
耍,śng
床,ŝng
盪,ťng
丈,ťng
蕩,ťng
又,ū
豫,ū
與,ū
有,ū
預,ū
芋,ū
運,ūn
韻,ūn
暈,ūn
頷,ǎm
限,ǎn
後,ǎu
奕,ǐ
有,ǔ
向,ǹg
軁,ǹng
廣,ḱng
捲,ḱng
卷,ḱng
管,ḱng
姆,ḿ
晚,ḿng
榜,ṕng
