啊,a0
仔,a01
鴉,a1
阿,a1
亞,a1
腌,a1
也,a2
仔,a2
啞,a2
啊,ah0
矣,ah0
壓,ah1
押,ah1
鴨,ah1
壓,ah4
押,ah4
鴨,ah4
曷,ah8
盒,ah8
埃,ai1
哀,ai1
哎,ai1
唉,ai1
挨,ai1
矮,ai2
藹,ai2
愛,ai3
欲,ai3
嬡,ai3
曖,ai3
璦,ai3
隘,ai3
噯,aih1
握,ak1
沃,ak1
幄,ak4
握,ak4
沃,ak4
渥,ak4
齷,ak4
菴,am1
闇,am1
掩,am1
醃,am1
庵,am1
罨,am1
腌,am1
諳,am1
鵪,am1
𧌄,am1
泔,am2
黯,am2
暗,am3
涵,am5
頷,am6
頷,am7
安,an1
鞍,an1
俺,an2
按,an2
晏,an3
按,an3
案,an3
絚,an5
限,an6
限,an7
翁,ang1
尪,ang1
齆,ang3
甕,ang3
紅,ang5
洪,ang5
區,ao1
歐,ao1
漚,ao1
甌,ao1
嘔,ao2
拗,ao2
臭,ao3
懊,ao3
漚,ao3
喉,ao5
後,ao6
后,ao7
後,ao7
拗,aoh4
鴨,ap4
壓,ap4
押,ap4
狎,ap8
盍,ap8
盒,ap8
遏,at1
曷,at4
揠,at4
軋,at4
遏,at4
疤,ba1
吧,ba1
巴,ba1
笆,ba1
芭,ba1
把,ba2
飽,ba2
伯,ba3
霸,ba3
壩,ba3
豹,ba3
杷,ba5
爸,ba5
琶,ba5
罷,ba6
爸,ba7
罷,ba7
𢼌,ba7
百,bah4
俳,bai1
回,bai2
次,bai2
擺,bai2
跛,bai2
拜,bai3
徘,bai5
排,bai5
筏,bai5
俳,bai5
棑,bai5
牌,bai5
敗,bai7
剝,bak1
北,bak1
幅,bak1
腹,bak1
北,bak4
腹,bak4
幅,bak4
剝,bak4
駁,bak4
縛,bak8
贌,bak8
蔔,bak8
便,ban1
扳,ban1
斑,ban1
班,ban1
頒,ban1
板,ban2
版,ban2
舨,ban2
闆,ban2
阪,ban2
瓶,ban5
貧,ban5
辦,ban7
扮,ban7
瓣,ban7
範,ban7
邦,bang1
封,bang1
崩,bang1
幫,bang1
枋,bang1
綁,bang2
放,bang3
房,bang5
縫,bang5
馮,bang5
龐,bang5
棒,bang6
蚌,bang7
包,bao1
胞,bao1
苞,bao1
飽,bao2
豹,bao3
匏,bao5
刨,bao5
庖,bao5
鮑,bao5
㿺,baoh4
捌,bat1
曾,bat4
密,bat8
媌,bba5
貓,bba5
麻,bba5
擸,bba7
覓,bba7
峇,bba7
肉,bbah1
肉,bbah4
屄,bbai1
惡,bbai2
㝥,bbai2
䆀,bbai2
眉,bbai5
埋,bbai5
楣,bbai5
霾,bbai5
覓,bbai7
沐,bbak1
沐,bbak4
目,bbak8
墨,bbak8
木,bbak8
屘,bban1
挽,bban2
閩,bban5
蠻,bban5
萬,bban7
慢,bban7
瓣,bban7
嫚,bban7
曼,bban7
漫,bban7
縵,bban7
蔓,bban7
謾,bban7
顢,bban7
艋,bbang2
蠓,bbang2
忙,bbang5
氓,bbang5
芒,bbang5
茫,bbang5
網,bbang6
夢,bbang7
望,bbang7
網,bbang7
卯,bbao2
泖,bbao2
茆,bbao2
貓,bbao5
矛,bbao5
茅,bbao5
㴘,bbao7
貌,bbao7
貿,bbao7
貿,bbaoh8
馬,bbe2
尾,bbe2
買,bbe2
瑪,bbe2
碼,bbe2
馬,bbe2
糜,bbe5
謎,bbe5
迷,bbe5
未,bbe7
妹,bbe7
賣,bbe7
袂,bbe7
欲,bbeh1
欲,bbeh4
要,bbeh4
麥,bbeh8
咪,bbi1
美,bbi2
靡,bbi2
米,bbi2
弭,bbi2
彌,bbi5
眉,bbi5
縻,bbi5
薇,bbi5
麋,bbi5
微,bbi5
嵋,bbi5
湄,bbi5
眯,bbi5
糜,bbi5
味,bbi7
未,bbi7
媚,bbi7
寐,bbi7
沬,bbi7
謎,bbi7
魅,bbi7
免,bbian2
眄,bbian2
冕,bbian2
勉,bbian2
緬,bbian2
棉,bbian5
眠,bbian5
綿,bbian5
面,bbian7
麵,bbian7
渺,bbiao2
淼,bbiao2
秒,bbiao2
藐,bbiao2
描,bbiao5
苗,bbiao5
錨,bbiao5
妙,bbiao7
廟,bbiao7
滅,bbiat8
篾,bbiat8
蔑,bbiat8
覕,bbih1
覕,bbih4
篾,bbih8
貊,bbik8
陌,bbik8
墨,bbik8
脈,bbik8
覓,bbik8
麥,bbik8
默,bbik8
緡,bbin2
憫,bbin2
抿,bbin2
敏,bbin2
泯,bbin2
閔,bbin2
明,bbin5
民,bbin5
岷,bbin5
旻,bbin5
眠,bbin5
閩,bbin5
面,bbin7
猛,bbing2
皿,bbing2
名,bbing5
明,bbing5
溟,bbing5
甍,bbing5
眀,bbing5
瞑,bbing5
鳴,bbing5
冥,bbing5
盟,bbing5
茗,bbing5
萌,bbing5
螟,bbing5
銘,bbing5
孟,bbing7
命,bbing7
母,bbio2
秒,bbio2
謀,bbio5
描,bbio5
牟,bbio5
眸,bbio5
廟,bbio7
懋,bbio7
貿,bbio7
沕,bbit8
宓,bbit8
密,bbit8
蜜,bbit8
謐,bbit8
繆,bbiu5
繆,bbiu7
謬,bbiu7
嘛,bbna01
馬,bbna2
媽,bbna2
嬤,bbna2
瑪,bbna2
碼,bbna2
螞,bbna2
媽,bbna5
嘛,bbna6
嘛,bbna7
罵,bbna7
哩,bbnai1
買,bbnai2
莫,bbnai3
賣,bbnai7
覓,bbnai7
㧌,bbnao1
矛,bbnao5
茅,bbnao5
貌,bbnao7
卯,bbnaoh1
搣,bbne1
搣,bbne1
猛,bbne2
猛,bbne2
蜢,bbne2
暝,bbne5
鋩,bbne5
暝,bbne5
盲,bbne5
芒,bbne5
罵,bbne7
罵,bbne7
咩,bbneh1
脈,bbneh8
瞇,bbni1
搣,bbni1
彌,bbni5
暝,bbni5
棉,bbni5
綿,bbni5
麵,bbni7
名,bbnia5
樠,bbnia5
明,bbnia5
命,bbnia7
喵,bbniao1
妙,bbniao7
物,bbnih8
晚,bbnng2
門,bbnng5
毛,bbnng5
問,bbnng7
物,bbnngh8
麼,bbnoo2
摩,bbnoo5
旄,bbnoo5
毛,bbnoo5
磨,bbnoo5
蘑,bbnoo5
髦,bbnoo5
魔,bbnoo5
媢,bbnoo7
摩,bbnoo7
冒,bbnoo7
耄,bbnoo7
𢯾,bbnooh4
瘼,bbnooh8
膜,bbnooh8
幔,bbnua1
滿,bbnua2
痲,bbnua5
明,bbnua5
瞞,bbnua5
鰻,bbnua5
麻,bbnua5
糜,bbnuai5
妹,bbnuai7
糜,bbnue5
媒,bbnue5
梅,bbnue5
煤,bbnue5
玫,bbnue5
莓,bbnue5
妹,bbnue7
每,bbnui2
毎,bbnui2
晚,bbnui2
玫,bbnui5
門,bbnui5
昧,bbnui7
問,bbnui7
母,bbo2
無,bbo5
帽,bbo7
磨,bbo7
欲,bboh4
莫,bboh8
瘼,bboh8
膜,bboh8
揍,bbok1
木,bbok8
目,bbok8
莫,bbok8
鶩,bbok8
寞,bbok8
沐,bbok8
漠,bbok8
牧,bbok8
睦,bbok8
穆,bbok8
膜,bbok8
邈,bbok8
摸,bbong1
惘,bbong2
懵,bbong2
檬,bbong2
網,bbong2
罔,bbong2
莽,bbong2
蟒,bbong2
魍,bbong2
甍,bbong3
亡,bbong5
芒,bbong5
茫,bbong5
蒙,bbong5
雺,bbong5
忙,bbong5
朦,bbong5
濛,bbong5
盲,bbong5
矇,bbong5
夢,bbong7
妄,bbong7
忘,bbong7
望,bbong7
墓,bbong7
摸,bboo1
毋,bboo2
母,bboo2
牡,bboo2
畝,bboo2
某,bboo2
謀,bboo5
摸,bboo5
摹,bboo5
模,bboo5
謨,bboo5
慕,bboo7
暮,bboo7
茂,bboo7
墓,bboo7
募,bboo7
幕,bboo7
戊,bboo7
武,bbu2
舞,bbu2
撫,bbu2
母,bbu2
牡,bbu2
侮,bbu2
拇,bbu2
鵡,bbu2
無,bbu5
蕪,bbu5
巫,bbu5
誣,bbu5
務,bbu7
霧,bbu7
磨,bbua5
抹,bbuah1
抹,bbuah4
末,bbuah8
茉,bbuah8
晚,bbuan2
滿,bbuan2
瞞,bbuan5
萬,bbuan7
抹,bbuat4
末,bbuat8
襪,bbuat8
尾,bbue2
買,bbue2
囮,bbue5
袂,bbue7
不,bbue7
未,bbue7
賣,bbue7
欲,bbueh1
襪,bbueh8
微,bbui1
蝛,bbui1
未,bbui7
呅,bbun1
刎,bbun2
吻,bbun2
濆,bbun3
文,bbun5
聞,bbun5
門,bbun5
們,bbun5
捫,bbun5
紋,bbun5
蚊,bbun5
雯,bbun5
問,bbun7
悶,bbun7
汶,bbun7
燜,bbun7
紊,bbun7
粅,bbut4
𢪱,bbut4
物,bbut8
勿,bbut8
歿,bbut8
沒,bbut8
𢪱,bbut8
扒,be1
飛,be1
扒,be1
把,be2
把,be2
靶,be2
蔽,be3
陛,be3
閉,be3
扒,be5
爬,be5
爬,be5
耙,be5
賠,be5
琶,be5
扒,be5
杷,be5
琶,be5
耙,be5
父,be6
倍,be7
弊,be7
陛,be7
父,be7
爸,be7
耙,be7
幣,be7
敝,be7
斃,be7
脈,beeh8
麥,beeh8
八,beh1
擘,beh1
伯,beh4
八,beh4
百,beh4
白,beh8
拔,beh8
尾,ber2
美,ber2
微,ber5
糜,ber5
妹,ber7
買,bere2
袂,bere6
賣,bere7
欲,berh4
襪,berh8
俾,bi1
悲,bi1
裨,bi1
卑,bi1
啡,bi1
啤,bi1
埤,bi1
碑,bi1
觱,bi1
彼,bi2
比,bi2
匕,bi2
妣,bi2
閟,bi3
秘,bi3
閉,bi3
費,bi3
庇,bi3
痹,bi3
臂,bi3
枇,bi5
毗,bi5
琵,bi5
脾,bi5
婢,bi6
被,bi6
濞,bi7
避,bi7
鼻,bi7
辟,bi7
備,bi7
被,bi7
壁,biah1
避,biah4
煏,biak1
煏,biak4
扁,bian1
鞭,bian1
扳,bian1
編,bian1
邊,bian1
扁,bian2
匾,bian2
蝙,bian2
諞,bian2
貶,bian2
窆,bian3
變,bian3
遍,bian3
駢,bian5
辨,bian6
辮,bian6
辯,bian6
便,bian7
辨,bian7
辯,bian7
卞,bian7
汴,bian7
嘣,biang1
迸,biang3
標,biao1
膘,biao1
鑣,biao1
飙,biao1
表,biao2
婊,biao2
裱,biao2
錶,biao2
殍,biao6
鱉,biat4
憋,biat4
別,biat8
白,biat8
撆,bih1
湢,bih1
鱉,bih1
鼈,bih4
撆,bih4
鱉,bih4
迫,bik1
逼,bik1
伯,bik4
壁,bik4
百,bik4
逼,bik4
迫,bik4
柏,bik4
璧,bik4
白,bik8
帛,bik8
愎,bik8
舶,bik8
賓,bin1
彬,bin1
斌,bin1
檳,bin1
濱,bin1
繽,bin1
箅,bin2
鉼,bin2
稟,bin2
篦,bin3
殯,bin3
鬢,bin3
貧,bin5
馮,bin5
屏,bin5
憑,bin5
燃,bin5
頻,bin5
嬪,bin5
顰,bin5
牝,bin6
崩,bing1
兵,bing1
冰,bing1
反,bing2
丙,bing2
秉,bing2
餅,bing2
並,bing3
併,bing3
并,bing3
柄,bing3
平,bing5
馮,bing5
朋,bing5
爿,bing5
屏,bing5
憑,bing5
棚,bing5
瓶,bing5
秤,bing5
病,bing7
並,bing7
摽,bio1
標,bio1
鏢,bio1
表,bio2
錶,bio2
鰾,bio6
鰾,bio7
必,bit1
筆,bit1
必,bit4
畢,bit4
伯,bit4
筆,bit4
蓽,bit4
弼,bit8
彪,biu1
反,bnai2
爿,bnai5
繃,bne1
柄,bne3
平,bne5
坪,bne5
棚,bne5
病,bne7
幫,bng1
楓,bng1
榜,bng2
飯,bng7
傍,bng7
繃,bni1
邊,bni1
鞭,bni1
扁,bni2
柄,bni3
變,bni3
平,bni5
坪,bni5
棚,bni5
辮,bni6
病,bni7
辮,bni7
兵,bnia1
丙,bnia2
餅,bnia2
並,bnia3
拚,bnia3
摒,bnia3
平,bnia5
搬,bnua1
般,bnua1
坂,bnua2
半,bnua3
絆,bnua3
盤,bnua5
拌,bnua6
絆,bnua6
拌,bnua7
方,bnui1
楓,bnui1
本,bnui2
玻,bo1
菠,bo1
褒,bo1
抱,bo2
葆,bo2
保,bo2
寶,bo2
堡,bo2
褓,bo2
鴇,bo2
報,bo3
播,bo3
婆,bo5
暴,bo7
卜,boh1
卜,boh4
駁,boh4
薄,boh8
箔,boh8
卜,bok1
噗,bok1
北,bok4
卜,bok4
烞,bok4
暴,bok8
礴,bok8
薄,bok8
僕,bok8
泊,bok8
瀑,bok8
爆,bok8
榜,bong2
泵,bong3
謗,bong3
徬,bong5
房,bong5
旁,bong5
膀,bong5
鎊,bong6
磅,bong7
碰,bong7
傍,bong7
埔,boo1
埠,boo1
晡,boo1
蜅,boo1
部,boo2
補,boo2
斧,boo2
脯,boo2
布,boo3
佈,boo3
傅,boo3
怖,boo3
播,boo3
捗,boo5
裒,boo5
匍,boo5
蒲,boo5
酺,boo5
哺,boo7
部,boo7
步,boo7
捕,boo7
捗,boo7
暴,boo7
哹,bu1
富,bu3
垺,bu5
匏,bu5
炰,bu5
婦,bu6
孵,bu7
簸,bua3
撥,buah1
缽,buah1
缽,buah4
撥,buah4
拔,buah8
跋,buah8
鈸,buah8
搬,buan1
般,buan1
半,buan3
槃,buan5
盤,buan5
拌,buan6
絆,buan6
叛,buan7
畔,buan7
缽,buat4
撥,buat4
般,buat4
拔,buat8
菝,buat8
跋,buat8
鈸,buat8
杯,bue1
飛,bue1
桮,bue1
盃,bue1
掰,bue2
背,bue3
輩,bue3
褙,bue3
狽,bue3
貝,bue3
陪,bue5
培,bue5
裴,bue5
賠,bue5
倍,bue6
蓓,bue6
狽,bue7
背,bue7
佩,bue7
倍,bue7
培,bue7
悖,bue7
焙,bue7
珮,bue7
捌,bueh
八,bueh1
拔,bueh8
發,buh1
發,buh4
沸,bui3
痱,bui3
肥,bui5
吠,bui7
拔,buih8
分,bun1
本,bun2
畚,bun3
糞,bun3
歕,bun5
笨,bun6
笨,bun7
不,but1
抔,but1
不,but4
抔,but4
佛,but8
勃,but8
渤,but8
菝,but8
叉,ca1
差,ca1
吵,ca2
炒,ca2
查,ca5
柴,ca5
插,cah1
插,cah4
差,cai1
猜,cai1
釵,cai1
彩,cai2
採,cai2
綵,cai2
踩,cai2
采,cai2
菜,cai3
蔡,cai3
才,cai5
柴,cai5
纔,cai5
裁,cai5
在,cai7
寘,cai7
祀,cai7
鑿,cak8
驂,cam1
參,cam1
摻,cam1
攙,cam1
慘,cam2
摻,cam3
讖,cam3
懺,cam3
參,cam4
讒,cam5
慚,cam5
蠶,cam5
餐,can1
呻,can1
孱,can1
潺,can1
鏟,can2
燦,can3
璨,can3
襯,can3
田,can5
蔥,cang1
氅,cang2
聳,cang3
藏,cang3
抄,cao1
操,cao1
鈔,cao1
草,cao2
吵,cao2
炒,cao2
臭,cao3
撨,cao5
嘈,caoh8
插,cap1
插,cap4
㴙,cap8
萋,ce1
初,ce1
叉,ce1
吹,ce1
尺,ce1
差,ce1
炊,ce1
叉,ce1
妻,ce1
差,ce1
悽,ce1
棲,ce1
淒,ce1
且,ce2
髓,ce2
扯,ce2
切,ce3
摖,ce3
粞,ce3
脆,ce3
廁,ce3
䠡,ce5
箠,ce5
尺,ce6
坐,ce7
尋,ce7
揣,ce7
冊,ceh1
慼,ceh1
尸,ci1
蛆,ci1
嗤,ci1
痴,ci1
癡,ci1
鰓,ci1
鴟,ci1
鼠,ci2
侈,ci2
齒,ci2
啻,ci3
刺,ci3
試,ci3
熾,ci3
翅,ci3
持,ci5
徐,ci5
溡,ci5
市,ci6
市,ci7
飼,ci7
車,cia1
捙,cia1
且,cia2
斜,cia3
斜,cia5
赤,ciah1
刺,ciah1
鍤,ciah1
綽,ciak4
雀,ciak4
嚓,ciak8
踔,ciak8
襜,ciam1
殲,ciam1
簽,ciam1
籤,ciam1
纖,ciam1
攕,ciam2
僭,ciam3
塹,ciam3
潛,ciam5
千,cian1
遷,cian1
阡,cian1
芊,cian1
韆,cian1
淺,cian2
闡,cian2
倩,cian3
茜,cian3
蒨,cian3
延,cian5
娼,ciang1
昌,ciang1
猖,ciang1
惝,ciang2
搶,ciang2
蹌,ciang2
倡,ciang3
唱,ciang3
橙,ciang5
嬙,ciang5
沖,ciang5
牆,ciang5
超,ciao1
搜,ciao1
鍬,ciao1
悄,ciao2
俏,ciao3
峭,ciao3
撨,ciao5
妾,ciap1
妾,ciap4
竊,ciap4
切,ciat4
掣,ciat4
爍,cih4
𩑾,cih4
揤,cih8
蠘,cih8
促,cik1
粟,cik1
尺,cik4
測,cik4
策,cik4
膝,cik4
赤,cik4
促,cik4
側,cik4
冊,cik4
叱,cik4
惻,cik4
慼,cik4
戚,cik4
斥,cik4
粟,cik4
摵,cik8
深,cim1
侵,cim1
寢,cim2
沁,cim3
鑱,cim5
岑,cim5
親,cin1
嗔,cin1
凊,cin3
秤,cin3
襯,cin3
圊,cing1
檉,cing1
清,cing1
青,cing1
千,cing1
琤,cing1
稱,cing1
蜻,cing1
請,cing2
惝,cing2
筅,cing2
擤,cing3
銃,cing3
凊,cing3
熗,cing3
稱,cing3
衝,cing3
橙,cing5
松,cing5
榕,cing5
穿,cing7
俏,cio1
𪁎,cio1
笑,cio3
俏,cio3
湊,cio3
灼,cio7
炤,cio7
耀,cio7
尺,cioh1
尺,cioh4
螫,cioh4
沢,cioh4
蹠,cioh4
蓆,cioh8
觸,ciok4
蹙,ciok4
雀,ciok4
鵲,ciok4
浞,ciok8
倡,ciong1
昌,ciong1
沖,ciong1
充,ciong1
衝,ciong1
縱,ciong2
聳,ciong2
唱,ciong3
戕,ciong5
檣,ciong5
咠,cip4
楫,cip4
緝,cip4
葺,cip4
輯,cip4
七,cit1
拭,cit1
七,cit4
姼,cit4
拭,cit4
漆,cit4
𨑨,cit4
愀,ciu1
秋,ciu1
鰌,ciu1
羞,ciu1
萩,ciu1
鞦,ciu1
鬚,ciu1
鶖,ciu1
愀,ciu2
手,ciu2
帚,ciu2
醜,ciu2
愁,ciu5
揫,ciu5
樹,ciu7
錚,cna3
錚,cna7
千,cnai1
筅,cnai2
星,cne1
生,cne1
青,cne1
醒,cne2
腥,cne3
倉,cng1
村,cng1
穿,cng1
伸,cng1
滄,cng1
瘡,cng1
艙,cng1
吮,cng2
穿,cng3
串,cng3
床,cng5
擤,cngh8
清,cni1
腥,cni1
鮮,cni1
星,cni1
生,cni1
青,cni1
親,cni1
醒,cni2
腥,cni3
瀳,cni5
且,cnia2
請,cnia2
倩,cnia3
成,cnia5
晟,cnia5
槍,cniu1
鯧,cniu1
搶,cniu2
廠,cniu2
唱,cniu3
呛,cniu3
颺,cniu5
楊,cniu5
牆,cniu5
薔,cniu5
像,cniu6
上,cniu6
像,cniu7
象,cniu7
上,cniu7
匠,cniu7
扦,cnua1
䉔,cnua1
閂,cnua3
穿,cnui1
川,cnui1
吮,cnui2
串,cnui3
竄,cnui3
磋,co1
臊,co1
搓,co1
操,co1
蹉,co1
草,co2
楚,co2
慥,co3
剉,co3
錯,co3
噪,co3
挫,co3
操,co3
糙,co3
銼,co3
𧮙,coh4
撮,cok1
簇,cok1
觸,cok4
簇,cok4
錯,cok4
鑿,cok8
倉,cong1
滄,cong1
窗,cong1
蒼,cong1
創,cong1
匆,cong1
囪,cong1
瘡,cong1
聰,cong1
艙,cong1
創,cong3
愴,cong3
床,cong5
初,coo1
粗,coo1
楚,coo2
措,coo3
醋,coo3
舒,cu1
蛆,cu1
樞,cu1
趨,cu1
取,cu2
此,cu2
處,cu2
鼠,cu2
娶,cu2
次,cu3
覷,cu3
處,cu3
厝,cu3
趣,cu3
澍,cu6
跙,cu6
呲,cu7
澍,cu7
跙,cu7
漈,cua3
蔡,cua3
率,cua7
娶,cua7
泄,cua7
𤆬,cua7
掣,cuah1
疶,cuah1
礤,cuah1
掣,cuah4
疶,cuah4
斜,cuah8
川,cuan1
村,cuan1
穿,cuan1
釧,cuan1
詮,cuan1
喘,cuan2
爨,cuan3
舛,cuan3
串,cuan3
竄,cuan3
篡,cuan3
闖,cuan3
遄,cuan5
攢,cuan5
撮,cuat4
初,cue1
吹,cue1
炊,cue1
髓,cue2
摖,cue3
粞,cue3
箠,cue5
尋,cue7
揣,cue7
慼,cueh1
焠,cuh1
眵,cuh1
焠,cuh4
吹,cui1
催,cui1
崔,cui1
推,cui1
出,cui3
碎,cui3
口,cui3
喙,cui3
淬,cui3
焠,cui3
粹,cui3
翠,cui3
脆,cui3
春,cun1
村,cun1
賰,cun1
伸,cun1
忖,cun2
蠢,cun2
吋,cun3
寸,cun3
存,cun5
賰,cun6
出,cut1
齣,cut1
出,cut4
猝,cut4
齣,cut4
大,da1
礁,da1
奈,da1
焦,da1
諸,da1
咤,da3
罩,da3
搭,dah1
貼,dah1
搭,dah4
答,dah4
貼,dah4
值,dah8
踏,dah8
呆,dai1
鮘,dai1
歹,dai2
滓,dai2
帶,dai3
戴,dai3
台,dai5
埋,dai5
檯,dai5
臺,dai5
怠,dai6
迨,dai6
事,dai7
大,dai7
代,dai7
岱,dai7
殆,dai7
舵,dai7
袋,dai7
貸,dai7
逮,dai7
黛,dai7
觸,dak1
觸,dak4
毒,dak8
逐,dak8
獨,dak8
各,dak8
濁,dak8
碡,dak8
擔,dam1
嘗,dam1
啖,dam1
沾,dam1
眈,dam1
耽,dam1
膽,dam2
頕,dam3
談,dam5
澹,dam5
淡,dam6
啖,dam6
湛,dam6
賺,dam7
丹,dan1
殫,dan1
鄲,dan1
單,dan1
簞,dan1
癉,dan1
釘,dan1
等,dan2
旦,dan3
誕,dan3
擲,dan3
釘,dan3
彈,dan5
亭,dan5
陳,dan5
霆,dan5
壇,dan5
檀,dan5
繵,dan6
但,dan7
彈,dan7
憚,dan7
蛋,dan7
冬,dang1
東,dang1
噹,dang1
當,dang1
懂,dang2
董,dang2
㨂,dang3
凍,dang3
當,dang3
同,dang5
童,dang5
筒,dang5
胴,dang5
銅,dang5
動,dang7
重,dang7
兜,dao1
掜,dao1
斗,dao2
鬥,dao3
到,dao3
晝,dao3
罩,dao3
投,dao5
骰,dao5
讀,dao7
豆,dao7
痘,dao7
脰,dao7
篤,daoh4
沓,daoh8
答,dap4
搭,dap4
遝,dap8
踏,dap8
沓,dap8
低,de1
羝,de1
炱,de1
氐,de1
短,de2
貯,de2
底,de2
抵,de2
邸,de2
帝,de3
窄,de3
從,de3
塊,de3
綴,de3
渧,de3
締,de3
蒂,de3
諦,de3
茶,de5
茶,de5
蹄,de5
題,de5
娣,de6
悌,de6
地,de7
地,de7
弟,de7
禘,de7
第,de7
代,de7
袋,de7
彘,de7
棣,de7
滯,de7
睇,de7
遞,de7
咧,deh1
硩,deh1
在,deh4
知,di1
豬,di1
蜘,di1
抵,di2
懥,di3
智,di3
植,di3
置,di3
致,di3
戴,di3
緻,di3
蒂,di3
坻,di5
治,di5
持,di5
池,di5
遲,di5
除,di5
馳,di5
底,di6
峙,di6
痔,di6
豸,di6
治,di7
值,di7
在,di7
弟,di7
己,di7
是,di7
佇,di7
底,di7
痔,di7
箸,di7
地,di7
稚,di7
爹,dia1
摘,diah1
糴,diah8
擉,diak8
沾,diam1
砧,diam1
點,diam2
店,diam3
踮,diam3
玷,diam3
恬,diam5
沉,diam5
甜,diam5
恬,diam6
恬,diam7
墊,diam7
滇,dian1
癲,dian1
顛,dian1
展,dian2
輾,dian2
典,dian2
田,dian5
纏,dian5
填,dian5
殄,dian6
田,dian7
電,dian7
佃,dian7
奠,dian7
殿,dian7
淀,dian7
澱,dian7
甸,dian7
綻,dian7
鈿,dian7
帳,diang3
漲,diang3
脹,diang3
長,diang3
場,diang5
腸,diang5
長,diang5
丈,diang6
仗,diang6
仗,diang7
朝,diao1
雕,diao1
調,diao1
凋,diao1
刁,diao1
貂,diao1
窕,diao2
佻,diao2
釣,diao3
召,diao3
吊,diao3
弔,diao3
窵,diao3
朝,diao5
髫,diao5
調,diao5
條,diao5
牢,diao5
晁,diao5
潮,diao5
迢,diao5
兆,diao6
肇,diao6
趙,diao6
調,diao7
趙,diao7
兆,diao7
掉,diao7
輒,diap4
揲,diap8
牒,diap8
碟,diap8
蝶,diap8
諜,diap8
哲,diat4
帙,diat8
秩,diat8
耋,diat8
跌,diat8
轍,diat8
迭,diat8
滴,dih1
滴,dih4
挃,dih8
碟,dih8
得,dik1
德,dik1
竹,dik1
得,dik4
德,dik4
的,dik4
竹,dik4
嫡,dik4
摘,dik4
滴,dik4
謫,dik4
擇,dik8
敵,dik8
笛,dik8
特,dik8
宅,dik8
滌,dik8
澤,dik8
狄,dik8
直,dik8
糴,dik8
翟,dik8
軸,dik8
迪,dik8
抌,dim3
掂,dim3
頕,dim3
沉,dim5
朕,dim6
朕,dim7
燖,dim7
鴆,dim7
珍,din1
徵,din1
津,din1
振,din2
鎮,din3
陳,din5
塵,din5
藤,din5
陣,din7
陳,din7
登,ding1
疔,ding1
丁,ding1
叮,ding1
燈,ding1
町,ding1
釘,ding1
等,ding2
鼎,ding2
頂,ding2
戥,ding2
中,ding3
橙,ding3
叮,ding3
凳,ding3
釘,ding3
鐙,ding3
亭,ding5
婷,ding5
庭,ding5
懲,ding5
橙,ding5
程,ding5
裎,ding5
重,ding5
藤,ding5
廷,ding5
滕,ding5
澄,ding5
霆,ding5
錠,ding6
定,ding7
訂,ding7
碇,ding7
鄧,ding7
鄭,ding7
著,dio0
斗,dio2
著,dio2
釣,dio3
鬥,dio3
投,dio5
潮,dio5
趒,dio5
趙,dio6
就,dio7
痘,dio7
竇,dio7
荳,dio7
讀,dio7
豆,dio7
銚,dio7
擢,dioh1
擢,dioh4
著,dioh8
竹,diok4
築,diok4
舳,diok8
著,diok8
中,diong1
張,diong1
忠,diong1
長,diong2
悵,diong3
中,diong3
漲,diong3
脹,diong3
場,diong5
重,diong5
長,diong5
仲,diong7
杖,diong7
重,diong7
中,diong7
蟄,dip8
得,dit1
得,dit4
值,dit8
植,dit8
姪,dit8
直,dit8
秩,dit8
丟,diu1
儔,diu5
惆,diu5
晝,diu5
疇,diu5
稠,diu5
籌,diu5
綢,diu5
肘,diu5
躊,diu5
宙,diu6
粙,diu6
紂,diu6
胄,diu6
宙,diu7
杖,diu7
住,diu7
稻,diu7
冑,diu7
搐,diuh1
搐,diuh4
擔,dna1
今,dna1
打,dna2
膽,dna2
擔,dna3
呾,dna3
耽,dna5
淡,dna6
賺,dna7
刐,dnai2
店,dnai3
橂,dnai7
蹬,dne1
瞪,dne3
佯,dne3
撜,dne3
捏,dne7
鄭,dne7
當,dng1
張,dng1
轉,dng2
漲,dng2
頓,dng3
當,dng3
長,dng5
唐,dng5
堂,dng5
塘,dng5
腸,dng5
盪,dng6
丈,dng6
蕩,dng6
丈,dng7
搪,dng7
斷,dng7
盪,dng7
撞,dng7
長,dng7
甜,dni1
佯,dni3
瞪,dni3
纏,dni5
滇,dni6
捏,dni7
滇,dni7
鼎,dnia2
碇,dnia3
埕,dnia5
庭,dnia5
錠,dnia6
定,dnia7
碇,dnia7
鵰,dniao1
張,dniu1
長,dniu2
帳,dniu3
漲,dniu3
脹,dniu3
場,dniu5
丈,dniu6
單,dnua1
端,dnua1
旦,dnua3
彈,dnua5
壇,dnua5
檀,dnua5
惰,dnua6
段,dnua7
彈,dnua7
轉,dnui2
傳,dnui5
剸,dnui5
斷,dnui6
多,do1
刀,do1
哆,do1
都,do1
幬,do2
佗,do2
島,do2
倒,do2
禱,do2
到,do3
倒,do3
度,do5
他,do5
佗,do5
桃,do5
沱,do5
淘,do5
濤,do5
萄,do5
跎,do5
逃,do5
陀,do5
陶,do5
馱,do5
駝,do5
墮,do6
惰,do6
舵,do6
悼,do7
盜,do7
道,do7
就,do7
導,do7
盗,do7
稻,do7
蹈,do7
佗,doh1
桌,doh1
卓,doh4
桌,doh4
擇,doh8
啄,dok1
㧻,dok1
剁,dok1
㧻,dok4
剁,dok4
卓,dok4
啄,dok4
琢,dok4
督,dok4
篤,dok4
濁,dok8
獨,dok8
度,dok8
櫝,dok8
毒,dok8
瀆,dok8
牘,dok8
犢,dok8
踱,dok8
鐸,dok8
丼,dom5
東,dong1
當,dong1
冬,dong1
鐺,dong1
檔,dong2
懂,dong2
董,dong2
黨,dong2
當,dong3
噸,dong3
擋,dong3
凍,dong3
棟,dong3
檔,dong3
僮,dong5
同,dong5
唐,dong5
堂,dong5
洞,dong5
痌,dong5
童,dong5
佟,dong5
塘,dong5
幢,dong5
彤,dong5
桐,dong5
棠,dong5
瞳,dong5
筒,dong5
螳,dong5
銅,dong5
盪,dong6
蕩,dong6
動,dong7
洞,dong7
慟,dong7
撞,dong7
多,doo1
都,doo1
斗,doo2
島,doo2
肚,doo2
堵,doo2
睹,doo2
賭,doo2
蠹,doo3
到,doo3
妒,doo3
𪐞,doo3
徒,doo5
涂,doo5
圖,doo5
塗,doo5
屠,doo5
廚,doo5
荼,doo5
途,doo5
陀,doo5
杜,doo6
肚,doo6
度,doo7
杜,doo7
讀,doo7
道,doo7
導,doo7
盜,doo7
肚,doo7
悼,doo7
渡,doo7
蹈,doo7
鍍,doo7
豬,du1
㧣,du1
株,du1
蛛,du1
誅,du1
柱,du2
拄,du2
著,du3
滯,du3
注,du3
除,du5
廚,du5
櫥,du5
箸,du7
駐,du7
帶,dua3
住,dua3
蹛,dua3
大,dua7
掇,duah4
端,duan1
短,duan2
斷,duan3
鍛,duan3
剸,duan5
斷,duan6
篆,duan6
傳,duan7
斷,duan7
段,duan7
緞,duan7
掇,duat4
輟,duat4
綴,duat4
奪,duat8
底,due2
貯,due2
綴,due3
蹄,due5
題,due5
頹,due5
地,due7
兌,due7
盹,duh1
厾,duh4
揬,duh8
堆,dui1
追,dui1
對,dui3
碓,dui3
捶,dui5
錘,dui5
墮,dui7
縋,dui7
兌,dui7
墜,dui7
懟,dui7
隊,dui7
肫,dun1
鈍,dun1
噸,dun1
墩,dun1
屯,dun1
惇,dun1
敦,dun1
囤,dun2
盾,dun2
頓,dun3
鈍,dun3
唇,dun5
屯,dun5
脣,dun5
沌,dun6
遁,dun7
遯,dun7
鈍,dun7
燉,dun7
咄,dut4
突,dut8
凸,dut8
挨,e1
鍋,e1
矮,e2
啞,e2
縊,e3
翳,e3
的,e5
鞋,e5
兮,e5
其,e5
个,e5
下,e6
廈,e6
下,e7
會,e7
禍,e7
下,e7
裔,e7
厄,eeh4
厄,eh1
呃,eh1
厄,eh4
狹,eh8
倭,er1
萵,er1
鍋,er1
穢,er3
禍,er6
挨,ere1
矮,ere2
揋,ere3
鞋,ere5
狹,ereh8
呃,erh4
交,ga1
佳,ga1
嘉,ga1
家,ga1
笳,ga1
加,ga1
膠,ga1
鉸,ga1
伽,ga1
傀,ga1
咖,ga1
茄,ga1
茭,ga1
葭,ga1
虼,ga1
袈,ga1
迦,ga1
鵁,ga1
暇,ga2
假,ga2
絞,ga2
賈,ga2
嫁,ga3
駕,ga3
教,ga3
架,ga3
價,ga3
漖,ga3
稼,ga3
較,ga3
咬,ga6
共,ga7
咬,ga7
佮,gah1
柙,gah1
蓋,gah1
較,gah1
甲,gah4
教,gah4
䘥,gah4
佮,gah4
胛,gah4
舺,gah4
蓋,gah4
鉀,gah4
皆,gai1
階,gai1
骸,gai1
佳,gai1
偕,gai1
垓,gai1
該,gai1
解,gai2
改,gai2
骱,gai2
戒,gai3
蓋,gai3
丐,gai3
介,gai3
屆,gai3
玠,gai3
界,gai3
芥,gai3
蚧,gai3
誡,gai3
桷,gak1
角,gak1
鵤,gak1
覺,gak4
角,gak4
捔,gak8
柑,gam1
甘,gam1
監,gam1
緘,gam1
魽,gam1
感,gam2
敢,gam2
橄,gam2
𠖫,gam2
鑒,gam3
監,gam3
贛,gam3
鑑,gam3
含,gam5
奸,gan1
姦,gan1
間,gan1
肝,gan1
矸,gan1
艱,gan1
乾,gan1
干,gan1
杆,gan1
竿,gan1
囡,gan2
簡,gan2
揀,gan2
柬,gan2
稈,gan2
趕,gan2
𡢃,gan2
澗,gan3
間,gan3
幹,gan3
姦,gan3
諫,gan3
江,gang1
公,gang1
功,gang1
工,gang1
崗,gang1
扛,gang1
蚣,gang1
講,gang2
港,gang2
犅,gang2
降,gang3
絳,gang3
降,gang5
仝,gang7
共,gang7
蛟,gao1
交,gao1
勾,gao1
溝,gao1
胶,gao1
膠,gao1
郊,gao1
鉤,gao1
狗,gao2
九,gao2
垢,gao2
佼,gao2
姣,gao2
狡,gao2
絞,gao2
教,gao3
窖,gao3
到,gao3
夠,gao3
校,gao3
較,gao3
猴,gao5
厚,gao6
厚,gao7
軋,gaoh1
𩛩,gaoh4
佮,gap1
敆,gap1
甲,gap4
与,gap4
合,gap4
佮,gap4
蛤,gap4
鴿,gap4
洽,gap8
嵇,ge1
雞,ge1
加,ge1
家,ge1
街,ge1
加,ge1
奎,ge1
家,ge1
假,ge2
粿,ge2
跂,ge2
假,ge2
嫁,ge3
過,ge3
嫁,ge3
價,ge3
架,ge3
疥,ge3
計,ge3
髻,ge3
鱖,ge3
家,ge3
價,ge3
架,ge3
繼,ge3
枷,ge5
膎,ge5
枷,ge5
低,ge7
偈,ge7
挌,geh1
鍥,geh1
隔,geh1
格,geh4
隔,geh4
郭,geh4
扴,geh8
㤉,ger5
倪,gere5
藝,gere7
夾,gereh4
莢,gereh4
挾,gereh8
月,gerh8
牙,gga5
芽,gga5
衙,gga5
訝,gga7
與,ggah4
崖,ggai5
涯,ggai5
獃,ggai5
皚,ggai5
礙,ggai7
艾,ggai7
樂,ggak8
岳,ggak8
嶽,ggak8
獄,ggak8
岩,ggam5
癌,ggam5
儑,ggam6
儑,ggam7
眼,ggan2
顏,ggan5
言,ggan5
寒,ggan5
凝,ggan5
岸,ggan7
晏,ggan7
彥,ggan7
諺,ggan7
雁,ggan7
愣,ggang7
𠢕,ggao5
爻,ggao5
肴,ggao5
詣,gge3
嚙,gge3
牙,gge5
㤉,gge5
芽,gge5
倪,gge5
牙,gge5
猊,gge5
芽,gge5
衙,gge5
霓,gge5
詣,gge7
毅,gge7
艾,gge7
藝,gge7
月,ggeh8
語,ggi2
擬,ggi2
蟻,ggi2
儀,ggi5
宜,ggi5
疑,ggi5
義,ggi7
誼,ggi7
議,ggi7
迎,ggia5
夯,ggia5
蜈,ggia5
鵝,ggia5
撠,ggiah1
舉,ggiah8
攑,ggiah8
額,ggiah8
儼,ggiam2
巖,ggiam5
嚴,ggiam5
岩,ggiam5
驗,ggiam7
妍,ggian2
研,ggian2
癮,ggian3
言,ggian5
唁,ggian7
鈃,ggiang1
仰,ggiang2
齴,ggiang3
堯,ggiao5
鋏,ggiap1
挾,ggiap4
鋏,ggiap4
挾,ggiap8
業,ggiap8
鄴,ggiap8
嚙,ggiat4
囓,ggiat4
孽,ggiat8
齧,ggiat8
虐,ggik8
玉,ggik8
逆,ggik8
額,ggik8
錦,ggim2
吟,ggim5
砛,ggim5
岑,ggim5
扲,ggim7
囡,ggin2
銀,ggin5
睨,ggin5
猌,ggin7
眼,gging2
研,gging2
凝,gging5
迎,gging5
硬,gging6
迎,gging7
偶,ggio2
藕,ggio2
蟯,ggio5
藠,ggio6
虐,ggioh8
謔,ggioh8
玉,ggiok8
虐,ggiok8
仰,ggiong2
紇,ggit4
搝,ggiu2
牛,ggiu5
雅,ggna2
岩,ggna5
訝,ggna7
研,ggnai2
艾,ggnai7
爻,ggnao5
肴,ggnao5
藕,ggnao6
樂,ggnao7
硬,ggne6
硬,ggne7
夾,ggneh1
莢,ggneh1
夾,ggneh4
莢,ggneh4
挾,ggneh8
硬,ggni7
迎,ggnia5
擽,ggniao1
撓,ggniao2
蟯,ggniaoh8
扭,ggniu2
吾,ggno2
我,ggno2
吾,ggno5
五,ggnoo2
我,ggnoo2
仵,ggnoo2
伍,ggnoo2
偶,ggnoo2
午,ggnoo2
忤,ggnoo2
吳,ggnoo5
吾,ggnoo5
梧,ggnoo5
蜈,ggnoo5
鼉,ggnoo5
俄,ggnoo5
吪,ggnoo5
娥,ggnoo5
峨,ggnoo5
翱,ggnoo5
蛾,ggnoo5
鵝,ggnoo5
悟,ggnoo7
臥,ggnoo7
傲,ggnoo7
娥,ggo5
敖,ggo5
遨,ggo5
熬,ggo5
鵝,ggo5
俄,ggo5
吪,ggo5
峨,ggo5
翱,ggo5
蛾,ggo5
鼇,ggo5
臥,ggo7
傲,ggo7
餓,ggo7
鵠,ggok8
噩,ggok8
愕,ggok8
萼,ggok8
顎,ggok8
鱷,ggok8
齶,ggok8
楞,ggong5
昂,ggong5
戇,ggong7
忤,ggoo2
吾,ggoo5
梧,ggoo5
吳,ggoo5
蜈,ggoo5
午,ggoo6
悟,ggoo7
五,ggoo7
午,ggoo7
誤,ggoo7
寤,ggoo7
晤,ggoo7
語,ggu2
娛,ggu5
愚,ggu5
漁,ggu5
牛,ggu5
魚,ggu5
虞,ggu5
隅,ggu5
寓,ggu7
御,ggu7
遇,ggu7
我,ggua2
瓦,ggua2
外,ggua7
偌,ggua7
哦,gguah4
玩,gguan2
阮,gguan2
我,gguan2
元,gguan5
黿,gguan5
原,gguan5
源,gguan5
頑,gguan5
愿,gguan7
願,gguan7
月,gguat8
玥,gguat8
外,ggue7
刈,ggue7
月,ggueh8
危,ggui5
巍,ggui5
桅,ggui5
魏,ggui7
偽,ggui7
我,ggun2
阮,ggun2
垠,ggun5
沂,ggun5
睨,ggun5
鄞,ggun5
銀,ggun5
齦,ggun5
訖,ggut4
迄,ggut4
仡,ggut8
兀,ggut8
屹,ggut8
几,gi1
基,gi1
妓,gi1
居,gi1
幾,gi1
支,gi1
枝,gi1
羈,gi1
肌,gi1
飢,gi1
饑,gi1
車,gi1
技,gi1
機,gi1
裾,gi1
乩,gi1
吱,gi1
姬,gi1
梔,gi1
璣,gi1
畿,gi1
箕,gi1
肢,gi1
譏,gi1
己,gi2
幾,gi2
指,gi2
舉,gi2
紀,gi2
杞,gi2
寄,gi3
既,gi3
記,gi3
據,gi3
痣,gi3
鋸,gi3
冀,gi3
暨,gi3
覬,gi3
計,gi3
驥,gi3
其,gi5
旗,gi5
期,gi5
淇,gi5
崎,gi5
奇,gi5
棋,gi5
騎,gi5
岐,gi5
歧,gi5
琦,gi5
琪,gi5
碁,gi5
祁,gi5
祇,gi5
祈,gi5
鰭,gi5
麒,gi5
伎,gi6
己,gi7
忌,gi7
騎,gi7
寄,gia3
崎,gia7
腳,giak4
劇,giak8
蒹,giam1
兼,giam1
減,giam2
敢,giam2
檢,giam2
鹼,giam2
劍,giam3
鹹,giam5
堅,gian1
慳,gian1
肩,gian1
筧,gian2
繭,gian2
蹇,gian2
見,gian3
建,gian3
毽,gian3
件,gian6
胘,gian6
強,gian7
胘,gian7
健,gian7
腱,gian7
鍵,gian7
薑,giang1
僵,giang1
疆,giang1
強,giang6
交,giao1
嬌,giao1
驕,giao1
矯,giao2
筊,giao2
攪,giao2
皎,giao2
繳,giao2
蛟,giao2
餃,giao2
徼,giao3
叫,giao3
噭,giao3
僑,giao5
喬,giao5
橋,giao5
撟,giao6
矯,giao7
撟,giao7
撬,giao7
劫,giap1
俠,giap4
劫,giap4
夾,giap4
跲,giap4
峽,giap4
頰,giap4
吉,giat1
搩,giat1
桔,giat1
潔,giat4
結,giat4
絜,giat4
吉,giat4
孑,giat4
拮,giat4
桔,giat4
羯,giat4
傑,giat8
竭,giat8
杰,giat8
桀,giat8
砌,gih4
激,gik1
革,gik1
擊,gik4
格,gik4
激,gik4
隔,gik4
菊,gik4
戟,gik4
棘,gik4
革,gik4
極,gik8
局,gik8
今,gim1
禁,gim1
衿,gim1
襟,gim1
金,gim1
錦,gim2
禁,gim3
芩,gim5
妗,gim6
妗,gim7
噤,gim7
今,gin1
根,gin1
巾,gin1
斤,gin1
筋,gin1
跟,gin1
囡,gin2
瑾,gin2
緊,gin2
謹,gin2
絹,gin3
靳,gin3
近,gin7
僅,gin7
覲,gin7
京,ging1
更,ging1
經,ging1
耕,ging1
荊,ging1
驚,ging1
宮,ging1
間,ging1
弓,ging1
供,ging1
兢,ging1
庚,ging1
矜,ging1
羹,ging1
境,ging2
景,ging2
絅,ging2
迥,ging2
揀,ging2
筧,ging2
繭,ging2
襇,ging2
儆,ging2
哽,ging2
憬,ging2
梗,ging2
炯,ging2
耿,ging2
頸,ging2
龔,ging2
竟,ging3
供,ging3
敬,ging3
更,ging3
警,ging3
勁,ging3
徑,ging3
莖,ging3
逕,ging3
鏡,ging3
窮,ging5
楗,ging6
楗,ging7
競,ging7
勾,gio1
溝,gio1
鉤,gio1
枸,gio2
狗,gio2
苟,gio2
叫,gio3
構,gio3
購,gio3
橋,gio5
茄,gio5
轎,gio7
腳,gioh4
菊,giok1
掬,giok4
菊,giok4
鞠,giok4
劇,giok8
局,giok8
宮,giong1
恭,giong1
躬,giong1
共,giong1
弓,giong1
拱,giong2
強,giong5
窮,giong5
共,giong7
急,gip1
級,gip1
急,gip4
汲,gip4
級,gip4
給,gip4
及,gip8
笈,gip8
語,gir2
漁,gir5
魚,gir5
御,gir7
禦,gir7
馭,gir7
訖,git4
吉,git4
汔,git8
勼,giu1
久,giu2
九,giu2
玖,giu2
疚,giu3
救,giu3
糾,giu3
究,giu3
求,giu5
球,giu5
仇,giu5
毬,giu5
裘,giu5
逑,giu5
舅,giu6
柩,giu6
臼,giu6
舊,giu7
疚,giu7
咎,giu7
啹,giuh8
橄,gna1
監,gna1
敢,gna2
囝,gna2
幹,gna3
酵,gna3
含,gna5
喈,gnai1
肩,gnai1
揀,gnai2
筧,gnai2
襇,gnai2
經,gne1
更,gne1
庚,gne1
羹,gne1
哽,gne2
梗,gne2
桱,gne3
光,gng1
扛,gng1
缸,gng1
廣,gng2
捲,gng2
卷,gng2
管,gng2
券,gng3
貫,gng3
槓,gng3
鋼,gng3
經,gni1
庚,gni1
更,gni1
羹,gni1
鹼,gni1
見,gni3
桱,gni3
墘,gni5
驚,gnia1
京,gnia1
子,gnia2
囝,gnia2
鏡,gnia3
行,gnia5
檠,gnia5
件,gnia6
件,gnia7
健,gnia7
羌,gniu1
薑,gniu1
強,gniu7
犟,gniu7
鼾,gno5
冠,gnua1
倌,gnua1
杆,gnua1
乾,gnua1
官,gnua1
棺,gnua1
竿,gnua1
綰,gnua1
肝,gnua1
菅,gnua1
趕,gnua2
寒,gnua5
捾,gnua6
捾,gnua7
汗,gnua7
關,gnuai1
杆,gnuai1
桿,gnuai2
稈,gnuai2
慣,gnuai3
懸,gnuai5
拐,gnuai7
縣,gnuai7
關,gnui1
卷,gnui2
廣,gnui2
捲,gnui2
管,gnui2
券,gnui3
卷,gnui3
貫,gnui3
歌,go1
臯,go1
高,go1
膏,go1
咖,go1
哥,go1
戈,go1
皋,go1
篙,go1
糕,go1
羔,go1
鍋,go1
槁,go2
果,go2
稿,go2
裹,go2
告,go3
誥,go3
過,go3
個,go3
划,go3
笱,go5
翱,go6
滒,go7
各,goh4
復,goh4
閣,goh4
胳,goh4
國,gok1
各,gok4
國,gok4
谷,gok4
轂,gok4
郭,gok4
閣,gok4
骼,gok4
幗,gok4
摑,gok4
穀,gok4
咯,gok8
硞,gok8
光,gong1
公,gong1
功,gong1
岡,gong1
工,gong1
蚣,gong1
剛,gong1
崗,gong1
攻,gong1
綱,gong1
缸,gong1
肱,gong1
胱,gong1
廣,gong2
管,gong2
言,gong2
講,gong2
栱,gong2
摃,gong3
誆,gong3
誑,gong3
貢,gong3
鋼,gong3
栱,gong5
狂,gong5
孤,goo1
罟,goo1
高,goo1
咕,goo1
姑,goo1
沽,goo1
菇,goo1
蛄,goo1
辜,goo1
鮕,goo1
古,goo2
垢,goo2
盬,goo2
瞽,goo2
苟,goo2
茍,goo2
鼓,goo2
果,goo2
估,goo2
牯,goo2
股,goo2
蠱,goo2
賈,goo2
鈷,goo2
固,goo3
故,goo3
遘,goo3
顧,goo3
過,goo3
僱,goo3
錮,goo3
雇,goo3
糊,goo5
怙,goo6
怙,goo7
吾,goonn2
俱,gu1
居,gu1
車,gu1
裾,gu1
痀,gu1
跔,gu1
駒,gu1
龜,gu1
擧,gu2
舉,gu2
久,gu2
韭,gu2
屨,gu3
籧,gu3
遽,gu3
句,gu3
鋸,gu3
據,gu3
灸,gu3
蘧,gu5
衢,gu5
舅,gu6
具,gu7
拒,gu7
俱,gu7
舅,gu7
舊,gu7
懼,gu7
柯,gua1
歌,gua1
瓜,gua1
呱,gua1
媧,gua1
牁,gua1
過,gua1
寡,gua2
蓋,gua3
過,gua3
卦,gua3
掛,gua3
罣,gua3
芥,gua3
褂,gua3
割,guah1
括,guah1
割,guah4
括,guah4
葛,guah4
乖,guai1
拐,guai2
枴,guai2
怪,guai3
官,guan1
瘝,guan1
觀,guan1
關,guan1
冠,guan1
捐,guan1
娟,guan1
棺,guan1
涓,guan1
綸,guan1
鰥,guan1
鵑,guan1
捲,guan2
館,guan2
管,guan2
卷,guan2
莞,guan2
冠,guan3
狷,guan3
捲,guan3
慣,guan3
灌,guan3
罐,guan3
券,guan3
卷,guan3
盥,guan3
眷,guan3
絹,guan3
觀,guan3
貫,guan3
捲,guan5
懸,guan5
權,guan5
拳,guan5
顴,guan5
倦,guan7
縣,guan7
抉,guat1
訣,guat1
活,guat4
刮,guat4
厥,guat4
抉,guat4
括,guat4
決,guat4
訣,guat4
譎,guat4
蹶,guat4
階,gue1
瓜,gue1
街,gue1
雞,gue1
粿,gue2
跂,gue2
桂,gue3
會,gue3
過,gue3
怪,gue3
疥,gue3
髻,gue3
檜,gue3
膾,gue3
鱖,gue3
膎,gue5
刮,gueh1
鍥,gueh1
潔,gueh4
郭,gueh4
橛,gueh8
挾,gueh8
咕,guh8
歸,gui1
規,gui1
圭,gui1
奎,gui1
機,gui1
皈,gui1
胿,gui1
閨,gui1
龜,gui1
癸,gui2
幾,gui2
鬼,gui2
詭,gui2
軌,gui2
貴,gui3
劌,gui3
季,gui3
挂,gui3
桂,gui3
炅,gui3
瑰,gui3
騤,gui5
懷,gui5
揆,gui5
葵,gui5
逵,gui5
馗,gui5
跪,gui6
餽,gui7
櫃,gui7
膭,gui7
跪,gui7
匱,gui7
饋,gui7
刮,guih1
刮,guih4
君,gun1
根,gun1
軍,gun1
巾,gun1
斤,gun1
均,gun1
筋,gun1
跟,gun1
鈞,gun1
滾,gun2
頸,gun2
緄,gun2
袞,gun2
棍,gun3
艮,gun3
羣,gun5
群,gun5
裙,gun5
拳,gun5
焄,gun5
近,gun6
窘,gun6
郡,gun7
近,gun7
骨,gut1
骨,gut4
滑,gut8
倔,gut8
崛,gut8
掘,gut8
猾,gut8
哈,ha1
下,ha2
夏,ha2
下,ha3
孝,ha3
遐,ha5
瑕,ha5
縖,ha5
蝦,ha5
霞,ha5
廈,ha6
暇,ha6
下,ha7
夏,ha7
哈,hah4
合,hah8
箬,hah8
縖,hah8
咍,hai1
嗨,hai1
奒,hai1
海,hai2
駭,hai2
鞋,hai5
骸,hai5
孩,hai5
諧,hai5
頦,hai5
懈,hai6
亥,hai6
蟹,hai6
駭,hai6
害,hai7
亥,hai7
械,hai7
邂,hai7
唉,haih1
蓄,hak1
學,hak8
礐,hak8
邯,ham1
䈄,ham1
憨,ham1
蚶,ham1
酣,ham1
撼,ham2
喊,ham2
譀,ham3
顑,ham3
含,ham5
咸,ham5
銜,ham5
函,ham5
涵,ham5
鹹,ham5
和,ham7
陷,ham7
憾,ham7
撼,ham7
頇,han1
鼾,han1
僩,han2
喊,han2
罕,han2
漢,han3
閒,han5
韓,han5
寒,han5
閑,han5
嫻,han5
樊,han5
汗,han5
間,han5
限,han6
旱,han6
旱,han7
限,han7
汗,han7
悍,han7
捍,han7
瀚,han7
翰,han7
烘,hang1
魴,hang1
哄,hang2
胮,hang3
肨,hang3
行,hang5
航,hang5
降,hang5
杭,hang5
項,hang6
項,hang7
巷,hang7
嘐,hao1
吼,hao2
孝,hao3
哮,hao3
肴,hao5
侯,hao5
候,hao7
後,hao7
效,hao7
校,hao7
鱟,hao7
欱,hap1
翕,hap4
合,hap8
盍,hap8
匣,hap8
洽,hap8
盒,hap8
闔,hap8
曷,hat4
褐,hat4
豁,hat4
乏,hat8
轄,hat8
黠,hat8
彼,he1
痚,he1
瘕,he1
罅,he1
火,he2
稧,he3
歲,he3
貨,he3
兮,he5
奚,he5
蝦,he5
嵇,he5
和,he5
回,he5
蝦,he5
攜,he5
畦,he5
霞,he5
下,he6
暇,he6
係,he7
夏,he7
會,he7
下,he7
系,he7
繫,he7
嘿,heeh4
嚇,heeh4
嚇,heh1
灰,her1
伙,her2
夥,her2
火,her2
歲,her3
貨,her3
和,her5
回,her5
會,her7
蟹,here6
僖,hi1
墟,hi1
熙,hi1
稀,hi1
虛,hi1
希,hi1
唏,hi1
嘻,hi1
嬉,hi1
晞,hi1
曦,hi1
桸,hi1
熹,hi1
犧,hi1
羲,hi1
喜,hi2
豨,hi2
囍,hi2
戲,hi3
肺,hi3
魚,hi5
漁,hi5
耳,hi7
桸,hia1
遐,hia1
靴,hia1
遐,hia5
瓦,hia7
遐,hiah1
額,hiah8
薟,hiam1
玁,hiam2
險,hiam2
喊,hiam3
嫌,hiam5
掀,hian1
軒,hian1
搟,hian2
顯,hian2
現,hian3
憲,hian3
獻,hian3
羶,hian3
弦,hian5
懸,hian5
舷,hian5
賢,hian5
玄,hian5
絃,hian5
現,hian7
縣,hian7
炫,hian7
鉉,hian7
香,hiang1
薌,hiang1
鄉,hiang1
享,hiang2
響,hiang2
餉,hiang2
饗,hiang2
嚮,hiang3
僥,hiao1
囂,hiao1
梟,hiao1
驍,hiao1
曉,hiao2
嬈,hiao5
藃,hiaoh1
狹,hiap8
勰,hiap8
協,hiap8
拹,hiap8
挾,hiap8
洽,hiap8
脅,hiap8
㧒,hiat1
血,hiat1
歇,hiat4
血,hiat4
㧒,hiat4
蠍,hiat4
挾,hiat8
穴,hiat8
頁,hiat8
黑,hik4
嚇,hik4
赫,hik4
鬩,hik4
惑,hik8
或,hik8
馘,hik8
劃,hik8
劾,hik8
域,hik8
核,hik8
浴,hik8
獲,hik8
忻,him1
欣,him1
熊,him5
眩,hin5
恨,hin7
兄,hing1
橫,hing1
興,hing1
亨,hing1
哼,hing1
胸,hing1
馨,hing1
迥,hing2
興,hing3
形,hing5
恒,hing5
橫,hing5
行,hing5
型,hing5
還,hing5
雄,hing5
刑,hing5
嶸,hing5
恆,hing5
衡,hing5
邢,hing5
悻,hing6
杏,hing6
荇,hing6
莧,hing6
幸,hing7
杏,hing7
貺,hing7
倖,hing7
行,hing7
靴,hio1
侯,hio5
后,hio6
後,hio6
厚,hio6
後,hio7
候,hio7
逅,hio7
歇,hioh1
宿,hioh4
歇,hioh4
葉,hioh8
鴞,hioh8
郁,hiok4
兇,hiong1
鄉,hiong1
香,hiong1
凶,hiong1
響,hiong2
向,hiong3
方,hiong5
雄,hiong5
翕,hip1
熻,hip4
翕,hip4
噓,hir1
墟,hir1
虛,hir1
許,hir2
魚,hir5
漁,hir5
彼,hit1
彼,hit4
迄,hit4
掝,hit8
咻,hiu1
休,hiu1
不,hiu2
朽,hiu2
臭,hiu3
復,hiu3
嗅,hiu3
扏,hiu3
裘,hiu5
媒,hm5
茅,hm5
摁,hmh1
摁,hmh4
默,hmh8
嚇,hna2
哄,hna2
諾,hna3
唅,hna5
迒,hna7
熁,hnah1
唅,hnah4
熁,hnah4
哼,hnai1
幌,hnai3
還,hnai5
莧,hnai7
貺,hnai7
藃,hnaoh
哼,hne1
荒,hng1
坊,hng1
方,hng1
園,hng5
遠,hng7
哼,hngh4
挕,hni3
耳,hni7
硯,hni7
兄,hnia1
顯,hnia2
向,hnia3
燃,hnia5
惶,hnia5
艾,hnia7
挔,hniah1
嚇,hniah4
挔,hniah4
香,hnioo1
香,hniu1
鄉,hniu1
齁,hno1
火,hno2
好,hno3
貨,hno3
耗,hno3
乎,hnoh4
歡,hnua1
晃,hnua2
鼾,hnua5
岸,hnua7
扞,hnua7
旱,hnua7
焊,hnua7
橫,hnuai5
荒,hnui1
昏,hnui1
橫,hnui5
園,hnui5
苛,ho1
蒿,ho1
好,ho2
浩,ho2
善,ho2
何,ho5
和,ho5
毫,ho5
豪,ho5
皋,ho5
壕,ho5
河,ho5
濠,ho5
禾,ho5
荷,ho5
菏,ho5
昊,ho6
禍,ho6
鎬,ho6
顥,ho6
浩,ho7
皋,ho7
號,ho7
禍,ho7
皓,ho7
賀,ho7
鶴,hoh8
福,hok1
壑,hok4
擭,hok4
福,hok4
腹,hok4
覆,hok4
幅,hok4
蝠,hok4
複,hok4
郝,hok4
霍,hok4
伏,hok8
復,hok8
服,hok8
匐,hok8
穫,hok8
袱,hok8
馥,hok8
鶴,hok8
封,hong1
芳,hong1
荒,hong1
豐,hong1
風,hong1
峰,hong1
揈,hong1
方,hong1
坊,hong1
妨,hong1
慌,hong1
楓,hong1
烘,hong1
烽,hong1
瘋,hong1
蜂,hong1
轟,hong1
酆,hong1
鋒,hong1
捧,hong2
況,hong2
仿,hong2
訪,hong2
倣,hong2
幌,hong2
彷,hong2
恍,hong2
暀,hong2
紡,hong2
舫,hong2
諷,hong2
謊,hong2
放,hong3
況,hong3
弘,hong5
方,hong5
洪,hong5
皇,hong5
虹,hong5
遑,hong5
降,hong5
黃,hong5
妨,hong5
防,hong5
凰,hong5
宏,hong5
煌,hong5
癀,hong5
簧,hong5
紅,hong5
縫,hong5
逢,hong5
隍,hong5
馮,hong5
鴻,hong5
晃,hong6
奉,hong7
捧,hong7
鳳,hong7
俸,hong7
縫,hong7
呼,hoo1
否,hoo2
虎,hoo2
許,hoo2
火,hoo2
唬,hoo2
滸,hoo2
琥,hoo2
戽,hoo3
乎,hoo5
侯,hoo5
候,hoo5
湖,hoo5
撈,hoo5
鬍,hoo5
壺,hoo5
弧,hoo5
狐,hoo5
糊,hoo5
胡,hoo5
葫,hoo5
蝴,hoo5
醐,hoo5
怙,hoo6
戶,hoo6
扈,hoo6
滬,hoo6
厚,hoo7
后,hoo7
後,hoo7
禍,hoo7
鑊,hoo7
乎,hoo7
候,hoo7
予,hoo7
付,hoo7
堠,hoo7
與,hoo7
雨,hoo7
互,hoo7
戶,hoo7
號,hoo7
護,hoo7
謼,hooh1
火,hoonn2
乎,hoonn3
乎,hoonnh4
欱,hop4
夫,hu1
虛,hu1
撫,hu1
吁,hu1
孵,hu1
敷,hu1
烌,hu1
膚,hu1
趺,hu1
麩,hu1
俯,hu2
撫,hu2
父,hu2
許,hu2
府,hu2
拊,hu2
腐,hu2
斧,hu2
栩,hu2
甫,hu2
腑,hu2
詡,hu2
輔,hu2
釜,hu2
付,hu3
富,hu3
賦,hu3
覆,hu3
副,hu3
赴,hu3
附,hu3
傅,hu3
咐,hu3
煦,hu3
訃,hu3
夫,hu5
扶,hu5
蜉,hu5
鳧,hu5
符,hu5
魚,hu5
浮,hu5
芙,hu5
負,hu6
婦,hu6
阜,hu6
婦,hu7
伏,hu7
父,hu7
負,hu7
腐,hu7
花,hua1
華,hua1
化,hua1
嘩,hua1
化,hua3
華,hua3
華,hua5
樺,hua5
畫,hua7
話,hua7
喝,huah1
砉,huah1
喝,huah4
伐,huah8
懷,huai5
淮,huai5
徊,huai5
槐,huai5
濰,huai5
壞,huai7
幡,huan1
懽,huan1
翻,huan1
吩,huan1
暄,huan1
歡,huan1
番,huan1
萱,huan1
蕃,huan1
反,huan2
返,huan2
泛,huan3
換,huan3
幻,huan3
喚,huan3
奐,huan3
渙,huan3
煥,huan3
絢,huan3
販,huan3
凡,huan5
洹,huan5
環,huan5
還,huan5
煩,huan5
礬,huan5
繁,huan5
圜,huan5
寰,huan5
帆,huan5
桓,huan5
樊,huan5
鬟,huan5
範,huan6
范,huan6
犯,huan7
換,huan7
飯,huan7
凡,huan7
還,huan7
患,huan7
梵,huan7
風,huang1
法,huat1
發,huat1
法,huat4
發,huat4
髮,huat4
活,huat8
筏,huat8
乏,huat8
伐,huat8
罰,huat8
閥,huat8
恢,hue1
花,hue1
華,hue1
灰,hue1
火,hue2
悔,hue2
賄,hue2
晦,hue3
化,hue3
歲,hue3
廢,hue3
貨,hue3
誨,hue3
徊,hue5
洄,hue5
回,hue5
迴,hue5
會,hue7
匯,hue7
潰,hue7
繪,hue7
嘩,huee1
花,huee1
化,huee3
血,hueh1
血,hueh4
扉,hui1
暉,hui1
隳,hui1
非,hui1
飛,hui1
騑,hui1
妃,hui1
徽,hui1
揮,hui1
菲,hui1
輝,hui1
霏,hui1
麾,hui1
毀,hui2
匪,hui2
斐,hui2
翡,hui2
菲,hui2
誹,hui2
廢,hui3
費,hui3
卉,hui3
沸,hui3
肺,hui3
諱,hui3
腓,hui5
瓷,hui5
肥,hui5
惠,hui7
吠,hui7
彗,hui7
慧,hui7
蕙,hui7
血,huih1
血,huih4
塤,hun1
閽,hun1
分,hun1
煙,hun1
婚,hun1
昏,hun1
薰,hun1
勛,hun1
勳,hun1
吩,hun1
壎,hun1
氛,hun1
熏,hun1
燻,hun1
紛,hun1
芬,hun1
葷,hun1
雰,hun1
粉,hun2
很,hun2
狠,hun2
楦,hun3
訓,hun3
奮,hun3
忿,hun3
糞,hun3
釁,hun3
蕡,hun5
雲,hun5
痕,hun5
魂,hun5
墳,hun5
汾,hun5
渾,hun5
焚,hun5
芸,hun5
餛,hun5
憤,hun6
混,hun6
份,hun7
恨,hun7
溷,hun7
昏,hun7
分,hun7
囫,hut1
拂,hut1
弗,hut4
忽,hut4
笏,hut4
囫,hut4
彿,hut4
惚,hut4
拂,hut4
沸,hut4
佛,hut8
核,hut8
覈,hut8
伊,i1
依,i1
噫,i1
猗,i1
禕,i1
衣,i1
他,i1
遺,i1
醫,i1
咿,i1
漪,i1
以,i2
佁,i2
倚,i2
已,i2
矣,i2
椅,i2
迤,i2
噫,i3
懿,i3
意,i3
薏,i3
移,i5
飴,i5
於,i5
維,i5
遺,i5
姨,i5
夷,i5
彝,i5
怡,i5
胰,i5
貽,i5
頤,i5
奕,i6
異,i7
易,i7
奕,i7
肄,i7
埃,ia1
也,ia2
野,ia2
厭,ia3
耶,ia5
邪,ia5
役,ia5
椰,ia5
爺,ia5
也,ia7
亦,ia7
掖,ia7
夜,ia7
搤,iah1
或,iah8
役,iah8
亦,iah8
抑,iah8
頁,iah8
驛,iah8
約,iak4
藥,iak8
躍,iak8
鑰,iak8
陰,iam1
醃,iam1
閹,iam1
奄,iam2
掩,iam2
琰,iam2
魘,iam2
厭,iam3
閻,iam5
鹽,iam5
炎,iam7
艷,iam7
灩,iam7
焰,iam7
焱,iam7
燄,iam7
豔,iam7
淵,ian1
焉,ian1
煙,ian1
燕,ian1
咽,ian1
嫣,ian1
胭,ian1
鳶,ian1
偃,ian2
演,ian2
衍,ian2
宴,ian3
讌,ian3
嚥,ian3
燕,ian3
緣,ian5
檐,ian5
延,ian5
沿,ian5
蝝,ian5
鉛,ian5
捐,ian5
筵,ian5
芫,ian5
蜒,ian5
院,ian7
緣,ian7
央,iang1
殃,iang1
泱,iang1
秧,iang1
鞅,iang1
鴦,iang1
氧,iang2
養,iang2
癢,iang2
楊,iang5
揚,iang5
陽,iang5
洋,iang5
恙,iang7
樣,iang7
偝,iang7
漾,iang7
夭,iao1
腰,iao1
要,iao1
枵,iao1
妖,iao1
邀,iao1
夭,iao2
猶,iao2
杳,iao2
窈,iao2
要,iao3
搖,iao5
窯,iao5
姚,iao5
瑤,iao5
謠,iao5
遙,iao5
曜,iao7
燿,iao7
耀,iao7
揜,iap1
揜,iap4
揞,iap4
葉,iap8
曄,iap8
燁,iap8
噎,iat4
謁,iat4
閱,iat8
悅,iat8
擛,iat8
踦,ih4
億,ik1
溢,ik1
億,ik4
厄,ik4
抑,ik4
益,ik4
鎰,ik4
憶,ik4
扼,ik4
溢,ik4
臆,ik4
亦,ik8
役,ik8
掖,ik8
易,ik8
翼,ik8
蜴,ik8
譯,ik8
域,ik8
奕,ik8
弈,ik8
液,ik8
疫,ik8
翌,ik8
腋,ik8
驛,ik8
陰,im1
淹,im1
音,im1
飲,im2
廕,im3
窨,im3
蔭,im3
淫,im5
霪,im5
因,in1
伊,in1
恩,in1
怹,in1
姻,in1
茵,in1
引,in2
允,in2
印,in3
應,in3
寅,in5
孕,in7
胤,in7
應,ing1
纓,ing1
薨,ing1
坱,ing1
癰,ing1
英,ing1
嬰,ing1
櫻,ing1
瑛,ing1
瓔,ing1
縈,ing1
膺,ing1
鷹,ing1
鸚,ing1
影,ing2
往,ing2
永,ing2
湧,ing2
泳,ing2
穎,ing2
郢,ing2
應,ing3
壅,ing3
蕹,ing3
榮,ing5
縈,ing5
閒,ing5
楹,ing5
瀛,ing5
熒,ing5
營,ing5
盈,ing5
贏,ing5
詠,ing7
用,ing7
腰,io1
么,io1
喲,io1
歐,io1
育,io1
謳,io1
邀,io1
鷗,io1
扷,io2
嘔,io2
毆,io2
舀,io2
搖,io5
姚,io5
窯,io5
臆,ioh1
臆,ioh4
藥,ioh8
鑰,ioh8
約,iok1
約,iok4
慾,iok8
欲,iok8
毓,iok8
煜,iok8
躍,iok8
粥,iok8
壅,iong1
雍,iong1
勇,iong2
擁,iong2
養,iong2
仰,iong2
怏,iong3
映,iong3
楊,iong5
容,iong5
庸,iong5
揚,iong5
洋,iong5
羊,iong5
陽,iong5
恙,iong7
用,iong7
挹,ip4
揖,ip4
邑,ip4
于,ir1
於,ir1
予,ir2
飫,ir3
余,ir5
妤,ir5
歟,ir5
餘,ir5
預,ir7
譽,ir7
豫,ir7
一,it1
乙,it1
一,it4
乙,it4
壹,it4
憶,it4
佚,it8
佾,it8
軼,it8
逸,it8
呦,iu1
幽,iu1
悠,iu1
憂,iu1
攸,iu1
優,iu1
有,iu2
友,iu2
莠,iu2
誘,iu2
酉,iu2
黝,iu2
幼,iu3
猶,iu5
由,iu5
輶,iu5
遊,iu5
鰌,iu5
攸,iu5
餘,iu5
油,iu5
游,iu5
尤,iu5
猷,iu5
蝣,iu5
郵,iu5
酋,iu5
又,iu7
右,iu7
佑,iu7
侑,iu7
囿,iu7
宥,iu7
柚,iu7
祐,iu7
鼬,iu7
挼,jer5
如,jir5
挐,jir5
茹,jir5
跤,ka1
尻,ka1
巧,ka2
敲,ka3
卡,kah1
盍,kah1
籗,kah1
較,kah1
闔,kah4
卡,kah4
籗,kah4
較,kah4
闔,kah8
卡,kah8
開,kai1
凱,kai2
愷,kai2
楷,kai2
鎧,kai2
慨,kai3
愾,kai3
概,kai3
溉,kai3
殼,kak1
麴,kak1
慤,kak4
殼,kak4
確,kak4
咯,kak8
堪,kam1
龕,kam1
坎,kam2
嵌,kam2
歁,kam2
砍,kam2
蓋,kam3
崁,kam3
瞰,kam3
勘,kam5
牽,kan1
刊,kan1
看,kan1
侃,kan2
看,kan3
孔,kang1
空,kang1
孔,kang2
控,kang3
扣,kao1
鬮,kao1
跤,kao1
剾,kao1
敲,kao1
薅,kao1
口,kao2
巧,kao2
叩,kao3
扣,kao3
銬,kao3
哭,kao3
扣,kaoh4
匼,kap1
蓋,kap4
匼,kap4
嗑,kap4
恰,kap4
磕,kap8
葛,kat4
結,kat4
割,kat4
噶,kat4
墼,kat4
溪,ke1
稽,ke1
刮,ke1
稽,ke2
啟,ke2
棨,ke2
契,ke3
棨,ke3
架,ke3
齧,ke3
憩,ke3
㧎,ke5
瘸,ke5
下,ke6
格,keeh4
膈,keeh4
骼,keeh4
扴,keeh8
客,keh1
瞌,keh1
篋,keh1
缺,keh4
挈,keh8
果,ker2
粿,ker2
跂,ker2
過,ker3
髻,ker3
鱖,ker3
街,kere1
雞,kere1
階,kere1
改,kere2
解,kere2
界,kere3
膎,kere5
快,kere7
圿,kereh4
鍥,kereh4
蕨,kerh4
郭,kerh4
庚,kerng1
更,kerng1
羹,kerng1
更,kerng3
渴,khat4
克,khat4
𣁳,khat4
客,kheeh4
科,kher1
詼,kher1
課,kher3
瘸,kher5
葵,kher5
溪,khere1
齧,khere3
匧,khereh4
瞌,khereh4
篋,khereh4
缺,kherh4
肯,kherng2
佉,khir1
祛,khir1
去,khir3
崎,ki1
欺,ki1
敧,ki1
蹊,ki1
駒,ki1
豈,ki2
起,ki2
綺,ki2
齒,ki2
棄,ki3
氣,ki3
偈,ki3
去,ki3
企,ki3
器,ki3
汽,ki3
騎,ki5
疧,ki5
蜞,ki5
柿,ki6
柿,ki7
忌,ki7
奇,kia1
騎,kia5
徛,kia7
隙,kiah1
卻,kiak4
咯,kiak8
毃,kiak8
謙,kiam1
歉,kiam2
欠,kiam3
歉,kiam3
芡,kiam3
鈐,kiam5
鉗,kiam5
黔,kiam5
儉,kiam6
儉,kiam7
牽,kian1
圈,kian1
愆,kian1
掔,kian1
騫,kian1
犬,kian2
繾,kian2
遣,kian2
芡,kian3
焮,kian3
譴,kian3
乾,kian5
虔,kian5
勍,kiang1
姜,kiang1
殭,kiang1
羌,kiang1
腔,kiang1
講,kiang2
勥,kiang3
鏹,kiang6
曲,kiao1
橇,kiao1
蹺,kiao1
巧,kiao2
竅,kiao3
翹,kiao3
㾀,kiap1
㾀,kiap4
怯,kiap4
愜,kiap4
戛,kiat1
禊,kiat4
契,kiat4
揭,kiat4
詰,kiat4
鍥,kiat4
缺,kih4
克,kik1
刻,kik1
剋,kik1
曲,kik1
客,kik4
曲,kik4
克,kik4
刻,kik4
剋,kik4
隙,kik4
欽,kim1
襟,kim1
琴,kim5
擒,kim5
禽,kim5
輕,kin1
淺,kin2
肯,kin2
恐,king
卿,king1
輕,king1
頃,king1
筐,king1
傾,king1
坑,king1
框,king1
銎,king1
鯨,king1
肯,king2
頃,king2
慶,king3
瓊,king5
窮,king5
擎,king5
虹,king6
虹,king7
口,kio2
筧,kio3
叩,kio3
寇,kio3
扣,kio3
竅,kio3
蔻,kio3
抾,kioh1
卻,kioh4
抾,kioh4
卻,kiok1
卻,kiok4
曲,kiok4
恐,kiong2
瓊,kiong5
吸,kip1
泣,kip4
吸,kip4
級,kip4
扱,kip8
車,kir1
居,kir1
据,kir1
裾,kir1
矩,kir2
舉,kir2
倨,kir3
踞,kir3
鋸,kir3
渠,kir5
璩,kir5
巨,kir6
拒,kir6
炬,kir6
距,kir6
遽,kir7
扼,kirh8
乞,kit1
乞,kit4
吃,kit4
煡,kit4
桔,kit4白
杙,kit8
煡,kit8
丘,kiu1
坵,kiu1
鳩,kiu1
搝,kiu2
虯,kiu5
𩚨,kiu7
坩,kna1
嵌,kna2
掮,knai1
敱,knai2
摳,knaoh8
坑,kne1
喀,kneh8
康,kng1
糠,kng1
勸,kng3
囥,kng3
吭,kngh1
吭,kngh4
坑,kni1
拑,kni5
鉗,kni5
姜,kniu1
腔,kniu1
噤,kniu7
可,kno2
坷,kno2
拷,kno2
烤,kno2
考,kno2
寬,knua1
款,knua2
看,knua3
快,knua3
勸,knui3
柯,ko1
科,ko1
嵙,ko1
炣,ko1
珂,ko1
窠,ko1
軻,ko1
可,ko2
考,ko2
舸,ko2
洘,ko2
坷,ko2
拷,ko2
烤,ko2
課,ko3
靠,ko3
犒,ko3
苛,ko5
觳,kok1
告,kok4
哭,kok4
廓,kok4
恪,kok4
擴,kok4
涸,kok4
硞,kok4
觳,kok4
酷,kok4
嘓,kok8
硞,kok8
鱷,kok8
康,kong1
空,kong1
倥,kong1
匡,kong1
悾,kong1
框,kong1
眶,kong1
筐,kong1
糠,kong1
孔,kong2
慷,kong2
紺,kong2
控,kong3
炕,kong3
亢,kong3
伉,kong3
壙,kong3
抗,kong3
曠,kong3
礦,kong3
空,kong3
吭,kong7
鞏,kong7
呼,koo1
枯,koo1
箍,koo1
口,koo2
苦,koo2
許,koo2
扣,koo3
褲,koo3
靠,koo3
庫,koo3
怐,koo3
絝,koo3
糊,koo5
區,ku1
拘,ku1
去,ku1
丘,ku1
坵,ku1
嶇,ku1
軀,ku1
邱,ku1
驅,ku1
去,ku2
去,ku3
跍,ku5
瞿,ku5
柩,ku6
臼,ku6
具,ku7
懼,ku7
誇,kua1
可,kua2
掛,kua3
靠,kua3
胯,kua3
跨,kua3
渴,kuah1
闊,kuah1
闊,kuah4
渴,kuah4
塊,kuai3
快,kuai3
筷,kuai3
寬,kuan1
圈,kuan1
款,kuan2
綣,kuan2
勸,kuan3
權,kuan5
環,kuan5
橛,kuat4
缺,kuat4
闊,kuat4
闕,kuat4
溪,kue1
刮,kue1
恢,kue1
盔,kue1
詼,kue1
魁,kue1
契,kue3
架,kue3
齧,kue3
快,kue3
瘸,kue5
瓜,kuee1
怪,kuee3
瞌,kueh1
缺,kueh4
呿,kuh4
跔,kuh4
汩,kuh8
開,kui1
窺,kui1
虧,kui1
傀,kui2
詭,kui2
軌,kui2
氣,kui3
愧,kui3
潰,kui3
昆,kun1
坤,kun1
崑,kun1
琨,kun1
髡,kun1
鯤,kun1
墾,kun2
懇,kun2
捆,kun2
菌,kun2
困,kun3
臥,kun3
睏,kun3
勤,kun5
囷,kun5
芹,kun5
蜷,kun5
屈,kut1
窟,kut1
堀,kut4
屈,kut4
窟,kut4
䘿,kut8
顝,kut8
啦,la0
喇,la1
拉,la1
籮,la5
膋,la5
蜊,la5
蟧,la5
鯪,la5
抐,la6
抐,la7
鬧,la7
啦,lah0
拉,lah4
曆,lah8
獵,lah8
臘,lah8
蠟,lah8
來,lai0
來,lai5
梨,lai5
萊,lai5
鶆,lai5
來,lai7
內,lai7
利,lai7
柰,lai7
睞,lai7
耐,lai7
賴,lai7
戮,lak1
落,lak1
落,lak4
六,lak8
慄,lak8
搦,lak8
磟,lak8
籠,lam1
覽,lam2
攬,lam2
弱,lam2
欖,lam2
纜,lam2
腩,lam2
荏,lam2
湳,lam3
南,lam5
男,lam5
藍,lam5
婪,lam5
嵐,lam5
楠,lam5
淋,lam5
籃,lam5
襤,lam5
檻,lam7
濫,lam7
艦,lam7
趼,lan1
赧,lan2
咱,lan2
懶,lan2
瀾,lan5
蘭,lan5
闌,lan5
難,lan5
㔂,lan5
攔,lan5
欄,lan5
零,lan5
鱗,lan5
𡳞,lan6
爛,lan7
難,lan7
籠,lang1
櫳,lang1
礱,lang1
攏,lang2
籠,lang2
閬,lang3
人,lang5
籠,lang5
儂,lang5
聾,lang5
膿,lang5
弄,lang7
籠,lang7
蹓,lao1
老,lao2
扭,lao2
粩,lao2
佬,lao2
荖,lao2
老,lao3
落,lao3
劉,lao5
流,lao5
留,lao5
樓,lao5
老,lao7
漏,lao7
鬧,lao7
落,laoh8
塌,lap1
垃,lap4
塌,lap4
內,lap8
擸,lap8
納,lap8
臘,lap8
蠟,lap8
力,lat8
捺,lat8
栗,lat8
辣,lat8
絡,le1
禮,le2
詈,le2
澧,le2
醴,le2
礪,le3
蠡,le5
挼,le5
腡,le5
螺,le5
梨,le5
犁,le5
璃,le5
黎,le5
沴,le7
例,le7
利,le7
儷,le7
勵,le7
厲,le7
戾,le7
荔,le7
隸,le7
鱺,le7
麗,le7
咧,leeh4
剺,leeh8
裂,leh8
剺,leh8
笠,leh8
儡,ler2
裡,ler3
腡,ler5
螺,ler5
詈,lere2
礪,lere3
犁,lere5
篱,lere5
鑢,lere7
笠,lereh8
咧,lerh4
捩,lerh4
能,lerng5
裡,li0
哩,li1
履,li2
李,li2
理,li2
耳,li2
裡,li2
里,li2
汝,li2
裏,li2
你,li2
女,li2
子,li2
旅,li2
俚,li2
娌,li2
鯉,li2
剺,li3
嫠,li5
簾,li5
而,li5
兒,li5
驢,li5
厘,li5
漓,li5
狸,li5
璃,li5
篱,li5
籬,li5
縭,li5
罹,li5
釐,li5
離,li5
利,li7
吏,li7
呂,li7
慮,li7
離,li7
二,li7
字,li7
濾,li7
餌,li7
俐,li7
蒞,li7
遮,lia1
惹,lia2
裂,liah1
跡,liah1
掠,liah8
略,liak8
掠,liak8
拈,liam1
跕,liam1
斂,liam2
染,liam2
臉,liam2
捻,liam3
檐,liam5
簾,liam5
連,liam5
黏,liam5
廉,liam5
濂,liam5
粘,liam5
臨,liam5
鐮,liam5
念,liam7
唸,liam7
捻,liam7
殮,liam7
蔫,lian1
輪,lian2
撚,lian2
攆,lian2
碾,lian2
輦,lian2
輾,lian2
輾,lian3
年,lian5
然,lian5
憐,lian5
漣,lian5
聯,lian5
蓮,lian5
連,lian5
鰱,lian5
楝,lian7
煉,lian7
練,lian7
鍊,lian7
喨,liang1
兩,liang2
輛,liang2
魉,liang2
良,liang5
量,liang5
娘,liang5
樑,liang5
涼,liang5
粱,liang5
糧,liang5
諒,liang7
亮,liang7
釀,liang7
量,liang7
嫋,liao2
了,liao2
瞭,liao2
蓼,liao2
抓,liao3
僚,liao5
皺,liao5
蹽,liao5
饒,liao5
條,liao5
嘹,liao5
寮,liao5
撩,liao5
獠,liao5
療,liao5
聊,liao5
遼,liao5
料,liao7
廖,liao7
繚,liao7
攝,liap1
聶,liap4
攝,liap4
懾,liap4
涅,liap4
鑷,liap4
廿,liap8
粒,liap8
捏,liap8
獵,liap8
列,liat8
裂,liat8
熱,liat8
冽,liat8
烈,liat8
裂,lih8
曆,lik4
勒,lik4
力,lik8
歷,lik8
綠,lik8
勒,lik8
匿,lik8
壢,lik8
暱,lik8
曆,lik8
溺,lik8
瀝,lik8
碌,lik8
礫,lik8
肋,lik8
靂,lik8
啉,lim1
廩,lim2
忍,lim2
凜,lim2
懍,lim2
臨,lim2
林,lim5
臨,lim5
任,lim5
壬,lim5
撏,lim5
淋,lim5
琳,lim5
霖,lim5
任,lim7
賃,lim7
奶,lin1
輪,lin1
恁,lin2
輾,lin3
鱗,lin5
人,lin5
仁,lin5
嶙,lin5
憐,lin5
燐,lin5
磷,lin5
鄰,lin5
麟,lin5
吝,lin7
認,lin7
藺,lin7
躪,lin7
奶,ling1
伶,ling2
堎,ling2
嶺,ling2
領,ling2
冷,ling2
躘,ling3
凌,ling5
寧,ling5
能,ling5
陵,ling5
拎,ling5
稜,ling5
鈴,ling5
零,ling5
靈,ling5
龍,ling5
伶,ling5
玲,ling5
綾,ling5
羚,ling5
翎,ling5
聆,ling5
菱,ling5
齡,ling5
楝,ling6
令,ling7
另,ling7
稜,ling7
佞,ling7
冗,ling7
濘,ling7
甯,ling7
鴒,ling7
瞭,lio2
簍,lio2
躼,lio3
婁,lio5
撩,lio5
樓,lio5
尿,lio7
漏,lio7
陋,lio7
略,lioh8
六,liok8
戮,liok8
略,liok8
籙,liok8
綠,liok8
菉,liok8
陸,liok8
辱,liok8
虐,liok8
弱,liok8
搙,liok8
肉,liok8
魎,liong2
兩,liong2
嚷,liong2
躘,liong3
隆,liong5
梁,liong5
良,liong5
龍,liong5
狼,liong5
絨,liong5
量,liong5
量,liong7
亮,liong7
冗,liong7
逐,lip1
立,lip8
入,lip8
笠,lip8
粒,lip8
女,lir2
汝,lir2
旅,lir2
閭,lir5
驢,lir5
侶,lir6
呂,lir6
鋁,lir6
慮,lir7
濾,lir7
日,lit8
慄,lit8
栗,lit8
溧,lit8
溜,liu1
鰡,liu1
柳,liu2
扭,liu2
紐,liu2
綹,liu2
鈕,liu2
流,liu3
遛,liu3
劉,liu5
流,liu5
留,liu5
㨨,liu5
揉,liu5
榴,liu5
瀏,liu5
琉,liu5
瘤,liu5
硫,liu5
遛,liu5
餾,liu7
那,lna2
哪,lna2
若,lna2
娜,lna2
拿,lna2
欖,lna2
壏,lna3
爁,lna3
林,lna5
藍,lna5
嚨,lna5
岩,lna5
籃,lna5
若,lna7
但,lna7
吶,lna7
凹,lnah1
爁,lnah1
凹,lnah4
奶,lnai1
乃,lnai2
蓮,lnai5
籟,lnai7
耐,lnai7
奈,lnai7
荔,lnai7
惱,lnao2
腦,lnao2
鬧,lnao7
喃,lnaoh1
嗕,lnaoh4
奶,lne1
呢,lne1
奶,lne1
拈,lne1
晾,lne5
晾,lne5
躡,lneh1
奶,lni1
拈,lni1
爾,lni2
耳,lni2
你,lni2
染,lni2
邇,lni2
年,lni5
簾,lni5
呢,lni5
妮,lni5
尼,lni5
泥,lni5
鐮,lni5
爾,lni6
領,lnia2
嶺,lnia2
娘,lnia5
爾,lnia7
陵,lnia7
睰,lniah4
貓,lniao1
鳥,lniao2
爪,lniao2
躡,lnih1
𥍉,lnih4
睰,lnih4
躡,lnih4
鑷,lnih4
捏,lnih8
兩,lniu2
娘,lniu5
梁,lniu5
樑,lniu5
涼,lniu5
糧,lniu5
量,lniu5
量,lniu7
讓,lniu7
抅,lniuh4
裡,lnng0
軁,lnng1
軟,lnng2
軁,lnng3
榔,lnng5
瓤,lnng5
郎,lnng5
兩,lnng6
兩,lnng7
卵,lnng7
老,lnoo2
挪,lnoo5
兩,lnoo6
怒,lnoo7
懦,lnoo7
撋,lnua2
躽,lnua3
攔,lnua5
欄,lnua5
瀾,lnua7
僆,lnua7
爛,lnua7
軟,lnui2
軁,lnui3
卵,lnui6
叨,lo1
囉,lo1
潦,lo2
老,lo2
惱,lo2
瑙,lo2
腦,lo2
裸,lo2
躼,lo3
撈,lo5
羅,lo5
那,lo5
勞,lo5
濁,lo5
醪,lo5
鑼,lo5
牢,lo5
癆,lo5
籮,lo5
邏,lo5
騾,lo5
烙,lo6
囉,lo7
賂,lo7
囉,loh0
落,loh1
落,loh4
樂,loh8
絡,loh8
洛,loh8
落,loh8
駱,loh8
橐,lok1
漉,lok4
樂,lok8
洛,lok8
祿,lok8
絡,lok8
落,lok8
錄,lok8
鹿,lok8
麓,lok8
漉,lok8
烙,lok8
碌,lok8
諾,lok8
轆,lok8
駱,lok8
囊,long1
瑯,long1
朗,long2
隴,long2
攏,long2
籠,long2
挵,long3
狼,long5
籠,long5
農,long5
郎,long5
囊,long5
廊,long5
儂,long5
聾,long5
膿,long5
榔,long5
濃,long5
瀧,long5
琅,long5
瓏,long5
螂,long5
弄,long7
浪,long7
囉,loo0
惱,loo2
魯,loo2
勞,loo2
櫓,loo2
滷,loo2
虜,loo2
鹵,loo2
孥,loo5
廬,loo5
樓,loo5
瀘,loo5
艫,loo5
駑,loo5
勞,loo5
奴,loo5
爐,loo5
盧,loo5
蘆,loo5
鱸,loo5
鸕,loo5
努,loo6
弩,loo6
𢲸,loo6
陋,loo7
露,loo7
耨,loo7
路,loo7
璐,loo7
蕗,loo7
賂,loo7
鷺,loo7
橐,lop1
橐,lop4
攄,lu1
女,lu2
旅,lu2
窶,lu2
縷,lu2
汝,lu2
愈,lu2
屢,lu2
褸,lu2
鑢,lu3
閭,lu5
如,lu5
挐,lu5
驢,lu5
侶,lu7
慮,lu7
瀘,lu7
籮,lua5
瀨,lua7
賴,lua7
捋,luah1
熱,luah8
捋,luah8
辣,luah8
卵,luan2
耎,luan2
暖,luan2
軟,luan2
巒,luan5
戀,luan5
鸞,luan5
亂,luan7
劣,luat8
詈,lue2
餒,lue2
內,lue7
鐳,lui1
蕊,lui2
壘,lui2
磊,lui2
累,lui2
蕾,lui2
瘰,lui3
擂,lui5
癗,lui5
雷,lui5
類,lui7
內,lui7
縋,lui7
彙,lui7
淚,lui7
累,lui7
酹,lui7
圇,lun1
忍,lun2
怕,lun2
懍,lun2
碖,lun2
輪,lun5
侖,lun5
倫,lun5
圇,lun5
崙,lun5
掄,lun5
淪,lun5
綸,lun5
腀,lun5
薐,lun5
論,lun7
潤,lun7
閏,lun7
韌,lun7
嫩,lun7
甪,lut1
甪,lut4
率,lut8
律,lut8
姆,m2
梅,m5
莓,m5
不,m7
毋,m7
咩,meeh4
蜢,meeh4
脈,meeh8
遮,na2
向,na3
攔,na5
涵,na5
餡,na7
閒,nai5
偝,nai7
哮,nao1
嬰,ne1
嚶,ne1
楹,ne5
呢,neeh0
躡,neeh4
掩,ng1
嗯,ng1
央,ng1
秧,ng1
影,ng2
阮,ng2
䘼,ng2
捥,ng2
蔭,ng2
向,ng3
黃,ng5
夾,ngereh4
莢,ngereh4
挾,ngereh8
嗯,ngh8
縈,ni1
穎,ni2
燕,ni3
圓,ni5
丸,ni5
院,ni7
纓,nia1
影,nia2
映,nia3
營,nia5
贏,nia5
颺,nia6
颺,nia7
偝,niah8
喓,niao1
鴦,niu1
舀,niu2
養,niu2
楊,niu5
羊,niu5
洋,niu5
溶,niu5
熔,niu5
陽,niu5
樣,niu7
嗚,no1
唔,no1
安,nua1
鞍,nua1
碗,nua2
腕,nua2
晏,nua3
案,nua3
旱,nua6
換,nua7
旱,nua7
灣,nuai1
崴,nuai2
崴,nuaih4
䘼,nui2
磺,nui5
暈,nui7
訶,o1
阿,o1
呵,o1
堝,o1
撾,o1
窩,o1
蒿,o1
襖,o2
奧,o3
懊,o3
澳,o3
蚵,o5
僫,oh1
僫,oh4
學,oh8
惡,ok1
惡,ok4
屋,ok4
沃,ok4
渥,ok4
掩,om1
茂,om7
翁,ong1
汪,ong1
往,ong2
枉,ong2
王,ong5
旺,ong7
嗚,oo1
烏,oo1
鷗,oo1
黑,oo1
鄔,oo1
鎢,oo1
挖,oo2
塢,oo2
扝,oo2
惡,oo3
噁,oo3
湖,oo5
壺,oo5
弧,oo5
瑚,oo5
胡,oo5
蝴,oo5
芋,oo7
喔,ooh4
嘔,ooh4
啪,pa1
拋,pa1
泡,pa1
脬,pa1
葩,pa1
趴,pa1
怕,pa3
帕,pa3
疱,pa6
疱,pa7
拍,pah1
打,pah4
拍,pah4
歹,pai2
沛,pai3
派,pai3
湃,pai3
霈,pai3
仆,pak1
覆,pak1
覆,pak4
仆,pak4
曝,pak8
攀,pan1
襻,pan3
盼,pan3
香,pang1
芳,pang1
蜂,pang1
麭,pang2
紡,pang2
捀,pang5
捧,pang5
帆,pang5
篷,pang5
縫,pang7
拋,pao1
跑,pao2
泡,pao3
炮,pao3
砲,pao3
袍,pao5
抱,pao7
炮,paoh4
雹,paoh8
八,pat1
八,pat4
捌,pat4
別,pat8
坯,pe1
胚,pe1
批,pe1
帕,pe3
配,pe3
媲,pe3
帕,pe3
皮,pe5
被,pe7
稗,pe7
伯,peeh4
擘,peeh4
柏,peeh4
百,peeh4
竡,peeh4
帛,peeh8
白,peeh8
沫,peh8
飛,per1
掰,per2
壩,per3
褙,per3
賠,per5
倍,per6
背,per7
培,per7
焙,per7
八,pereh4
胖,phag3
坯,pher1
胚,pher1
配,pher3
杮,pher3
皮,pher5
被,pher6
批,phere1
稗,phere7
沫,pherh8
丕,pi1
披,pi1
砒,pi1
紕,pi1
鄙,pi2
否,pi2
疕,pi2
痞,pi2
譬,pi3
屁,pi3
疲,pi5
皮,pi5
癖,piah1
避,piah4
辟,piah8
甓,piah8
癖,piah8
擗,piak8
扁,pian1
偏,pian1
篇,pian1
翩,pian1
片,pian3
遍,pian3
騙,pian3
蹁,pian5
砰,piang3
龐,piang7
飄,piao1
標,piao1
漂,piao1
漂,piao3
票,piao3
嫖,piao5
撇,piat1
撇,piat4
瞥,piat4
𥐵,piat4
撇,piat8
躄,pih1
拍,pik1
魄,pik1
辟,pik4
劈,pik4
拍,pik4
珀,pik4
璧,pik4
碧,pik4
霹,pik4
魄,pik4
乒,pin1
品,pin2
𥰔,pin2
蹁,pin5
娉,ping1
怦,ping1
拼,ping1
烹,ping1
砰,ping1
聘,ping3
騁,ping3
姘,ping3
平,ping5
彭,ping5
苹,ping5
評,ping5
馮,ping5
坪,ping5
萍,ping5
蘋,ping5
鵬,ping5
並,ping7
剖,pio2
漂,pio3
票,pio3
瓢,pio5
薸,pio5
匹,pit1
疋,pit4
匹,pit4
冇,pna3
怕,pna3
奅,pna7
惡,pnai2
歹,pnai2
背,pnai7
揹,pnai7
伻,pne1
彭,pne5
平,pne5
澎,pne5
怦,pne7
嗙,pngh1
嗙,pngh4
偏,pni1
篇,pni1
片,pni3
彭,pni5
平,pni5
鼻,pni7
抨,pnia1
骿,pnia1
鉼,pnia2
坪,pnia5
平,pnia5
潘,pnua1
判,pnua3
販,pnua3
盤,pnua5
伴,pnua6
伴,pnua7
波,po1
坡,po1
泡,po1
頗,po2
破,po3
泡,po3
抱,po7
粕,poh1
樸,poh4
粕,poh4
博,pok1
噗,pok1
博,pok4
噗,pok4
搏,pok4
撲,pok4
樸,pok4
璞,pok4
粕,pok4
噗,pok8
曝,pok8
乓,pong1
滂,pong1
豐,pong1
捧,pong2
碰,pong3
膨,pong3
篷,pong5
蓬,pong5
蓬,pong7
菩,poo1
鋪,poo1
麩,poo1
剖,poo2
溥,poo2
頗,poo2
圃,poo2
普,poo2
浦,poo2
譜,poo2
破,poo3
舖,poo3
菩,poo5
扶,poo5
莆,poo5
簿,poo6
簿,poo7
廍,poo7
殕,pu2
浮,pu5
烰,pu5
芙,pu5
葡,pu5
浡,pu7
拋,pua1
部,pua3
破,pua3
潑,puah1
潑,puah4
袚,puah8
潘,puan1
胖,puan3
判,puan3
泮,puan3
槃,puan5
盤,puan5
磐,puan5
蟠,puan5
伴,puan6
撇,puat4
潑,puat4
批,pue1
坯,pue1
胚,pue1
䫌,pue2
襞,pue2
配,pue3
沛,pue3
杮,pue3
皮,pue5
被,pue7
稗,pue7
沫,pueh8
浦,puh4
浡,puh8
呸,pui3
屁,pui3
僨,pun1
奔,pun1
潘,pun1
翸,pun2
噴,pun3
盆,pun5
刜,put1
刜,put4
怫,put4
沙,sa1
紗,sa1
捎,sa1
莎,sa1
灑,sa2
耍,sa2
嗄,sa3
煠,sah8
西,sai1
司,sai1
師,sai1
私,sai1
揌,sai1
犀,sai1
獅,sai1
使,sai2
史,sai2
屎,sai2
駛,sai2
塞,sai3
使,sai3
婿,sai3
賽,sai3
饞,sai5
似,sai7
侍,sai7
事,sai7
姒,sai7
寘,sai7
祀,sai7
捒,sak1
捒,sak4
三,sam1
衫,sam1
杉,sam1
糝,sam2
三,sam3
搧,sam3
謲,sam3
閐,sam3
鬖,sam3
儳,sam5
山,san1
喪,san1
星,san1
刪,san1
姍,san1
珊,san1
跚,san1
鉎,san1
散,san2
㾪,san2
瘦,san2
產,san2
散,san3
傘,san3
汕,san3
疝,san3
雙,sang1
鬆,sang1
送,sang3
侗,sang5
捎,sao1
梢,sao1
鞘,sao1
稍,sao2
稍,sao3
掃,sao3
哨,sao3
嗽,sao3
圾,sap4
霎,sap4
颯,sap4
塞,sat1
殺,sat1
蝨,sat1
殺,sat4
薩,sat4
撒,sat4
剎,sat4
煞,sat4
蝨,sat4
西,se1
砂,se1
梳,se1
疏,se1
紗,se1
犀,se1
砂,se1
紗,se1
裟,se1
洗,se2
黍,se2
世,se3
勢,se3
稅,se3
細,se3
誓,se3
婿,se3
洒,se3
垂,se5
噬,se7
逝,se7
誓,se7
筮,se7
屑,seeh4
楔,seh1
說,seh1
雪,seh1
雪,seh4
踅,seh8
稅,ser3
垂,ser5
梳,sere1
疏,sere1
蔬,sere1
洗,sere2
黍,sere2
楔,sereh4
雪,serh4
說,serh4
踅,serh8
塞,serk4
僧,serng1
牲,serng1
生,serng1
甥,serng1
施,si1
絲,si1
蓍,si1
詩,si1
司,si1
思,si1
私,si1
西,si1
噓,si1
尸,si1
屍,si1
鷥,si1
始,si2
是,si2
死,si2
矢,si2
世,si3
四,si3
勢,si3
弒,si3
試,si3
時,si5
辭,si5
匙,si5
弛,si5
恃,si6
氏,si6
祀,si6
侍,si7
恃,si7
是,si7
視,si7
諟,si7
序,si7
氏,si7
示,si7
嗜,si7
寺,si7
諡,si7
豉,si7
賒,sia1
捨,sia2
舍,sia2
寫,sia2
舍,sia3
赦,sia3
卸,sia3
瀉,sia3
斜,sia5
蛇,sia5
邪,sia5
射,sia7
社,sia7
謝,sia7
錫,siah1
削,siah1
杓,siah8
摔,siak1
䀐,siam1
纖,siam1
閃,siam2
陝,siam2
滲,siam3
尋,siam5
蟾,siam5
贍,siam7
仙,sian1
鮮,sian1
先,sian1
身,sian1
鉎,sian1
仙,sian2
癬,sian2
鮮,sian2
搧,sian3
扇,sian3
煽,sian3
嬋,sian5
涎,sian5
禪,sian5
蟬,sian5
僐,sian6
腎,sian6
單,sian6
膳,sian6
蟮,sian6
鱔,sian6
𤺪,sian6
善,sian7
羨,sian7
擅,sian7
禪,sian7
繕,sian7
殤,siang1
傷,siang1
相,siang1
商,siang1
湘,siang1
箱,siang1
襄,siang1
鑲,siang1
雙,siang1
想,siang2
償,siang2
賞,siang2
摔,siang3
相,siang3
詳,siang5
同,siang5
常,siang5
誰,siang5
侗,siang5
嫦,siang5
瘍,siang5
祥,siang5
翔,siang5
裳,siang5
相,siang6
上,siang6
像,siang6
橡,siang6
上,siang7
尚,siang7
誰,siang7
消,siao1
簫,siao1
蕭,siao1
宵,siao1
瀟,siao1
燒,siao1
硝,siao1
逍,siao1
銷,siao1
霄,siao1
小,siao2
少,siao2
痟,siao2
篠,siao2
少,siao3
笑,siao3
肖,siao3
算,siao3
數,siao3
嘯,siao3
潲,siao5
韶,siao5
劭,siao7
紹,siao7
邵,siao7
卌,siap1
屧,siap1
澀,siap1
卌,siap4
屧,siap4
懾,siap4
攝,siap4
澀,siap4
燮,siap4
洩,siap8
涉,siap8
設,siat1
洩,siat4
設,siat4
屑,siat4
泄,siat4
褻,siat4
舌,siat8
折,siat8
爍,sih1
薛,sih4
爍,sih4
蝕,sih8
室,sik1
色,sik1
識,sik1
塞,sik4
室,sik4
息,sik4
悉,sik4
惜,sik4
昔,sik4
栻,sik4
瑟,sik4
色,sik4
軾,sik4
適,sik4
錫,sik4
膝,sik4
蜥,sik4
嗇,sik4
媳,sik4
式,sik4
晰,sik4
析,sik4
熄,sik4
索,sik4
蟋,sik4
識,sik4
釋,sik4
飾,sik4
夕,sik8
石,sik8
熟,sik8
席,sik8
殖,sik8
汐,sik8
矽,sik8
碩,sik8
蓆,sik8
心,sim1
參,sim1
森,sim1
芯,sim1
甚,sim2
嬸,sim2
審,sim2
沈,sim2
瀋,sim2
㽎,sim3
滲,sim3
尋,sim5
諶,sim5
葚,sim6
甚,sim7
愖,sim7
身,sin1
新,sin1
伸,sin1
呻,sin1
娠,sin1
申,sin1
紳,sin1
薪,sin1
辛,sin1
哂,sin2
矧,sin2
信,sin3
囟,sin3
汛,sin3
訊,sin3
迅,sin3
承,sin5
神,sin5
宸,sin5
晨,sin5
臣,sin5
蠅,sin5
辰,sin5
蜃,sin6
剩,sin7
慎,sin7
腎,sin7
升,sing1
星,sing1
生,sing1
笙,sing1
聲,sing1
腥,sing1
勝,sing1
僧,sing1
先,sing1
昇,sing1
芟,sing1
惺,sing1
牲,sing1
猩,sing1
甥,sing1
醒,sing2
省,sing2
勝,sing3
姓,sing3
聖,sing3
性,sing3
乘,sing5
城,sing5
成,sing5
承,sing5
誠,sing5
丞,sing5
繩,sing5
慂,sing6
盛,sing7
倖,sing7
乘,sing7
剩,sing7
蕭,sio1
搜,sio1
燒,sio1
相,sio1
霄,sio1
小,sio2
叟,sio2
瘦,sio3
荍,sio5
邵,sio7
惜,sioh4
寂,sioh8
液,sioh8
叔,siok4
夙,siok4
宿,siok4
淑,siok4
粟,siok4
鑠,siok4
贖,siok8
俗,siok8
孰,siok8
屬,siok8
續,siok8
蜀,siok8
傷,siong1
商,siong1
殤,siong1
湘,siong1
相,siong1
箱,siong1
觴,siong1
上,siong2
想,siong2
賞,siong2
相,siong3
嘗,siong5
常,siong5
庠,siong5
松,siong5
翔,siong5
詳,siong5
誰,siong5
上,siong7
訟,siong7
誦,siong7
象,siong7
頌,siong7
像,siong7
尚,siong7
溼,sip1
濕,sip4
十,sip8
褶,sip8
什,sip8
拾,sip8
習,sip8
襲,sip8
抒,sir1
書,sir1
紓,sir1
胥,sir1
舒,sir1
暑,sir2
庶,sir3
恕,sir3
絮,sir3
徐,sir5
蜍,sir5
嶼,sir6
序,sir6
敘,sir6
緒,sir6
曙,sir7
失,sit1
熄,sit1
穡,sit1
失,sit4
熄,sit4
室,sit4
息,sit4
悉,sit4
瑟,sit4
穡,sit4
食,sit8
植,sit8
實,sit8
翼,sit8
殖,sit8
修,siu1
脩,siu1
饈,siu1
受,siu1
收,siu1
羞,siu1
守,siu2
手,siu2
首,siu2
獸,siu3
秀,siu3
宿,siu3
狩,siu3
琇,siu3
繡,siu3
鏽,siu3
鞘,siu3
仇,siu5
泅,siu5
囚,siu5
酋,siu5
酬,siu5
受,siu7
壽,siu7
岫,siu7
售,siu7
授,siu7
綬,siu7
袖,siu7
三,sna1
相,sna1
衫,sna1
喢,snah1
煞,snah1
喢,snah4
煞,snah4
生,sne1
牲,sne1
省,sne2
姓,sne3
性,sne3
桑,sng1
傷,sng1
喪,sng1
栓,sng1
痠,sng1
酸,sng1
孀,sng1
霜,sng1
損,sng2
耍,sng2
算,sng3
繏,sng3
床,sng5
繏,sngh4
斯,sni
生,sni1
姓,sni3
扇,sni3
鹽,sni5
鹽,sni7
豉,sni7
聲,snia1
甚,snia2
啥,snia2
聖,snia3
成,snia5
城,snia5
唌,snia5
相,sniu1
傷,sniu1
廂,sniu1
箱,sniu1
賞,sniu2
鯗,sniu2
相,sniu3
瘍,sniu5
想,sniu7
尚,sniu7
山,snua1
散,snua2
散,snua3
傘,snua3
汕,snua3
線,snua3
檨,snuai7
酸,snui1
孫,snui1
栓,snui1
痠,snui1
繏,snui3
臊,so1
挲,so1
唆,so1
娑,so1
搔,so1
梭,so1
騷,so1
嫂,so2
鎖,so2
瑣,so2
躁,so3
埽,so3
掃,so3
燥,so3
趖,so5
索,soh1
索,soh4
束,sok1
縮,sok1
槊,sok4
速,sok4
塑,sok4
宿,sok4
朔,sok4
束,sok4
索,sok4
縮,sok4
肅,sok4
參,som1
森,som1
桑,song1
霜,song1
喪,song1
孀,song1
雙,song1
鬆,song1
爽,song2
喪,song3
宋,song3
送,song3
松,song5
倯,song5
疏,soo1
蘇,soo1
舒,soo1
梳,soo1
甦,soo1
穌,soo1
蔬,soo1
酥,soo1
叟,soo2
所,soo2
傃,soo3
數,soo3
泝,soo3
疏,soo3
訴,soo3
素,soo3
溯,soo3
司,su1
師,su1
廝,su1
思,su1
撕,su1
斯,su1
書,su1
私,su1
胥,su1
舒,su1
釃,su1
須,su1
輸,su1
需,su1
姝,su1
軀,su1
鬚,su1
使,su2
始,su2
暑,su2
死,su2
蜀,su2
徙,su2
墅,su2
璽,su2
署,su2
史,su3
賜,su3
四,su3
庶,su3
恕,su3
次,su3
使,su3
樹,su3
戍,su3
徐,su5
殊,su5
辭,su5
祠,su5
詞,su5
事,su7
似,su7
侍,su7
俟,su7
士,su7
嶼,su7
序,su7
敘,su7
樹,su7
殊,su7
食,su7
仕,su7
豎,su7
痧,sua
沙,sua1
痧,sua1
砂,sua1
鯊,sua1
徙,sua2
紲,sua3
撒,suah1
煞,suah1
撒,suah4
煞,suah4
諠,suan1
宣,suan1
旋,suan1
喧,suan1
拴,suan1
訕,suan1
酸,suan1
選,suan2
算,suan3
蒜,suan3
旋,suan5
璇,suan5
船,suan5
漩,suan7
檨,suan7
說,suat1
雪,suat1
說,suat4
雪,suat4
刷,suat4
衰,sue1
梳,sue1
洗,sue2
黍,sue2
歲,sue3
細,sue3
帥,sue3
涗,sue3
稅,sue3
說,sue3
垂,sue5
說,sueh1
欶,suh1
欶,suh4
速,suh4
睢,sui1
雖,sui1
嗺,sui1
繐,sui1
綏,sui1
荽,sui1
蓑,sui1
𦉎,sui1
水,sui2
媠,sui2
美,sui2
髓,sui2
碎,sui3
祟,sui3
垂,sui5
誰,sui5
隋,sui5
隨,sui5
燧,sui7
瑞,sui7
睡,sui7
穗,sui7
遂,sui7
邃,sui7
隧,sui7
孫,sun1
峋,sun1
洵,sun1
珣,sun1
荀,sun1
蓀,sun1
損,sun2
榫,sun2
筍,sun2
恂,sun2
瞬,sun3
巽,sun3
舜,sun3
遜,sun3
徇,sun5
循,sun5
馴,sun5
巡,sun5
唇,sun5
峋,sun5
旬,sun5
洵,sun5
淳,sun5
純,sun5
荀,sun5
詢,sun5
醇,sun5
吮,sun6
順,sun7
循,sun7
殉,sun7
思,sur1
司,sur1
師,sur1
私,sur1
史,sur2
使,sur2
屎,sur2
駛,sur2
四,sur3
伺,sur3
使,sur3
思,sur3
肆,sur3
賜,sur3
駟,sur3
詞,sur5
祠,sur5
辭,sur5
士,sur6
仕,sur6
似,sur6
俟,sur6
姒,sur6
巳,sur6
祀,sur6
事,sur7
嗣,sur7
屑,sut1
戌,sut1
捽,sut1
戌,sut4
率,sut4
屑,sut4
恤,sut4
摔,sut4
窣,sut4
蟀,sut4
述,sut8
術,sut8
他,ta1
挓,ta3
詫,ta3
塔,tah1
塔,tah4
疊,tah4
鰨,tah4
疊,tah8
胎,tai1
苔,tai1
台,tai1
篩,tai1
邰,tai1
颱,tai1
癩,tai2
太,tai3
態,tai3
汰,tai3
泰,tai3
殺,tai5
刣,tai5
待,tai7
剔,tak1
剔,tak4
讀,tak8
坍,tam1
貪,tam1
忐,tam2
探,tam3
潭,tam5
痰,tam5
罈,tam5
覃,tam5
譚,tam5
攤,tan1
灘,tan1
蟶,tan1
袒,tan2
坦,tan2
毯,tan2
疸,tan2
歎,tan3
趁,tan3
嘆,tan3
窗,tang1
通,tang1
熥,tang1
桶,tang2
通,tang3
迵,tang3
蟲,tang5
偷,tao1
解,tao2
敨,tao2
透,tao3
道,tao5
頭,tao5
毒,tao7
塌,tap1
塔,tap4
塌,tap4
榻,tap4
妲,tat4
靼,tat4
韃,tat4
值,tat8
笛,tat8
達,tat8
胎,te1
推,te1
撐,te1
䖙,te1
梯,te1
體,te2
退,te3
替,te3
涕,te3
提,te5
啼,te5
堤,te5
緹,te5
䖳,te7
䖳,te7
硩,teeh4
裼,teh4
宅,teh8
提,teh8
䭔,ter1
短,ter2
地,ter3
塊,ter3
戴,ter3
綴,ter3
代,ter7
埭,ter7
袋,ter7
底,tere2
貯,tere2
蹄,tere5
題,tere5
苧,tere6
地,tere7
咧,terh4
啄,terh4
得,terk4
德,terk4
特,terk8
等,terng2
窒,that1
踢,that1
撻,that4
闥,that4
塞,that4
窒,that4
踢,that4
躂,that4
徹,theeh4
宅,theeh8
胎,ther1
推,ther1
退,ther3
釵,there1
𠞄,there1
體,there2
替,there3
摕,thereh8
忒,therk4
忑,therk4
撐,therng1
瞠,therng1
攄,thir1
儲,thir2
杵,thir2
褚,thir2
貯,thir2
儲,thir5
鋤,thir5
魑,ti1
黐,ti1
恥,ti2
褫,ti2
剃,ti3
鋤,ti5
啼,ti5
苔,ti5
雉,ti6
拆,tiah1
添,tiam1
忝,tiam2
諂,tiam2
填,tiam7
天,tian1
展,tian2
腆,tian2
闐,tian5
瞋,tian5
暢,tiang3
恌,tiao1
刁,tiao1
挑,tiao1
超,tiao1
窕,tiao2
糶,tiao3
跳,tiao3
髫,tiao5
𤶃,tiao5
柱,tiao7
𤶃,tiao7
帖,tiap1
貼,tiap1
帖,tiap4
貼,tiap4
疊,tiap8
徹,tiat4
鐵,tiat4
撤,tiat4
澈,tiat4
餮,tiat4
竹,tiek4
鐵,tih1
剃,tih4
鐵,tih4
喋,tih8
畜,tik1
忒,tik4
陟,tik4
飭,tik4
㜅,tik4
倜,tik4
剔,tik4
惕,tik4
敕,tik4
斥,tik4
畜,tik4
踢,tik4
琛,tim1
鴆,tim1
抌,tim3
塵,tin5
斟,tin5
伨,tin7
媵,tin7
汀,ting1
聽,ting1
廳,ting1
撐,ting1
瞠,ting1
逞,ting2
寵,ting2
挺,ting2
艇,ting2
聽,ting3
程,ting5
停,ting5
呈,ting5
婷,ting5
謄,ting5
騰,ting5
偷,tio1
挑,tio1
糶,tio3
透,tio3
頭,tio5
畜,tiok4
蓄,tiok4
寵,tiong2
塚,tiong2
暢,tiong3
蟲,tiong5
豬,tir1
著,tir3
躇,tir5
鋤,tir5
除,tir5
佇,tir6
杼,tir6
苧,tir6
箸,tir7
𨑨,tit4
抽,tiu1
紬,tiu1
丑,tiu2
他,tna1
挺,tna2
牚,tne3
瞪,tne5
褪,tng3
燙,tng3
傳,tng5
糖,tng5
杖,tng7
熥,tng7
碭,tng7
團,tngh8
天,tni1
添,tni1
紩,tni7
䋎,tni7
聽,tnia1
廳,tnia1
痛,tnia3
疼,tnia3
程,tnia5
侹,tnia7
攤,tnua1
灘,tnua1
剷,tnua2
碳,tnua3
湠,tnua3
炭,tnua3
褪,tnui3
傳,tnui5
團,tnui5
叨,to1
拖,to1
韜,to1
饕,to1
討,to2
唾,to3
套,to3
妥,to3
桃,to5
迌,to5
踱,toh8
戳,tok1
託,tok1
托,tok4
託,tok4
戳,tok4
拓,tok4
讀,tok8
湯,tong1
通,tong1
湯,tong11
倘,tong2
捅,tong2
統,tong2
痛,tong3
糖,tong5
宕,tong7
緟,tong7
吐,too2
土,too2
吐,too3
兔,too3
頭,too5
土,too5
塗,too5
涂,too5
節,tsat1
紮,tsat1
匝,tsat4
節,tsat4
扎,tsat4
札,tsat4
紮,tsat4
實,tsat8
賊,tsat8
仄,tseeh4
叔,tseeh4
災,tser1
晬,tser3
坐,tser6
罪,tser6
睡,tser7
齊,tsere5
濟,tsere7
節,tsereh4
截,tsereh8
作,tserh4
嘖,tserh4
則,tserk4
賊,tserk8
僧,tserng1
增,tserng1
崢,tserng1
掙,tserng1
曾,tserng1
爭,tserng1
諍,tserng3
曾,tserng5
擦,tshat1
漆,tshat1
察,tshat4
擦,tshat4
漆,tshat4
賊,tshat8
冊,tsheeh4
吹,tsher1
炊,tsher1
髓,tsher2
脆,tsher3
箠,tsher5
揣,tsher7
初,tshere1
粞,tshere3
䠡,tshere5
慼,tshereh4
蹭,tsherng3
狙,tshir1
舒,tshir1
苴,tshir1
蛆,tshir1
趄,tshir1
鼠,tshir2
處,tshir2
處,tshir3
徐,tshir5
𩑾,tshirh4
差,tshur1
疵,tshur1
雌,tshur1
此,tshur2
次,tshur3
漳,tsing1#泉
書,tsir1
諸,tsir1
煮,tsir2
咀,tsir2
薯,tsir5
蜍,tsir5
沮,tsir6
資,tsur1
咨,tsur1
姿,tsur1
孜,tsur1
淄,tsur1
滋,tsur1
茲,tsur1
諮,tsur1
錙,tsur1
子,tsur2
仔,tsur2
梓,tsur2
恣,tsur3
磁,tsur5
鶿,tsur5
自,tsur7
字,tsur7
紵,tu2
著,tu2
拖,tua1
泰,tua3
豸,tua6
汰,tua7
屜,tuah1
挩,tuah1
屜,tuah4
挩,tuah4
獺,tuah4
蹋,tuah4
湍,tuan1
篆,tuan3
傳,tuan5
團,tuan5
脫,tuat1
脫,tuat4
體,tue2
退,tue3
替,tue3
蛻,tue3
提,tueh8
托,tuh1
黜,tuh1
托,tuh4
禿,tuh4
黜,tuh4
怢,tuh8
推,tui1
梯,tui1
腿,tui2
槌,tui5
錘,tui5
墜,tui7
吞,tun1
椿,tun1
蹾,tun2
忳,tun3
黗,tun5
塵,tun5
臀,tun5
豚,tun5
坉,tun7
黜,tut1
禿,tut4
脫,tut4
黜,tut4
脫,tut8
盱,u1
于,u1
於,u1
五,u1
污,u1
迂,u1
宇,u2
與,u2
雨,u2
予,u2
禹,u2
羽,u2
焐,u3
煦,u3
于,u5
於,u5
歟,u5
餘,u5
予,u5
與,u5
余,u5
榆,u5
渝,u5
瑜,u5
盂,u5
竽,u5
臾,u5
覦,u5
諛,u5
逾,u5
雩,u5
有,u6
又,u7
豫,u7
與,u7
有,u7
預,u7
芋,u7
哇,ua1
娃,ua1
蛙,ua1
倚,ua2
何,ua5
活,uah8
劃,uah8
歪,uai1
冤,uan1
彎,uan1
灣,uan1
蜿,uan1
鴛,uan1
宛,uan2
遠,uan2
婉,uan2
琬,uan2
皖,uan2
腕,uan2
苑,uan2
菀,uan2
怨,uan3
惋,uan3
園,uan5
圓,uan5
頑,uan5
員,uan5
完,uan5
丸,uan5
猿,uan5
紈,uan5
袁,uan5
轅,uan5
浣,uan6
緩,uan6
遠,uan7
院,uan7
緩,uan7
媛,uan7
援,uan7
瑗,uan7
嚾,uang1
斡,uat1
挖,uat4
斡,uat4
悅,uat8
曰,uat8
鉞,uat8
閱,uat8
越,uat8
粵,uat8
椏,ue1
鍋,ue1
喂,ue1
崴,ue1
煨,ue1
挖,ue2
矮,ue2
穢,ue3
鞋,ue5
衛,ue7
衞,ue7
畫,ue7
話,ue7
畫,uee7
話,uee7
畫,ueeh8
狹,ueh8
劃,ueh8
噎,uh4
威,ui1
萎,ui1
揻,ui1
衣,ui1
逶,ui1
偉,ui2
委,ui2
猥,ui2
萎,ui2
葦,ui2
鮪,ui2
畏,ui3
對,ui3
慰,ui3
飫,ui3
蔚,ui3
唯,ui5
幃,ui5
為,ui5
維,ui5
褘,ui5
遺,ui5
闈,ui5
韋,ui5
危,ui5
圍,ui5
帷,ui5
惟,ui5
違,ui5
渭,ui7
為,ui7
爲,ui7
蝟,ui7
謂,ui7
位,ui7
緯,ui7
胃,ui7
挖,uih4
劃,uih8
恩,un1
溫,un1
殷,un1
瘟,un1
蝹,un1
狁,un2
隱,un2
許,un2
允,un2
穩,un2
尹,un2
殞,un2
癮,un2
蚓,un2
隕,un2
塭,un3
慍,un3
搵,un3
蘊,un3
醞,un3
云,un5
雲,un5
勻,un5
筠,un5
紜,un5
耘,un5
芸,un5
蕓,un5
輪,un5
運,un7
韻,un7
暈,un7
熨,ut1
鬱,ut1
尉,ut4
熨,ut4
鬱,ut4
汩,ut8
聿,ut8
遹,ut8
鷸,ut8
喳,za1
查,za1
楂,za1
臢,za1
早,za2
榨,za3
炸,za3
蚱,za3
詐,za3
乍,za7
昨,za7
紮,zah1
扎,zah4
截,zah8
鍘,zah8
閘,zah8
哉,zai1
烖,zai1
知,zai1
栽,zai1
災,zai1
齋,zai1
在,zai2
宰,zai2
載,zai3
再,zai3
債,zai3
才,zai5
儕,zai5
材,zai5
臍,zai5
豺,zai5
財,zai5
在,zai7
載,zai7
寨,zai7
齪,zak1
齪,zak4
嗾,zak8
沾,zam1
簪,zam1
臢,zam1
針,zam1
斬,zam2
嶄,zam2
蹔,zam3
站,zam6
鏨,zam6
站,zam7
鏨,zam7
曾,zan1
罾,zan1
齻,zan1
盞,zan2
讚,zan2
纘,zan3
層,zan3
讚,zan3
贊,zan3
棧,zan3
層,zan5
殘,zan5
㨑,zang1
棕,zang1
鬃,zang1
摠,zang2
粽,zang3
欉,zang5
灇,zang5
糟,zao1
蹧,zao1
走,zao2
爪,zao2
蚤,zao2
奏,zao3
灶,zao3
剿,zao5
巢,zao5
褿,zao5
找,zao6
棹,zao7
找,zao7
汁,zap4
眨,zap4
十,zap8
咂,zap8
雜,zap8
躋,ze1
災,ze1
這,ze1
劑,ze1
渣,ze1
齋,ze1
姊,ze2
濟,ze3
際,ze3
霽,ze3
債,ze3
制,ze3
債,ze3
祭,ze3
製,ze3
齊,ze5
臍,ze5
蠐,ze5
坐,ze7
罪,ze7
寨,ze7
濟,ze7
寨,ze7
仄,zeh1
節,zeh1
絕,zeh8
之,zi1
支,zi1
枝,zi1
脂,zi1
膣,zi1
芝,zi1
指,zi2
止,zi2
沚,zi2
只,zi2
子,zi2
姊,zi2
紫,zi2
咫,zi2
址,zi2
旨,zi2
祉,zi2
紙,zi2
芷,zi2
趾,zi2
志,zi3
至,zi3
鷙,zi3
幟,zi3
摯,zi3
誌,zi3
薯,zi5
糍,zi5
涘,zi6
舐,zi6
巳,zi7
嗟,zia1
此,zia1
遮,zia1
者,zia2
蔗,zia3
藉,zia7
謝,zia7
才,ziah1
遮,ziah1
隻,ziah1
即,ziah4
食,ziah8
爵,ziak4
嚼,ziak8
尖,ziam1
占,ziam1
瞻,ziam1
簪,ziam1
針,ziam1
占,ziam3
佔,ziam3
潛,ziam5
漸,ziam6
暫,ziam7
煎,zian1
氈,zian1
箋,zian1
剪,zian2
戰,zian3
箭,zian3
薦,zian3
前,zian5
錢,zian5
賤,zian7
踐,zian7
荐,zian7
餞,zian7
張,ziang
障,ziang1
將,ziang1
漳,ziang1
章,ziang1
彰,ziang1
樟,ziang1
漿,ziang1
長,ziang2
掌,ziang2
獎,ziang2
將,ziang3
狀,ziang7
招,ziao1
昭,ziao1
蕉,ziao1
椒,ziao1
焦,ziao1
礁,ziao1
釗,ziao1
鳥,ziao2
沼,ziao2
照,ziao3
詔,ziao3
醮,ziao3
樵,ziao5
齊,ziao5
嶕,ziao5
憔,ziao5
瞧,ziao5
褿,ziao5
接,ziap1
汁,ziap1
接,ziap4
汁,ziap4
睫,ziap4
婕,ziap8
捷,ziap8
折,ziat1
節,ziat1
節,ziat4
折,ziat4
浙,ziat4
截,ziat8
接,zih1
摺,zih1
接,zih4
摺,zih4
舌,zih8
折,zih8
擠,zik1
燭,zik1
積,zik1
則,zik4
即,zik4
稷,zik4
跖,zik4
跡,zik4
叔,zik4
灼,zik4
擠,zik4
燭,zik4
積,zik4
窄,zik4
績,zik4
脊,zik4
責,zik4
蹟,zik4
隻,zik4
籍,zik8
賊,zik8
寂,zik8
疾,zik8
藉,zik8
唚,zim1
斟,zim1
箴,zim1
針,zim1
枕,zim2
嬸,zim2
怎,zim2
浸,zim3
蟳,zim5
真,zin1
瞋,zin1
蓁,zin1
升,zin1
榛,zin1
津,zin1
甄,zin1
臻,zin1
盡,zin2
軫,zin2
拯,zin2
振,zin2
疹,zin2
縝,zin2
診,zin2
賑,zin2
晉,zin3
進,zin3
震,zin3
秦,zin5
繩,zin5
盡,zin6
儘,zin6
贐,zin6
盡,zin7
僧,zing1
憎,zing1
旌,zing1
曾,zing1
禎,zing1
諍,zing1
正,zing1
增,zing1
精,zing1
舂,zing1
蒸,zing1
鍾,zing1
鐘,zing1
佂,zing1
偵,zing1
崢,zing1
征,zing1
怔,zing1
晶,zing1
爭,zing1
眐,zing1
睛,zing1
箏,zing1
菁,zing1
貞,zing1
指,zing2
種,zing2
整,zing2
腫,zing2
井,zing2
拯,zing2
阱,zing2
政,zing3
正,zing3
諍,zing3
眾,zing3
種,zing3
症,zing3
証,zing3
證,zing3
層,zing5
晴,zing5
前,zing5
從,zing5
情,zing5
曾,zing5
榕,zing5
靖,zing7
靜,zing7
淨,zing7
贈,zing7
靚,zing7
招,zio1
椒,zio1
蕉,zio1
鄒,zio1
少,zio2
走,zio2
照,zio3
奏,zio3
皺,zio3
縐,zio3
醮,zio3
驟,zio7
借,zioh1
借,zioh4
襀,zioh4
石,zioh8
屬,ziok
燭,ziok1
祝,ziok1
足,ziok1
勺,ziok4
囑,ziok4
屬,ziok4
灼,ziok4
矚,ziok4
足,ziok4
酌,ziok4
粥,ziok4
將,ziong1
彰,ziong1
璋,ziong1
章,ziong1
終,ziong1
縱,ziong1
鍾,ziong1
鐘,ziong1
槳,ziong2
種,ziong2
掌,ziong2
獎,ziong2
眾,ziong3
種,ziong3
衆,ziong3
障,ziong3
將,ziong3
從,ziong5
執,zip4
縶,zip4
緝,zip4
唼,zip4
寂,zip8
集,zip8
輯,zip8
織,zit1
職,zit1
質,zit1
這,zit1
鯽,zit1
瘠,zit4
職,zit4
拓,zit4
這,zit4
即,zit4
桎,zit4
積,zit4
績,zit4
織,zit4
脊,zit4
質,zit4
鯽,zit4
疾,zit8
一,zit8
嫉,zit8
周,ziu1
州,ziu1
舟,ziu1
睭,ziu1
啾,ziu1
洲,ziu1
酒,ziu2
守,ziu2
帚,ziu2
咒,ziu3
蛀,ziu3
就,ziu7
鷲,ziu7
喌,ziuh4
斬,zna2
乍,zna3
㨻,zna7
載,znai2
指,znai2
爭,zne1
精,zne1
井,zne2
阱,zne2
諍,zne3
晴,zne5
靜,zne7
磚,zng1
粧,zng1
妝,zng1
庄,zng1
莊,zng1
裝,zng1
贓,zng1
指,zng2
鑽,zng3
從,zng5
旋,zng7
狀,zng7
臟,zng7
爭,zni1
精,zni1
晶,zni1
櫼,zni1
井,zni2
茈,zni2
搢,zni3
諍,zni3
箭,zni3
糋,zni3
晴,zni5
簷,zni5
錢,zni5
舐,zni6
舐,zni7
正,znia1
偝,znia1
精,znia1
汫,znia2
䭕,znia2
正,znia3
誠,znia5
情,znia5
成,znia5
章,zniu1
樟,zniu1
漳,zniu1
漿,zniu1
螿,zniu1
掌,zniu2
槳,zniu2
蔣,zniu2
醬,zniu3
裳,zniu5
上,zniu6
癢,zniu6
上,zniu7
癢,zniu7
煎,znua1
怎,znua2
盞,znua2
炸,znua3
榨,znua3
殘,znua5
泉,znua5
濺,znua6
濺,znua7
跩,znuai7
磚,znui1
鑽,znui3
全,znui5
旋,znui7
遭,zo1
慒,zo1
坐,zo2
左,zo2
造,zo2
早,zo2
棗,zo2
澡,zo2
藻,zo2
佐,zo3
做,zo3
灶,zo3
曹,zo5
皁,zo5
嘈,zo5
槽,zo5
艚,zo5
造,zo6
座,zo6
皂,zo6
坐,zo7
皁,zo7
座,zo7
皂,zo7
造,zo7
作,zoh1
作,zoh4
昨,zoh8
踖,zoh8
作,zok1
作,zok4
昨,zok8
濁,zok8
濯,zok8
族,zok8
粧,zong1
妝,zong1
宗,zong1
裝,zong1
樁,zong1
臧,zong1
莊,zong1
贓,zong1
蹤,zong1
總,zong2
壯,zong3
綜,zong3
粽,zong3
葬,zong3
崇,zong5
藏,zong5
傱,zong5
叢,zong5
琮,zong5
奘,zong6
狀,zong7
藏,zong7
臟,zong7
殂,zoo1
諏,zoo1
租,zoo1
組,zoo1
沮,zoo2
左,zoo2
組,zoo2
俎,zoo2
祖,zoo2
阻,zoo2
祚,zoo3
詛,zoo3
雛,zoo5
驟,zoo7
助,zoo7
兹,zu1
咨,zu1
孳,zu1
沮,zu1
茲,zu1
諸,zu1
書,zu1
朱,zu1
珠,zu1
硃,zu1
茱,zu1
主,zu2
子,zu2
渚,zu2
耔,zu2
煮,zu2
注,zu3
蛀,zu3
註,zu3
鑄,zu3
駐,zu3
慈,zu5
喌,zu5
薯,zu5
聚,zu6
住,zu7
柱,zu7
自,zu7
苴,zu7
紙,zua2
誰,zua5
蛇,zua5
誓,zua7
逝,zua7
泏,zuah1
泏,zuah4
差,zuah8
縒,zuah8
蚻,zuah8
跩,zuai6
專,zuan1
磚,zuan1
顓,zuan1
轉,zuan2
纂,zuan2
賺,zuan2
全,zuan5
泉,zuan5
撰,zuan6
雋,zuan6
饌,zuan6
泏,zuat1
拙,zuat4
泏,zuat4
絕,zuat8
最,zue3
做,zue3
贅,zue3
齊,zue5
摧,zue5
罪,zue7
濟,zue7
節,zueh1
泏,zuh1
椎,zui1
睢,zui1
錐,zui1
水,zui2
嘴,zui2
醉,zui3
誰,zui5
𠞩,zui5
悴,zui7
瘁,zui7
萃,zui7
誰,zui7
樽,zun1
尊,zun1
遵,zun1
諄,zun1
准,zun2
準,zun2
撙,zun2
峻,zun3
俊,zun3
圳,zun3
浚,zun3
濬,zun3
竣,zun3
顫,zun3
駿,zun3
存,zun5
前,zun5
船,zun5
蹲,zun5
捘,zun6
轉,zun7
陣,zun7
捘,zun7
卒,zut4
捽,zut8
朮,zut8
秫,zut8
子,zzi2
愈,zzi2
兒,zzi5
而,zzi5
二,zzi7
字,zzi7
貳,zzi7
膩,zzi7
餌,zzi7
遮,zzia1
惹,zzia2
跡,zziah1
跡,zziah4
弱,zziak8
箬,zziak8
若,zziak8
冉,zziam2
染,zziam2
苒,zziam5
髯,zziam5
剪,zzian2
然,zzian5
燃,zzian5
嚷,zziang2
壤,zziang2
瓤,zziang5
讓,zziang7
繞,zziao2
遶,zziao2
擾,zziao2
爪,zziao2
抓,zziao3
遶,zziao5
嬈,zziao5
皺,zziao5
蟯,zziao5
饒,zziao5
廿,zziap8
熱,zziat8
忍,zzim2
衽,zzim2
壬,zzim5
撏,zzim5
任,zzim5
任,zzim7
刃,zzim7
妊,zzim7
飪,zzim7
人,zzin5
仁,zzin5
仞,zzin7
認,zzin7
軔,zzin7
仍,zzing5
尿,zzio7
逐,zziok1
肉,zziok8
若,zziok8
辱,zziok8
弱,zziok8
搙,zziok8
攘,zziong2
戎,zziong5
攘,zziong5
絨,zziong5
讓,zziong7
緝,zzip4
入,zzip8
日,zzit8
揉,zziu5
柔,zziu5
蹂,zziu5
鰇,zziu5
汝,zzu2
女,zzu2
愈,zzu2
乳,zzu2
庾,zzu2
如,zzu5
揄,zzu5
洳,zzu5
挐,zzu5
俞,zzu5
儒,zzu5
孺,zzu5
愉,zzu5
榆,zzu5
渝,zzu5
濡,zzu5
瑜,zzu5
蠕,zzu5
逾,zzu5
喻,zzu7
裕,zzu7
諭,zzu7
偌,zzua6
熱,zzuah8
挼,zzue5
叡,zzue7
睿,zzue7
銳,zzue7
潤,zzun7
閏,zzun7
韌,zzun7
