㔂,ラヌ５,100
㘛,カ.ム５,100
㤉,ゲエ５,100
㧌,マウ⑴,100
㧎,ケ.エ５,100
㧒,ヒェッ４,100
㧣,|ツウ,100
㧻,トㇰ４,100
㨂,タン３,100
㨑,|サン,100
㨨,リウ５,100
㨪,ハィ⑷,100
㨻,|サア⑺,100
㴘,バウ７,100
㴙,|サ.ㇷ８,100
㷮,|サウ,100
㽎,シム３,100
㾀,キ.ァㇷ４,100
䀐,シァム,100
䆀,バイ２,100
䈄,ハム,100
䖙,テ.エ,100
䖙,テ.エ⑴,95
䖳,テ.エ７,100
䘥,カァ４,100
䘼,ン⑵,100
䘼,ウイ⑵,95
䠡,|セ.エ５,100
䢢,チ.ァン７,100
䫌,ポ.エ２,100
䫌,ペ.エ２,95
䫌,プ.イ２,90
䲅,クイ,100
一,チッ８,100
一,イッ４,95
丁,|チェン,100
七,チ.ッ４,100
七,チ.イ,95
丈,|チウ⑺,100
丈,|チォン７,95
丈,|ツン⑺,90
丈,|チヲ⑺,85
三,サア⑴,100
三,サム,95
三,サム３,90
三,サヌ,85
上,シォン７,100
上,チウ⑺,95
上,チ.ウ⑺,90
上,シァン７,85
上,シォン２,80
上,チ.ヲ⑺,70
上,チ.ウ７,65
上,チヲ⑺,60
下,エエ７,100
下,ハア７,95
下,エエ,90
下,ヘエ７,85
下,エエ⑴,80
下,エエ⑺,75
不,プッ４,100
不,プゥ４,95
丑,|チ.ウ２,100
丑,|チ.ウ⑵,95
且,チ.ア⑵,100
且,|セ.エ２,95
丕,ピ.イ,100
世,セエ３,100
世,シイ３,95
世,シイ２,90
丘,ク.ウ,100
丘,キ.ウ,95
丙,ピア⑵,100
丙,ピェン２,95
丞,シェン５,100
丟,|チウ,100
並,ピ.ェン７,100
並,ピェン７,95
个,エエ５,100
中,|チォン,100
中,|チォン３,95
中,|チェン３,90
中,|チェン,85
中,トン,80
串,|ソ.ァヌ３,100
串,ツ.ン⑶,95
丸,ヲァヌ５,100
丹,タヌ,100
主,ツウ２,100
主,チイ２,95
丼,トム５,100
乃,ナイ⑵,100
久,クウ２,100
久,キウ２,95
么,イヲ,100
之,チイ,100
乍,|サア⑶,100
乎,ホㇻ⑷,100
乏,ハッ８,100
乏,ホァッ８,95
乒,ピ.ヌ７,100
乓,ピァン３,100
乓,ポ.ン７,95
乖,コァイ,100
乘,シェン７,100
乘,シェン５,95
乙,イッ４,100
乜,ミイ⑵,100
九,カウ２,100
九,キウ２,95
乞,キ.ッ４,100
也,イア７,100
也,アア７,95
乩,キイ,100
乳,ルウ２,100
乳,ズウ２,95
乳,リイ２,90
乳,ジイ２,85
乳,ジイ⑵,80
乳,ギイ２,75
乾,コア⑴,100
乾,カヌ,95
乾,キ.ェヌ５,90
乾,タア,85
亂,ロァヌ７,100
亂,ラヌ７,95
了,リァウ２,100
予,ホオ７,100
予,ホヲ７,95
予,ホン７,90
事,スウ７,100
事,タイ７,95
二,ジイ７,100
二,リイ７,95
二,ギイ７,80
云,ウヌ５,100
互,ホオ７,100
五,ゴオ７,100
五,ゴオ⑵,95
井,|セエ⑵,100
井,チイ⑵,95
井,チェン２,90
亞,アア,100
亡,ボン５,100
亢,コ.ン３,100
交,カウ,100
交,カア,95
交,キァウ,90
交,カウ７,85
亥,ハイ７,100
亦,イェㇰ８,100
亨,ヒェン,100
享,ヒァン２,100
享,ヒォン２,95
京,キア⑴,100
京,キェン,95
亭,|チェン５,100
亮,リァン７,100
亮,リォン７,95
人,ラン５,100
人,ジヌ５,95
人,リヌ５,90
人,ン⑸,80
人,ギヌ５,75
仁,ジヌ５,100
仁,リヌ５,95
仁,リヌ,90
仁,ギヌ５,85
仃,|チェン,100
仄,|セェ４,100
仄,チェㇰ４,95
仆,パ.ㇰ４,100
仇,シウ５,100
仇,キウ５,95
今,キヌ,100
今,タア⑴,95
今,キム,90
介,カイ３,100
仔,アア２,100
仔,アァ４,90
仔,ツウ２,85
仕,スウ７,100
他,タ.ア⑴,100
他,タア,95
他,タ.ア,90
仗,|チォン７,100
仗,|チァン７,95
付,フウ３,100
仙,シェヌ,100
仙,シェヌ２,95
仙,チ.ェヌ,90
仙,|サ.ヌ,85
仝,カン７,100
仝,カン５,95
仟,チ.ェヌ,100
代,タイ７,100
代,タイ３,95
代,テエ７,90
代,テエ３,85
令,リェン７,100
令,リェン５,95
以,イイ２,100
仰,ギォン２,100
仰,イォン２,95
仲,|チォン７,100
仵,ゴオ⑵,100
件,キア⑺,100
任,ジム７,100
任,リム７,95
任,ジム５,90
任,リム５,85
份,フヌ７,100
份,フヌ,95
仿,ホン２,100
企,キ.イ３,100
伊,イイ,100
伊,イイ７,90
伍,ゴオ⑵,100
伏,ホㇰ８,100
伐,ホァ８,100
伐,ホァッ８,95
伐,ホア７,90
休,ヒウ,100
伙,ホエ２,100
伙,ヘエ２,95
伨,|チ.ヌ７,100
伯,ペェ４,100
伯,ピッ４,95
伯,ピ.ェㇰ４,90
伯,ピェㇰ４,85
估,コオ２,100
伴,ポ.ア⑺,100
伴,ポ.ァヌ７,95
伶,リェン２,100
伶,リェン５,95
伸,ツ.ヌ,100
伸,シヌ,95
伸,ツ.ン⑴,90
伻,ペ.エ⑴,100
似,サイ７,100
似,スウ７,95
佃,|チェヌ７,100
但,ナア⑺,100
但,タヌ７,95
但,ニア⑺,90
佇,|チイ７,100
佇,|ツウ７,95
佈,ポオ３,100
位,ウイ７,100
低,ケエ７,100
低,テエ,95
住,ツウ７,100
佐,|ソヲ３,100
佑,イウ７,100
佔,チァム３,100
何,ホヲ５,100
何,ヲア５,95
佗,トヲ２,100
佗,トㇻ４,95
佗,タア２,90
佗,タァ４,85
佗,|チㇻ８,80
佘,シア５,100
余,イイ５,100
余,ウウ５,95
佛,フッ８,100
佛,プッ８,95
作,|ソㇰ４,100
作,|ソㇻ４,95
佟,トン５,100
你,リイ２,100
你,ルウ２,90
佩,ポエ７,100
佩,ポ.エ３,95
佬,ラウ２,100
佬,ロヲ２,95
佮,カァ４,100
佮,カㇷ４,95
佯,テエ⑶,100
佯,|チイ⑶,95
佳,カア,100
佳,カ.ア,95
佳,カイ,90
併,ピェン３,100
使,サイ２,100
使,スウ２,95
使,サイ３,90
使,スウ３,85
使,サィ４,80
使,シァ４,75
來,ライ５,100
來,ライ,90
例,レエ７,100
侍,サイ７,100
侍,スウ７,95
侍,シイ７,90
侏,ツウ,100
侖,ルヌ５,100
侗,トン３,100
供,キェン,100
供,キォン,95
供,キェン３,90
依,イイ,100
侮,ブウ２,100
侯,ホオ５,100
侯,ハウ５,95
侯,カウ５,90
侵,チ.ム,100
侷,キォㇰ８,100
侹,|チ.ア⑺,100
便,ピェヌ７,100
便,パヌ５,95
係,ヘエ７,100
促,チ.ェㇰ４,100
促,チ.ォㇰ４,95
俄,ゴオ⑸,100
俄,ゴヲ５,95
俊,ツヌ３,100
俍,ラン７,100
俏,チ.ヲ,100
俏,チ.ァウ３,95
俐,リイ７,100
俗,シォㇰ８,100
俗,シㇻ８,95
俗,シォㇰ４,90
俘,フウ,100
俚,リイ２,100
保,ポヲ２,100
俞,ルウ５,100
俞,ズウ５,95
俞,ジイ５,90
俠,キァㇷ４,100
信,シヌ３,100
修,シウ,100
俯,フウ２,100
俱,ク.ウ７,100
俳,パイ,100
俳,パイ５,95
俸,ホン７,100
俺,アヌ２,100
倆,リォン２,100
倉,ツ.ン⑴,100
倉,|ソ.ン,95
個,コヲ３,100
個,コヲ５,95
個,コオ２,90
個,カイ⑸,85
倌,コア⑴,100
倍,ポエ７,100
倍,ペエ７,95
倏,ソア７,100
倒,トヲ３,100
倒,トヲ２,95
倒,ト.ㇻ８,90
倒,タウ２,80
倖,ヒェン７,100
倖,シェン７,95
候,ハウ７,100
候,ヒヲ７,95
倚,ヲア２,100
倚,イイ２,95
借,チㇻ４,100
借,チア３,95
倡,チ.ォン３,100
倡,チ.ォン,95
倦,コァヌ７,100
倩,チ.ア⑶,100
倪,ゲエ５,100
倫,ルヌ５,100
倭,エエ,100
倯,ソン５,100
值,タッ８,100
值,|チッ８,95
偃,イェヌ２,100
假,ケエ２,100
假,カア２,95
假,カア３,90
假,ケエ３,85
偈,キ.イ３,100
偉,ウイ２,100
偌,ゴア７,100
偌,ゾア７,95
偌,ロア７,90
偏,ピ.ェヌ,100
偏,ピ.イ⑴,95
偓,オオ３,100
偕,カイ,100
做,|ソヲ３,100
做,|ソエ３,95
停,|チ.ェン５,100
偝,アイ⑺,100
偝,イァン７,95
偝,アン７,90
健,キェヌ７,100
健,キア⑺,95
側,チ.ェㇰ４,100
偵,チェン,100
偶,ゴオ⑵,100
偷,タ.ウ,100
偽,グイ７,100
傀,カア,100
傀,ク.イ２,95
傅,フウ７,100
傅,ポオ３,95
傍,プン⑺,100
傍,ポン７,95
傑,キェッ８,100
傘,ソア⑶,100
傘,サヌ３,95
備,ピイ７,100
催,ツ.イ,100
傱,|ソン５,100
傲,ゴオ⑺,100
傳,ト.ァヌ５,100
傳,|ツ.ン⑸,95
傳,トァヌ７,90
傳,トァヌ５,85
傳,|ツ.イ⑸,80
傳,|ツン⑸,75
債,|セエ３,100
傷,シウ⑴,100
傷,シォン,95
傷,シヲ⑴,90
傾,キ.ェン,100
僆,ノア⑺,100
僆,ロア７,95
像,チ.ウ⑺,100
像,シォン７,95
像,チ.ヲ⑺,90
僑,キァウ５,100
僕,ポㇰ８,100
僚,リァウ５,100
僥,ヒァウ,100
僧,チェン,100
僧,シェン,95
僫,ヲㇻ４,100
僭,チァム３,100
僭,チ.ァム３,95
僮,トン５,100
僱,コオ３,100
僵,キ.ォン,100
價,ケエ３,100
價,カア３,95
僻,ピ.ァ４,100
儀,ギイ５,100
億,イェㇰ４,100
儉,キ.ァム７,100
儑,ガム７,100
儒,ルウ５,100
儒,ズウ５,95
儘,チヌ７,100
儘,チヌ２,95
償,シォン５,100
償,シォン２,95
儡,レエ２,100
優,イウ,100
儱,ラン２,100
儲,|ツウ５,100
儳,サム５,100
儳,サム７,95
儷,レエ７,100
儸,ロヲ５,100
儼,ギァム２,100
允,イヌ２,100
允,ウヌ２,95
元,ゴァヌ５,100
兄,ヒア⑴,100
兄,ヒェン,95
充,チ.ォン,100
兆,|チァウ７,100
兇,ヒォン,100
先,シェン,100
先,シェヌ,95
先,シヌ,90
光,コン,100
光,クン⑴,95
光,クイ⑴,90
克,キ.ェㇰ４,100
兌,|ツイ７,100
兌,トエ７,95
兌,トエ５,90
免,ビェヌ２,100
兒,ジイ５,100
兒,リイ５,95
兔,ト.オ３,100
兜,タウ,100
入,ジㇷ８,100
入,リㇷ８,95
內,ライ７,100
內,ロエ７,95
全,|ソァヌ５,100
全,ツン⑸,95
全,ツイ⑸,90
兩,ヌン⑺,100
兩,リォン２,95
兩,ニウ⑵,90
兩,ニオ⑵,85
八,ペェ４,100
八,パッ４,95
八,ポェ４,90
八,パア,85
公,コン,100
公,カン,95
公,カン２,90
公,キェン,85
六,ラㇰ８,100
六,リォㇰ８,95
共,カア７,100
共,カン７,95
共,キォン７,90
兵,ピェン,100
其,キイ５,100
具,クウ７,100
具,ク.ウ７,95
典,|チェヌ２,100
兼,キァム,100
冇,パ.ア⑶,100
冊,|セ.ェ４,100
冊,チ.ェㇰ４,95
再,|サイ３,100
冒,モオ⑺,100
冗,リォン７,100
冗,リェン７,95
冠,コァヌ,100
冠,コァヌ３,95
冤,ヲァヌ,100
冥,ビェン５,100
冬,タン,100
冬,トン,95
冰,ピェン,100
冰,ピヌ,95
冶,イア２,100
冷,リェン２,100
准,ツヌ２,100
凊,チ.ヌ３,100
凊,チ.ェン３,95
凊,チ.イ３,90
凋,|チァウ,100
凌,リェン５,100
凍,タン３,100
凍,トン３,95
凜,リム２,100
凝,ギェン５,100
凡,ホァヌ５,100
凡,ホァヌ７,95
凡,ハヌ７,90
凰,ホン５,100
凱,カ.イ２,100
凱,ケエ,95
凶,ヒォン,100
凶,ヒェン,95
凸,|ツッ８,100
凹,ナァ⑷,100
凹,ネェ⑷,95
凹,アウ７,90
凹,ラㇷ４,85
出,ツ.ッ４,100
出,ツッ４,90
函,ハム５,100
刀,トヲ,100
刁,|チァウ,100
刁,|チ.ァウ,95
刃,ジム７,100
分,フヌ,100
分,プヌ,95
分,フヌ７,90
切,チ.ェッ４,100
切,|セ.エ３,95
切,キ.ッ８,90
刊,カ.ヌ,100
刎,ブヌ２,100
刐,タイ⑵,100
刐,タヌ２,95
刑,ヒェン５,100
划,コヲ３,100
列,リェッ８,100
刜,プ.ッ４,100
初,|ソ.オ,100
初,|セ.エ,95
初,|ソ.エ,90
刣,タ.イ５,100
判,ポ.ア⑶,100
別,パッ８,100
別,ピェッ８,95
利,リイ７,100
利,ライ７,95
刪,サヌ,100
刮,ケ.エ,100
刮,コェ４,95
刮,コァッ４,90
刮,クィ４,85
到,カウ３,100
到,タウ３,95
到,トヲ３,90
制,|セエ３,100
刷,ソァッ４,100
券,コァヌ３,100
券,クン⑶,95
刺,チ.ァ４,100
刺,チ.イ３,95
刻,キ.ェㇰ４,100
剁,トㇰ４,100
剃,|チ.イ３,100
剃,テ.エ３,95
則,チェㇰ４,100
剉,|ソ.ヲ３,100
削,シァ４,100
削,シェッ４,95
剋,キ.ェㇰ４,100
剌,ロァ８,100
剌,ラッ８,95
前,チェン５,100
前,チェヌ５,95
前,ツヌ５,90
前,ツウ７,85
前,|サイ⑸,80
前,|サヌ５,75
剔,タ.ㇰ４,100
剔,|チ.ェㇰ４,95
剖,ポ.オ２,100
剛,コン,100
剝,パㇰ４,100
剝,ポㇰ４,95
剩,シォン７,100
剩,シェン７,95
剩,シヌ７,90
剪,チェヌ２,100
副,フウ３,100
割,コァ４,100
割,カッ４,95
創,|ソ.ン３,100
創,|ソ.ン,95
剷,ト.ア⑵,100
剺,レェ８,100
剺,リイ３,95
剾,カ.ウ,100
剿,|サウ５,100
劃,ヲェ８,100
劃,ウィ８,95
劃,イェㇰ８,90
劃,ヲエ７,85
劇,キォㇰ８,100
劇,キェㇰ８,95
劈,ピ.ェㇰ４,100
劉,ラウ５,100
劌,クイ３,100
劍,キァム３,100
劑,|セエ,100
劑,|セエ３,95
力,リェㇰ８,100
力,ラッ８,95
力,リイ２,90
功,コン,100
功,カン,95
加,ケエ,100
加,カア,95
劣,ロァッ８,100
助,|ソオ７,100
努,ロオ２,100
劫,キァㇷ４,100
勁,キェン７,100
勁,キェン３,95
勁,ゲエ⑺,90
勃,プッ８,100
勇,イォン２,100
勉,ビェヌ２,100
勍,キ.ァン,100
勒,リェㇰ４,100
勒,リェㇰ８,95
動,トン７,100
動,タン７,95
動,タ.ム７,90
勘,カ.ム,100
勘,カ.ム３,95
務,ブウ７,100
勝,シェン３,100
勝,シェン,95
勞,ロヲ５,100
勞,ロオ２,95
勞,ロヲ７,90
勞,ロオ５,85
募,ボオ７,100
勢,セエ３,100
勢,シイ３,95
勤,キ.ヌ５,100
勤,ク.ヌ５,95
勥,キ.ァン３,100
勳,フヌ,100
勵,レエ７,100
勸,ク.ン⑶,100
勸,コ.ァヌ３,95
勸,ク.イ⑶,90
勺,シァ８,100
勻,ウヌ５,100
勻,イェヌ５,95
勼,キウ,100
勾,カウ,100
勿,ブッ８,100
包,パウ,100
包,パウ５,95
匆,|ソ.ン,100
匏,プウ５,100
化,ホア３,100
化,ホア,95
北,パㇰ４,100
北,ポㇰ４,95
匙,シイ５,100
匠,チ.ウ⑺,100
匠,チ.ヲ⑺,95
匡,コ.ン,100
匪,フイ２,100
匯,ホエ７,100
匯,ホエ５,95
匹,ピ.ッ４,100
匼,カ.ㇷ４,100
匾,ピェヌ２,100
匿,リェㇰ８,100
區,ク.ウ,100
區,オオ,95
區,チ.イ７,90
十,|サㇷ８,100
十,シㇷ８,95
千,チ.ェヌ,100
千,チ.ェン,95
升,シェン,100
升,チヌ,95
午,ゴオ⑵,100
午,ゴオ７,95
半,ポア⑶,100
半,ポァヌ３,95
半,ピェヌ３,90
卌,シァㇷ４,100
卑,ピイ,100
卒,ツッ４,100
卓,トㇻ４,100
卓,トㇰ４,95
卓,タア２,90
協,ヒァㇷ８,100
協,ハァ８,95
南,ラム５,100
博,ポ.ㇰ４,100
卜,ポㇰ４,100
卜,ポㇻ４,95
占,チァム３,100
占,チァム,95
卡,カ.ァ４,100
卡,カ.ァ８,95
卡,カ.ア２,90
卦,コア３,100
卯,マゥ⑷,100
卯,バウ２,95
印,イヌ３,100
危,グイ５,100
危,ウイ５,95
危,フイ５,90
危,ルイ５,85
即,チェㇰ４,100
卵,ヌン⑺,100
卵,ロァヌ２,95
卵,ヌイ⑺,90
卷,クン⑵,100
卷,コァヌ３,95
卷,クン⑶,90
卷,クイ⑵,85
卸,シア３,100
卹,スッ４,100
卻,キ.ォㇰ４,100
卿,キ.ェン,100
厄,エェ４,100
厘,リイ５,100
厚,カウ７,100
厚,ホオ７,95
厚,ヒヲ７,90
厝,ツ.ウ３,100
厝,リァウ５,95
原,ゴァヌ５,100
原,ヲァヌ５,95
厭,イア３,100
厭,イェヌ３,95
厲,リイ７,100
厲,レエ７,95
去,キ.イ３,100
去,キ.イ,90
去,ク.ウ３,85
參,|サ.ム,100
參,シム,95
參,ソム,90
參,サム,85
參,ソン,80
又,イウ７,100
叉,|セ.エ,100
及,キㇷ８,100
友,イウ２,100
反,ホァヌ２,100
反,ピェン２,95
反,パイ⑵,90
反,プイ⑵,85
反,パヌ２,80
叔,チェㇰ４,100
叔,シォㇰ４,95
取,ツ.ウ２,100
受,シウ７,100
受,シウ⑺,95
叛,ポァヌ７,100
叡,ロエ７,100
叡,ゾエ７,95
叢,|サン５,100
叢,|ソン５,95
口,カ.ウ２,100
口,カウ２,95
口,キ.ヲ２,90
古,コオ２,100
句,クウ３,100
另,リェン７,100
叨,ロヲ,100
叨,ト.ヲ,95
叨,ルウ,90
叩,カ.ウ３,100
叩,キ.ヲ３,95
只,チイ２,100
叫,キヲ３,100
召,|チァウ３,100
叭,パァ４,100
叮,|チェン３,100
叮,|チェン,95
可,コ.ヲ２,100
可,コ.ア２,95
可,コ.オ２,90
可,コ.オ,85
可,コ.ヲ⑵,80
台,タイ５,100
叱,チ.ッ４,100
叱,チ.ィ８,95
史,スウ２,100
史,サイ２,95
右,イウ７,100
司,シイ,100
司,サイ,95
司,スウ,90
各,コㇰ４,100
各,コㇻ４,95
合,ハㇷ８,100
合,ハァ８,95
合,カㇷ４,90
合,カァ４,85
吉,キェッ４,100
吉,ジイ３,95
吊,|チァウ３,100
吋,ツ.ヌ３,100
同,トン５,100
同,タン５,95
名,ミア⑸,100
名,ビェン５,95
后,ヒヲ７,100
后,アウ７,95
后,ホオ７,90
吏,リイ７,100
吐,ト.オ２,100
吐,ト.オ３,95
向,ヒォン３,100
向,ン⑶,95
向,ヒア⑶,90
向,ヒァン３,85
向,アア⑶,80
吒,チ.ア,100
君,クヌ,100
吝,リヌ７,100
吞,|ツ.ヌ,100
吟,ギム５,100
吠,プイ７,100
吠,フイ７,95
否,ホヲ⑵,100
否,ピ.イ２,95
否,ホオ２,90
吧,パア,100
吩,ホァヌ,100
吩,フヌ,95
吪,ヲヲ,100
吪,ヲヲ５,95
含,カム５,100
含,ハム５,95
含,カア⑸,90
吭,コ.ン７,100
吭,ク.ン⑷,95
吮,ツ.ン⑵,100
吮,ツイ⑺,95
吮,ツン⑺,90
吱,キイ,100
吳,ゴオ⑸,100
吳,ゴオ５,95
吵,|サ.ア２,100
吵,|サ.ウ２,95
吶,ナア⑺,100
吸,キ.ㇷ４,100
吸,キ.ㇷ８,95
吸,ヒァㇷ４,90
吹,|ソ.エ,100
吹,|セ.エ,95
吹,ツ.イ,90
吻,ブヌ２,100
吼,ハウ２,100
吼,ハゥ⑻,95
吾,ゴオ⑸,100
呂,ルウ７,100
呂,リイ７,95
呃,エェ４,100
呃,エエ３,95
呆,タイ,100
呈,|チ.ェン５,100
呈,|チェン５,95
告,コヲ３,100
呔,タ.イ３,100
呔,タ.ァ４,95
呢,ネエ⑴,100
呢,ニイ⑸,95
呢,ネェ⑷,90
呢,ニィ⑷,85
呢,ニイ⑵,80
呢,ニイ⑴,75
呧,|チイ,100
周,チウ,100
呱,コア７,100
呱,コァㇰ８,95
呱,コァッ８,90
呱,コㇷ４,85
呲,ツ.ウ７,100
味,ビイ７,100
呴,クウ,100
呵,ヲヲ,100
呵,ハア,95
呸,プ.イ３,100
呺,ハウ,100
呻,|サ.ヌ,100
呻,シヌ,95
呼,ホオ,100
呼,コ.オ,95
呼,ホヲ⑴,90
命,ミア⑺,100
命,ビェン７,95
呾,タア⑶,100
呿,ク.ゥ４,100
咁,カム７,100
咂,|サㇷ８,100
咇,ピ.ィ８,100
和,ホヲ５,100
和,ホエ５,95
和,ハム７,90
和,ホヲ７,85
和,ヘエ５,80
和,ハム５,75
咍,ハイ,100
咎,キウ７,100
咐,フウ３,100
咑,タア７,100
咑,タァ４,95
咒,チウ３,100
咕,クウ７,100
咕,コオ,95
咕,クウ２,90
咖,カア,100
咧,テェ４,100
咧,レェ４,95
咧,|チィ４,85
咧,リィ４,80
咧,レエ５,75
咩,メェ⑷,100
咪,ビイ５,100
咪,ミイ⑴,95
咪,ビイ,90
咪,ミイ⑸,85
咪,ビイ９,80
咫,チイ２,100
咬,カア７,100
咬,ガウ⑵,95
咯,コㇰ８,100
咯,カ.ㇰ８,95
咯,ロㇰ８,90
咯,コㇰ４,85
咱,ラヌ２,100
咱,|サア,95
咳,カア,100
咳,カ.ア,95
咸,ハム５,100
咻,ヒウ,100
咽,イェヌ,100
咾,ロヲ２,100
哀,アイ,100
品,ピ.ヌ２,100
哆,トヲ,100
哈,ハア,100
哈,ハァ４,95
哈,ハア２,90
哈,ハア７,85
哈,ハァ８,80
哉,|サイ３,100
哉,|サイ,95
哎,アイ,100
哎,アィ４,95
哖,ニイ⑸,100
員,ヲァヌ５,100
員,イイ⑸,95
員,ゴァヌ５,90
哥,コヲ,100
哥,コㇻ４,95
哦,ヲヲ⑺,100
哦,ヲヲ⑵,95
哨,シァウ３,100
哨,サウ３,95
哩,リイ,100
哩,リイ２,95
哩,マイ⑴,90
哩,リィ４,85
哪,ナア⑵,100
哪,ナア⑶,95
哪,ロヲ５,90
哭,カ.ウ３,100
哮,ハウ３,100
哱,プ.ウ７,100
哲,|チェッ４,100
哲,|チ.ェッ４,95
哹,プウ,100
哺,ポオ７,100
哺,コヲ,95
哺,コオ,90
哼,ハイ⑴,100
哼,フン⑷,95
哼,フム⑷,85
哽,ケエ⑵,100
哽,キイ⑵,95
哽,ケエ５,90
唅,ハァ⑷,100
唆,ソヲ７,100
唆,ソヲ,95
唇,|ツヌ５,100
唇,スヌ５,95
唉,ハィ４,100
唌,シア⑸,100
唏,ヒイ３,100
唐,|ツン⑸,100
唐,トン５,95
唔,ヲヲ⑴,100
唚,チム,100
唧,チェㇰ４,100
唬,ホオ２,100
唭,キイ３,100
唭,キイ,95
售,シウ７,100
唯,ビイ５,100
唯,ウイ５,95
唯,ビイ７,90
唱,チ.ウ⑶,100
唱,チ.ァン３,95
唱,チ.ォン３,90
唱,チ.ヲ⑶,85
唷,イㇻ４,100
唸,リァム７,100
唾,ト.ヲ３,100
唿,フッ４,100
啄,トㇰ４,100
啄,テェ４,95
商,シォン,100
商,イイ⑸,95
啉,リム,100
啊,アァ４,100
啊,アア,90
問,ムン⑺,100
問,ブヌ７,95
問,ムイ⑺,90
啖,タム７,100
啖,タム,95
啞,エエ２,100
啞,アア２,95
啞,エエ⑵,90
啟,ケ.エ２,100
啡,ピイ,100
啤,ピイ５,100
啥,シア⑵,100
啥,サア⑵,95
啥,シァ⑷,90
啥,サァ⑷,85
啦,ラァ４,100
啼,|チ.イ５,100
啼,テ.エ５,95
啾,チ.ウ⑶,100
喀,ケ.ェ⑻,100
喀,ケ.ェ⑷,95
喁,グウ７,100
喂,ヲエ５,100
喂,ヲェ４,95
喂,エェ４,90
喃,ナゥ⑷,100
善,シェヌ７,100
喆,チェッ４,100
喇,ラア２,100
喈,カイ⑴,100
喉,アウ５,100
喊,ヒァム３,100
喊,ハヌ２,95
喋,|チ.ィ８,100
喋,サァ４,95
喌,チゥ４,100
喌,ツウ５,95
喌,ツウ９,90
喌,ツウ,85
喎,ヲア,100
喑,イイ⑶,100
喓,イァウ⑴,100
喔,オォ４,100
喔,ヲㇻ４,95
喔,オㇷ４,85
喘,|ソ.ァヌ２,100
喙,ツ.イ３,100
喚,ホァヌ３,100
喜,ヒイ２,100
喝,ホァ４,100
喝,ハッ４,95
喝,ハア２,90
喢,サァ⑷,100
喧,ソァヌ,100
喨,リァン,100
喪,ソン,100
喪,ソン３,95
喪,スン⑴,90
喬,キァウ５,100
單,トア⑴,100
單,タヌ,95
喲,イヲ７,100
喳,|サ.ア７,100
喵,ミァウ⑴,100
喵,ニァウ⑴,95
喵,ギァウ⑴,90
喻,ズウ７,100
喻,ルウ７,95
嗄,サア３,100
嗄,サァ４,95
嗆,チ.ォン,100
嗇,シェㇰ４,100
嗇,シァ４,95
嗑,カ.ㇷ４,100
嗔,チヌ,100
嗕,ガゥ⑷,100
嗕,ナゥ⑷,95
嗙,ポン３,100
嗙,プ.ン⑷,95
嗚,オオ,100
嗚,ヲヲ⑴,95
嗝,ケェ４,100
嗣,スウ７,100
嗣,スウ５,95
嗤,チ.イ,100
嗤,チ.ィ８,95
嗦,ソヲ,100
嗨,ハィ８,100
嗨,ハイ２,95
嗲,テェ４,100
嗲,テエ,95
嗷,ヲヲ５,100
嗷,ヲㇻ４,95
嗷,ウゥ４,90
嗷,アウ５,85
嗹,リェヌ５,100
嗹,リェヌ,95
嗺,スイ,100
嗽,サウ３,100
嗾,|サㇰ８,100
嘆,タ.ヌ３,100
嘈,|サ.ゥ８,100
嘈,|ソヲ７,95
嘉,カア,100
嘉,カア７,95
嘎,キ.ァㇰ８,100
嘐,ハウ,100
嘓,ゴㇰ８,100
嘓,コㇰ８,95
嘓,コ.ㇰ８,90
嘓,コㇰ４,85
嘓,コ.ㇰ４,80
嘔,アウ２,100
嘔,オオ２,95
嘖,|セ.ェ４,100
嘗,シォン５,100
嘛,マア⑺,100
嘛,マア⑶,95
嘛,マァ⑷,90
嘟,|ツウ７,100
嘩,ホア７,100
嘩,ホア,95
嘮,ロヲ,100
嘯,シァウ３,100
嘰,キイ,100
嘵,ヒァウ,100
嘹,リァウ５,100
嘻,ヒイ,100
嘿,ヘェ４,100
嘿,ヘエ⑺,90
嘿,ヘェ⑷,85
嘿,ヒァウ３,80
嘿,ヘエ⑶,75
噁,ヲヲ⑶,100
噍,タア,100
噎,ウゥ４,100
噎,アㇷ４,95
噓,シイ,100
噓,スッ８,95
噓,スウ７,90
噓,スウ,85
噗,ポ.ㇰ８,100
噗,ポ.ㇰ４,95
噗,ポㇰ４,90
噢,アゥ８,100
噢,アゥ４,95
噤,キ.ウ⑺,100
噤,キ.ヲ⑺,95
噤,キム３,90
器,キ.イ３,100
器,ヒイ３,95
噪,|ソ.ヲ３,100
噪,ソㇻ４,95
噪,ソヲ３,90
噬,セエ７,100
噭,キァウ３,100
噯,アイ３,100
噯,アィ４,95
噴,プ.ヌ３,100
噶,カッ４,100
噷,フム⑻,100
噸,トン３,100
噸,|ツヌ３,95
噹,タン,100
噼,ピァ４,100
嚀,リェン５,100
嚆,ヲヲ５,100
嚇,ヒァ⑷,100
嚇,ヘェ４,95
嚇,ハア⑵,90
嚇,ヒェㇰ４,85
嚇,ヘェ⑷,80
嚇,ヘエ７,75
嚎,ホヲ５,100
嚓,チ.ァㇰ８,100
嚙,ゲエ３,100
嚨,ナア⑸,100
嚨,ロン５,95
嚨,リォン５,90
嚮,ヒォン３,100
嚴,ギァム５,100
嚵,|サ.ア⑶,100
嚶,イイ⑴,100
嚶,イイ⑶,95
嚷,ジァン２,100
嚷,リォン２,95
嚷,ジォン２,90
嚷,ギォン２,85
嚷,ギァン２,80
嚾,ヲァン,100
囂,ヒァウ,100
囂,ヒア,95
囉,ロヲ,100
囉,ロヲ５,95
囉,ロヲ７,90
囉,ロォ４,85
囉,ロㇻ４,75
囉,オォ４,70
囊,ロン５,100
囊,ロン,95
囊,ロム５,90
囑,チォㇰ４,100
囚,シウ５,100
囚,シウ⑸,95
四,シイ３,100
四,スウ３,95
囝,キア⑵,100
囝,カア⑵,95
回,ホエ５,100
回,ヘエ５,95
囟,シヌ３,100
因,イヌ,100
囡,ギヌ２,100
囤,|ツヌ２,100
囥,ク.ン⑶,100
囫,フッ４,100
囮,ボエ５,100
困,ク.ヌ３,100
囷,ク.ヌ５,100
固,コオ３,100
圃,ポ.オ２,100
圇,ルヌ５,100
圇,ルヌ,95
圇,ン⑸,90
圇,ヌン⑸,85
圇,ヌイ⑸,80
圈,キ.ェヌ,100
圈,コ.ァヌ,95
圈,コ.ァヌ５,90
國,コㇰ４,100
圍,ウイ５,100
圍,ウウ５,95
圍,イウ５,90
園,フン⑸,100
園,ヲァヌ５,95
園,フイ⑸,90
圓,イイ⑸,100
圓,ヲァヌ５,95
圖,トオ５,100
團,ト.ァヌ５,100
圜,ホァヌ５,100
土,ト.オ２,100
土,ト.オ５,95
在,|サイ７,100
圭,クイ,100
地,テエ７,100
地,トエ７,95
地,テエ３,90
地,|チイ７,85
地,リイ７,80
圳,ツヌ３,100
圾,サㇷ４,100
址,チイ２,100
坂,パヌ２,100
均,キヌ,100
均,クヌ,95
坉,|ツ.ヌ７,100
坊,ホン,100
坊,フン⑴,95
坌,フヌ,100
坎,カ.ム２,100
坎,ガム２,95
坎,カ.ム,90
坐,|セエ７,100
坐,|セ.エ７,95
坐,|ソヲ７,90
坑,ケ.エ⑴,100
坑,キ.イ⑴,95
坑,キ.ェン,90
坑,ケ.エ,85
坡,ポ.ヲ,100
坤,ク.ヌ,100
坦,タ.ヌ２,100
坦,タ.ア⑵,95
坩,カ.ア⑴,100
坪,ペエ⑸,100
坪,ピイ⑸,95
坪,ピ.ア⑸,90
坪,ピ.ェン５,85
坪,ピェン５,80
坪,ピ.イ⑸,75
坪,ペ.エ⑸,70
坯,ポ.エ,100
坯,ペ.エ,95
坱,イェン,100
坵,ク.ウ,100
坵,キ.ウ,95
坷,キ.ェッ８,100
垂,スイ５,100
垂,ソエ５,95
垂,セエ５,90
垃,ラァ４,100
垃,ラア５,95
垃,ラㇷ４,90
型,ヒェン５,100
垢,カウ２,100
垣,ヲァヌ５,100
垺,プウ５,100
垺,プ.ウ５,95
埃,イア,100
埃,アイ,95
埆,カㇰ４,100
埆,カッ４,95
埋,タイ５,100
埋,バイ５,95
城,シア⑸,100
城,シェン５,95
埒,ロァ８,100
埔,ポオ,100
埕,|チア⑸,100
域,ヒェㇰ８,100
域,イェㇰ８,95
埠,ポオ,100
埠,ポオ７,95
埤,ピイ,100
執,チㇷ４,100
培,ポエ５,100
培,ポエ７,95
基,キイ,100
基,ケエ,95
埽,ソヲ３,100
堀,ク.ッ４,100
堂,|ツン⑸,100
堂,トン５,95
堅,キェヌ,100
堆,|ツイ,100
堊,オㇰ４,100
堡,ポヲ２,100
堤,テ.エ５,100
堪,カ.ム,100
堯,ギァウ５,100
報,ポヲ３,100
場,|チウ⑸,100
場,チ.ァン５,95
場,アア２,90
場,|チヲ⑸,85
堵,トオ２,100
塊,テエ３,100
塊,コ.ァイ３,95
塌,タ.ㇷ４,100
塌,ラㇷ４,95
塌,ラㇷ８,90
塑,ソㇰ４,100
塔,タ.ァ４,100
塔,|サ.ァ４,95
塗,ト.オ５,100
塗,トオ５,95
塗,ト.ヲ５,90
塘,|ツン⑸,100
塘,トン５,95
塚,|チ.ォン２,100
塞,サッ４,100
塞,サイ３,95
填,|チ.ァム７,100
塭,ウヌ３,100
塵,|チヌ５,100
塹,|サム７,100
塹,|サ.ム３,95
塾,シォㇰ８,100
境,キェン２,100
墈,カ.ム３,100
墊,|チァム７,100
墓,ボン７,100
墓,ボオ７,95
墓,バン７,90
墘,キイ⑸,100
墜,|ツイ７,100
增,チェン,100
墟,ヒイ,100
墨,バㇰ８,100
墨,ビェㇰ８,95
墩,|ツヌ,100
墮,|ツイ７,100
墳,プ.ヌ５,100
墳,フヌ５,95
墼,カッ４,100
墼,カㇰ４,95
墾,ク.ヌ２,100
壁,ピァ４,100
壁,ピェㇰ４,95
壁,ピ.ェㇰ４,90
壅,イェン３,100
壇,トア⑸,100
壇,タヌ５,95
壓,アㇷ４,100
壓,アァ４,95
壕,ホヲ５,100
壘,ルイ２,100
壙,コ.ン３,100
壚,ロオ５,100
壞,ホァイ７,100
壞,ハイ７,95
壟,ロン２,100
壟,ラン５,95
壟,ラン,90
壟,リォン２,85
壢,リェㇰ８,100
壤,ジォン２,100
壩,パア３,100
壩,ペエ３,95
士,スウ７,100
壬,ジム５,100
壬,リム５,95
壬,リム７,90
壬,ジム７,85
壯,|ソン３,100
壹,イッ４,100
壺,オオ５,100
壺,ホオ５,95
壽,シウ７,100
夏,ハア７,100
夏,ヘエ７,95
夕,シァ８,100
夕,シェㇰ８,95
外,ゴア７,100
外,ゴエ７,95
多,トヲ,100
多,カㇰ４,95
夜,イア７,100
夠,カウ３,100
夢,バン７,100
夢,ボン７,95
夥,ホエ２,100
夥,ヘエ２,95
大,トア７,100
大,タイ７,95
大,タア,90
大,タ.イ２,85
大,タア２,80
天,|チ.イ⑴,100
天,|チ.ェヌ,95
太,タ.イ３,100
太,タ.ア７,95
太,タイ７,90
太,タ.イ７,85
夫,フウ,100
夭,イァウ２,100
央,イァン,100
央,ン⑴,95
央,イォン,90
央,イェン,85
夯,ギア５,100
夯,キア５,95
夯,ギァ８,90
失,シッ４,100
夷,イイ５,100
夸,コ.ア,100
夾,ゲェ⑷,100
夾,ゴェ⑷,95
夾,ゴェ８,90
夾,ゴェ４,85
奅,パ.ア⑺,100
奇,キイ５,100
奇,キ.ア,95
奇,カ.ア,90
奇,キ.ア⑴,85
奈,ナイ⑺,100
奈,タア,95
奉,ホン７,100
奏,|サウ３,100
契,ケ.エ３,100
契,コ.エ３,95
奒,ハイ,100
奔,プ.ヌ,100
奔,プヌ,95
奕,イイ７,100
套,ト.ヲ３,100
奚,ヘエ５,100
奠,|チェヌ７,100
奢,チ.ア,100
奧,ヲヲ３,100
奪,トァッ８,100
奮,フヌ３,100
奮,プヌ３,95
女,ルウ２,100
女,リイ２,95
奴,ロオ５,100
奶,リェン,100
奶,ニイ⑴,95
奶,ナイ⑴,90
奶,ネエ⑴,85
奶,リヌ,80
奶,ナイ⑵,75
奸,カヌ,100
好,ホヲ２,100
好,ホヲ⑶,95
如,ズウ５,100
如,ルウ５,95
如,ジイ５,90
如,リイ５,85
妃,フイ,100
妄,ボン７,100
妍,ギェヌ２,100
妍,ギェヌ５,95
妒,トオ３,100
妓,キイ,100
妖,イァウ,100
妗,キム７,100
妙,ミァウ⑺,100
妙,ビァウ７,95
妝,ツン⑴,100
妝,|ソン,95
妣,ピイ２,100
妥,ト.ヲ３,100
妨,ホン５,100
妮,ニイ⑸,100
妯,|チェㇰ８,100
妲,タ.ヌ２,100
妹,モエ⑺,100
妹,ベエ７,95
妹,モァイ⑺,90
妹,マイ⑺,85
妻,|セ.エ,100
妻,チ.エ,95
妾,チ.ァㇷ４,100
姆,ム⑵,100
姊,チイ２,100
姊,|セエ２,95
姊,チエ２,90
始,シイ２,100
始,スウ２,95
姐,チア２,100
姐,|セエ５,95
姐,チァウ２,90
姑,コオ,100
姒,サイ７,100
姓,セエ⑶,100
姓,シェン３,95
姓,シイ⑶,90
委,ウイ２,100
姚,イァウ５,100
姚,イヲ５,95
姜,キウ⑴,100
姜,キ.ォン,95
姜,キォン,90
姜,キ.ウ⑴,85
姜,キ.ヲ⑴,80
姦,カヌ３,100
姦,カヌ,95
姨,イイ５,100
姨,イイ⑸,95
姪,|チッ８,100
姪,チッ４,95
姬,キイ,100
姻,イヌ,100
姻,イム,95
姼,チ.ッ４,100
姿,ツウ,100
威,ウイ,100
娃,ヲア,100
娉,ピ.ェン,100
娌,リイ２,100
娑,ソヲ,100
娗,タ.ア⑺,100
娘,ニウ⑸,100
娘,ニア⑸,95
娘,リォン５,90
娘,ニオ⑸,85
娘,ニヲ⑸,80
娛,ゴオ⑸,100
娛,ゴオ５,95
娛,グウ５,90
娜,ナア⑵,100
娟,コァヌ,100
娥,ゴオ⑸,100
娩,ビェヌ２,100
娵,|ソオ,100
娶,|ソ.ア７,100
娼,|サ.ン,100
娼,チ.ォン,95
婁,ロオ５,100
婆,ポヲ５,100
婉,ヲァヌ２,100
婊,ピァウ２,100
婚,フヌ,100
婢,ピイ７,100
婦,フウ７,100
婦,プウ７,95
婷,|チェン５,100
婸,ギァン,100
婿,サイ３,100
婿,セエ３,95
媌,バア５,100
媒,モエ⑸,100
媒,フム⑸,95
媒,ムイ⑸,90
媒,モァイ⑸,85
媒,フヌ５,80
媚,ビイ７,100
媠,スイ２,100
媧,ヲヲ,100
媳,シェㇰ４,100
媽,マア⑵,100
媽,マァ⑷,95
媽,マア⑴,90
嫁,ケエ３,100
嫁,カア３,95
嫂,ソヲ２,100
嫌,ヒァム５,100
嫖,ピ.ァウ５,100
嫡,|チェㇰ４,100
嫣,イェヌ,100
嫦,シォン５,100
嫩,ルヌ７,100
嬈,ヒァウ５,100
嬉,ヒイ,100
嬌,キァウ,100
嬭,レエ２,100
嬰,エエ⑴,100
嬰,イイ⑴,95
嬰,イェン,90
嬰,イイ⑶,85
嬰,ネエ⑴,80
嬰,ニイ⑴,75
嬰,ミイ⑴,70
嬸,チム２,100
嬸,シム２,95
孀,ソン,100
子,チイ２,100
子,ツウ２,95
子,ジイ２,90
子,リイ２,85
子,アア２,80
孔,コ.ン２,100
孔,カ.ン２,95
孕,イヌ７,100
字,ジイ７,100
字,リイ７,95
字,ギイ７,90
字,ズウ７,85
存,ツヌ５,100
存,ツ.ヌ５,95
存,ツ.ヌ７,90
孜,ツウ,100
孝,ハウ３,100
孝,ハア３,95
孟,ビェン７,100
季,クイ３,100
孤,コオ,100
孩,ハイ５,100
孫,スヌ,100
孫,スン⑴,95
孵,プウ７,100
孵,フウ,95
學,ハㇰ８,100
學,ヲㇻ８,95
孽,ギェッ８,100
宅,テ.ェ８,100
宅,|チ.ェㇰ８,95
宇,ウウ２,100
守,シウ２,100
守,チウ２,95
守,チウ⑵,90
安,アヌ,100
安,ヲア⑴,95
安,アヌ２,90
宋,ソン３,100
宋,サン３,95
宋,シォン３,90
完,ヲァヌ５,100
宏,ホン５,100
宕,ト.ン７,100
宕,トン７,95
宗,|ソン,100
官,コア⑴,100
官,コァヌ,95
宙,|チウ７,100
定,|チア⑺,100
定,|チェン７,95
宛,ヲァヌ２,100
宜,ギイ５,100
客,ケ.ェ４,100
客,キ.ェㇰ４,95
宣,ソァヌ,100
室,シェㇰ４,100
室,チッ４,95
宥,イウ７,100
宦,ホァヌ７,100
宮,キォン,100
宮,キェン,95
宮,マア⑵,90
宰,|サイ⑵,100
宰,|サイ２,95
害,ハイ７,100
宴,イェヌ３,100
宵,シァウ,100
家,ケエ,100
家,カア,95
家,カア７,90
家,カイ,85
容,イォン５,100
宿,シォㇰ４,100
宿,シウ３,95
宿,ソㇰ４,90
寂,チェㇰ８,100
寂,シォㇰ４,95
寄,キア３,100
寄,キイ３,95
寄,キア⑶,90
寄,キァ８,85
寄,キ.ァ８,80
寄,キ.ア７,75
寄,キェッ４,70
寅,イヌ５,100
密,バッ８,100
密,ビッ８,95
寇,コ.オ３,100
富,フウ３,100
富,プウ３,95
富,ホヲ５,90
寐,ビイ７,100
寒,コア⑸,100
寒,ハヌ５,95
寒,ガヌ５,90
寓,グウ７,100
寓,ウウ２,95
寓,ウウ３,90
寞,ボㇰ８,100
察,|サ.ッ４,100
寡,コア２,100
寡,コア⑵,95
寢,チ.ム２,100
寢,キ.ム２,95
寥,リァウ５,100
實,シッ８,100
實,|サッ８,95
寧,リェン５,100
寨,|セエ７,100
審,シム２,100
寫,シア２,100
寬,コ.ア⑴,100
寬,コ.ァヌ,95
寮,リァウ５,100
寵,|チ.ェン２,100
寵,|チ.ォン２,95
寶,ポヲ２,100
寸,ツ.ヌ３,100
寺,シイ７,100
封,ホン,100
封,パン,95
射,シア７,100
將,チォン,100
將,チォン３,95
將,チァン３,90
專,|ソァヌ,100
尉,ウッ４,100
尉,ウイ３,95
尊,ツヌ,100
尋,シァム５,100
尋,シム５,95
對,|ツイ３,100
對,ウイ３,95
導,トヲ７,100
小,シヲ２,100
小,シァウ２,95
小,シァウ９,90
少,シァウ３,100
少,チヲ２,95
少,シァウ２,90
尖,チァム,100
尚,シウ⑺,100
尚,シォン２,95
尚,シォン７,90
尚,シヲ⑺,85
尤,イウ５,100
尪,アン,100
就,トヲ７,100
就,チウ７,95
就,|チヲ７,90
就,|チㇻ８,85
就,トㇻ８,80
就,ツウ７,75
尹,ウヌ２,100
尺,チ.ㇻ４,100
尺,|セ.エ,95
尺,チ.ェㇰ４,90
尻,カ.ア,100
尻,カア,95
尼,ニイ⑸,100
尼,リイ５,95
尼,ルイ５,90
尾,ボエ２,100
尾,ベエ２,95
尿,ジヲ７,100
尿,リヲ７,95
尿,ギヲ７,90
局,キォㇰ８,100
屁,プ.イ３,100
屄,バイ,100
居,キイ,100
居,クウ,95
屆,カイ３,100
屈,ク.ッ４,100
屋,オㇰ４,100
屍,シイ,100
屎,サイ２,100
屎,スウ２,95
屏,ピヌ５,100
屏,ピェン５,95
屏,ヘエ３,90
屐,キァ８,100
屐,キア７,95
屐,キ.ァ８,90
屑,スッ４,100
屑,サㇷ４,95
展,|チェヌ２,100
展,|チ.ェヌ２,95
屘,バヌ,100
屜,ト.ァ４,100
屠,トオ５,100
屢,リイ２,100
層,|サヌ５,100
層,|サヌ３,95
履,リイ２,100
屧,シァㇷ４,100
屬,シォㇰ８,100
屬,チォㇰ４,95
屯,|ツヌ７,100
屯,|ツヌ３,95
屯,|ツヌ,90
山,ソア⑴,100
山,サヌ,95
山,サヌ２,90
岐,キイ５,100
岑,ギム５,100
岡,コン,100
岡,クン⑴,95
岡,コン２,90
岩,ギァム５,100
岩,ガム５,95
岫,シウ７,100
岳,ガㇰ８,100
岸,ホア⑺,100
岸,ガヌ７,95
峇,バア７,100
峇,バア５,95
峨,ゴオ⑸,100
峰,ホン,100
島,トヲ２,100
島,トオ２,95
峻,ツヌ３,100
峽,キァㇷ４,100
崁,カ.ム３,100
崇,|ソン５,100
崎,キア７,100
崎,キイ５,95
崔,ツ.イ,100
崖,ガイ５,100
崗,コン,100
崗,カン,95
崙,ルヌ７,100
崙,ルヌ,95
崙,ルヌ２,90
崙,ルヌ５,85
崧,シォン５,100
崩,パン,100
崩,ピェン,95
嵌,カ.ム３,100
嵐,ラム５,100
嵙,コ.ヲ,100
嵙,コ.オ,95
嵯,ツ.ウ,100
嶄,|サム２,100
嶠,キァウ,100
嶢,ギァウ５,100
嶺,ニア⑵,100
嶺,リェン２,95
嶼,スウ７,100
嶼,シイ７,95
嶽,ガㇰ８,100
巒,ロァヌ５,100
巒,バヌ５,95
巔,|チェヌ,100
巖,ギァム５,100
川,ツ.ン⑴,100
川,|ソ.ァヌ,95
川,ツ.イ⑴,90
州,チウ,100
巡,スヌ５,100
巢,|サウ５,100
工,カン,100
工,カ.ン,95
工,コン,90
左,|ソヲ２,100
巧,キ.ァウ２,100
巧,カ.ア２,95
巧,カ.ウ２,90
巨,クウ７,100
巨,キイ７,95
巫,ブウ５,100
差,|サ.ア,100
差,|セ.エ,95
差,|サ.イ,90
差,|ソァ８,85
己,キイ７,100
己,キイ２,95
己,|チイ７,90
已,イイ２,100
巳,チイ７,100
巳,スウ７,95
巴,パア,100
巷,ハン７,100
巽,スヌ３,100
巾,キヌ,100
巾,クヌ,95
市,チ.イ７,100
布,ポオ３,100
布,ポ.オ３,95
帆,パ.ン５,100
帆,ホァヌ５,95
希,ヒイ,100
帕,ペ.エ３,100
帕,パ.ア３,95
帖,|チ.ァㇷ４,100
帙,|チェッ８,100
帚,チ.ウ２,100
帚,チウ２,95
帚,シウ２,90
帛,ペェ８,100
帛,ピェㇰ８,95
帛,ペエ７,90
帝,テエ３,100
帥,ソエ３,100
帥,スイ３,95
師,スウ,100
師,サイ,95
師,シイ,90
席,シェㇰ８,100
帳,|チウ⑶,100
帳,|チォン３,95
帳,|チヲ⑶,90
帶,トア３,100
帶,タイ３,95
帷,ウイ５,100
常,シォン５,100
常,チ.ァン５,95
帽,ボヲ７,100
幅,パㇰ４,100
幅,ホㇰ４,95
幌,ハイ⑶,100
幌,ヒウ３,95
幔,モア⑴,100
幕,ボオ７,100
幡,ホァヌ,100
幢,トン５,100
幣,ペエ３,100
幫,パン,100
幫,プン⑴,95
幫,ポ.ン２,90
干,カヌ,100
平,ピェン５,100
平,ペエ⑸,95
平,ピイ⑸,90
平,ピア⑸,85
平,|サム７,80
平,ピ.ェン５,75
年,ニイ⑸,100
年,リェヌ５,95
幸,ヒェン７,100
幹,カヌ３,100
幻,ホァヌ３,100
幼,イウ３,100
幽,イウ,100
幾,クイ２,100
幾,キイ２,95
庄,ツン⑴,100
庇,ピイ３,100
庇,ピイ２,95
床,ツ.ン⑸,100
床,スン⑸,95
床,|ソ.ン５,90
序,シイ７,100
序,スウ７,95
底,テエ２,100
底,トエ２,95
底,|チイ７,90
底,|チイ２,85
店,|チァム３,100
庚,ケエ⑴,100
庚,キェン,95
庚,キイ⑴,90
府,フウ２,100
度,トオ７,100
度,トㇰ８,95
座,|ソヲ７,100
庫,コ.オ３,100
庭,|チェン５,100
庭,|チア⑸,95
庵,アム,100
康,コ.ン,100
康,ク.ン⑴,95
庸,イォン５,100
庾,ルウ２,100
庾,ズウ２,95
廁,|セ.エ３,100
廂,シウ⑴,100
廂,シォン,95
廈,ハア７,100
廉,リァム５,100
廊,ロン５,100
廍,ポ.オ７,100
廕,イム３,100
廖,リァウ７,100
廚,トオ５,100
廚,|ツウ５,95
廚,トヲ５,90
廟,ビヲ７,100
廠,チ.ウ⑵,100
廠,チ.ヲ⑵,95
廢,フイ３,100
廢,ホエ３,95
廣,コン２,100
廣,クン⑵,95
廨,カイ３,100
廬,ロオ５,100
廳,|チ.ア⑴,100
廳,|チ.ェン,95
延,イェヌ５,100
延,チ.ェヌ５,95
廷,|チェン５,100
建,キェヌ３,100
廿,ジァㇷ８,100
廿,リァㇷ８,95
弄,ラン７,100
弄,ロン７,95
弄,ロン３,90
弊,ペエ３,100
弊,ピァ４,95
式,シェㇰ４,100
式,シッ４,95
弓,キェン,100
弓,キォン,95
弓,キヌ,90
弔,|チァウ３,100
引,イヌ２,100
弘,ホン５,100
弟,|チイ７,100
弟,テエ７,95
弦,ヒェヌ５,100
弧,ホオ５,100
弩,ロオ２,100
弱,ジォㇰ８,100
弱,リォㇰ８,95
張,|チウ⑴,100
張,|ツン⑴,95
張,|チォン,90
張,|チヲ⑴,85
強,キォン５,100
強,キォン７,95
強,キォン２,90
弼,ピッ８,100
彈,トア⑸,100
彈,トア⑺,95
彈,タ.ヌ５,90
彈,タヌ７,85
彈,タヌ５,80
彌,ミイ⑵,100
彌,ビイ５,95
彌,ミイ⑸,90
彌,ニイ⑸,85
彌,ニイ⑵,80
彎,ヲァヌ,100
彗,フイ７,100
彙,ルイ７,100
形,ヒェン５,100
彤,トン５,100
彥,ギェヌ７,100
彥,ガヌ７,95
彧,ヒォㇰ４,100
彩,|サ.イ２,100
彪,ピウ,100
彬,ピヌ,100
彭,ピ.イ⑸,100
彭,ペ.エ⑸,95
彭,ピ.ェン５,90
彰,チォン,100
彰,チァン,95
影,イア⑵,100
影,イェン２,95
彷,ホン２,100
役,イェㇰ８,100
役,イァ８,95
彼,ヒッ４,100
彼,ヘエ,95
彼,ピイ２,90
彿,フッ４,100
往,オン２,100
往,イェン２,95
征,チェン,100
待,タ.イ７,100
待,タイ７,95
徊,ホエ５,100
律,ルッ８,100
後,アウ７,100
後,ハウ７,95
後,ヒヲ７,90
後,ホオ７,85
徐,チ.イ５,100
徑,キェン３,100
徒,トオ５,100
得,|チッ４,100
得,|チェㇰ４,95
得,エェ４,85
得,チッ４,80
得,リッ４,75
得,テエ,70
徘,パイ５,100
徙,ソア２,100
徛,キ.ア７,100
從,チォン５,100
從,チェン５,95
從,チ.ォン,90
御,グウ７,100
復,ホㇰ８,100
循,スヌ７,100
循,スヌ５,95
微,ビイ５,100
微,ブイ,95
微,ビイ,90
徵,|チェン,100
徵,|チヌ,95
德,|チェㇰ４,100
徹,|チ.ェッ４,100
徼,キ.ヲ３,100
心,シム,100
心,シヌ,95
必,ピッ４,100
忌,キ.イ７,100
忌,キイ７,95
忌,キイ３,90
忍,ジム２,100
忍,ルヌ２,95
忍,リム２,90
忖,ツ.ヌ２,100
志,チイ３,100
忘,ボン７,100
忘,ボン５,95
忙,バン５,100
忙,ボン５,95
忝,|チ.ァム２,100
忠,|チォン,100
忤,ゴオ⑵,100
快,コ.ァイ３,100
快,ク.イ⑶,95
快,コ.ア⑶,90
念,リァム７,100
忽,フッ４,100
忿,フヌ２,100
怎,|ソア⑵,100
怎,ノア⑵,95
怎,ナア⑵,90
怎,|サイ⑵,85
怏,ン⑶,100
怐,コ.オ３,100
怒,ノオ⑺,100
怕,パ.ア３,100
怕,パ.ア⑶,95
怖,ポオ３,100
怙,コオ７,100
思,スウ,100
思,スウ３,95
思,シイ,90
怠,タイ７,100
怡,イイ５,100
急,キㇷ４,100
怦,ペ.エ⑺,100
怦,ピ.イ⑺,95
怦,パ.ア⑺,90
性,シェン３,100
性,セエ⑶,95
性,シイ⑶,90
性,シァン３,85
怨,ヲァヌ３,100
怪,コァイ３,100
怪,コエ３,95
怫,プ.ッ４,100
怯,キ.ァㇷ４,100
恁,リヌ２,100
恂,スヌ２,100
恂,スン⑵,95
恃,シイ７,100
恆,ヒェン５,100
恍,ホア⑵,100
恍,ホン２,95
恐,キ.ォン２,100
恕,スウ３,100
恢,コ.エ,100
恢,ホエ,95
恣,スウ３,100
恥,|チ.イ２,100
恨,フヌ７,100
恨,ヒヌ７,95
恩,ウヌ,100
恩,イヌ,95
恬,|チァム７,100
恭,キォン,100
息,シッ４,100
息,シェㇰ４,95
悄,チ.ァウ２,100
悅,イェッ８,100
悅,ヲァッ８,95
悉,シェㇰ４,100
悔,ホエ２,100
悔,フイ２,95
悖,ポエ７,100
悟,ゴオ⑺,100
悟,ゴオ７,95
悠,イウ,100
患,ホァヌ７,100
悲,ピイ,100
悴,ツイ７,100
悶,ブヌ７,100
悼,トヲ７,100
悽,チ.イ,100
悽,チ.イ⑴,95
悾,コ.ン,100
情,チェン５,100
情,チア⑸,95
惑,ヒェㇰ８,100
惘,ボン２,100
惜,シㇻ４,100
惜,シェㇰ４,95
惝,チ.ェン２,100
惟,イイ５,100
惟,ウイ５,95
惠,フイ７,100
惡,オㇰ４,100
惡,ヲヲ⑶,95
惰,トア⑺,100
惰,トヲ７,95
惱,ロヲ２,100
惱,ロオ２,95
惱,ナウ⑵,90
惱,ノオ⑵,85
想,シウ⑺,100
想,シォン２,95
想,シヲ⑺,90
惶,ヒア⑸,100
惶,ホン５,95
惹,ジア２,100
惹,リア２,95
惻,チ.ェㇰ４,100
愁,チ.ウ５,100
愈,ズウ２,100
愈,ルウ２,95
愉,ルウ５,100
愉,ズウ５,95
愍,ビェヌ２,100
意,イイ３,100
愕,ゴㇰ８,100
愖,シム７,100
愚,グウ５,100
愛,アイ３,100
感,カム２,100
愣,ガン７,100
愧,ク.イ３,100
愿,ゴァヌ７,100
慄,ラㇰ８,100
慄,リェㇰ４,95
慈,ツウ５,100
態,タ.イ３,100
態,タ.イ７,95
慌,ホン,100
慍,ウヌ３,100
慎,シヌ７,100
慒,|ソヲ,100
慕,ボオ７,100
慘,|サ.ム２,100
慟,トン７,100
慢,バヌ７,100
慣,コァヌ３,100
慧,ホエ７,100
慧,フイ７,95
慨,カ.イ３,100
慮,リイ７,100
慮,ルウ７,95
慰,ウイ３,100
慳,キェヌ,100
慶,キ.ェン３,100
慷,コ.ン２,100
慼,|セ.ェ４,100
慼,|ソ.ェ４,95
慼,チ.ェㇰ４,90
慼,|ソ.エ３,85
慾,イォㇰ８,100
憂,イウ,100
憎,チェン,100
憐,リェヌ５,100
憐,リヌ５,95
憑,ピヌ５,100
憑,ピェン５,95
憔,チァウ５,100
憚,タヌ７,100
憢,ギァウ５,100
憤,フヌ３,100
憫,ビヌ２,100
憲,ヒェヌ３,100
憶,イェㇰ４,100
憾,ハム７,100
懂,タン２,100
懂,トン２,95
懇,ク.ヌ２,100
應,イェン３,100
應,イヌ３,95
應,イェン,90
應,イォン３,85
應,イォン,80
應,フヌ,75
懊,アウ３,100
懍,ルヌ２,100
懍,ヌン⑵,95
懍,リェン２,90
懦,ノオ⑺,100
懲,|チェン５,100
懵,ボン３,100
懵,ボン２,95
懶,ラヌ２,100
懶,ノア⑺,95
懷,ホァイ５,100
懷,クイ５,95
懸,コァヌ５,100
懸,ヒェヌ５,95
懸,コァイ⑸,90
懺,|サ.ム３,100
懼,クウ７,100
懿,イイ３,100
戀,ロァヌ５,100
戀,ロァヌ７,95
戇,ゴン７,100
戈,コヲ,100
戈,ゴオ３,95
戊,ボオ７,100
戌,スッ４,100
成,シェン５,100
成,チア⑸,95
成,チ.ア⑸,90
成,シア⑸,85
我,ゴア２,100
我,ゴオ⑵,95
戒,カイ３,100
或,ヒェㇰ８,100
戚,チ.ェㇰ４,100
戛,キ.ェッ４,100
戟,キェㇰ４,100
戥,|チェン２,100
戥,|チヌ２,95
截,チェッ８,100
截,|ソェ８,95
戮,ラㇰ４,100
戮,リォㇰ８,95
戰,チェヌ３,100
戲,ヒイ３,100
戲,ヒイ２,95
戳,ト.ㇰ４,100
戴,|チイ３,100
戴,テエ３,95
戴,タイ３,90
戶,ホオ７,100
戽,ホオ３,100
戾,レエ７,100
房,パン５,100
房,ポン５,95
所,ソオ２,100
扁,ピイ⑵,100
扁,プヌ２,95
扁,ピェヌ２,90
扁,ピヌ２,85
扁,パヌ２,80
扁,ピ.ェヌ２,75
扇,シイ⑶,100
扇,シェヌ３,95
扈,ホオ７,100
手,チ.ウ２,100
手,シウ２,95
手,テェ４,90
才,チァ４,100
才,|サイ５,95
才,|サ.イ５,90
扎,|サァ４,100
扑,ポ.ㇰ４,100
扒,ペエ５,100
扒,ペエ,95
打,タア⑵,100
打,タア２,95
打,|チァム２,90
托,ト.ㇰ４,100
托,|ツ.ゥ４,95
扛,クン⑴,100
扛,コン,95
扞,ホア⑺,100
扣,カ.ウ３,100
扣,カ.ウ,95
扦,|ソ.ア⑴,100
扭,リウ２,100
扭,ギウ⑵,95
扭,ニウ⑵,90
扭,ラウ２,85
扭,ナウ⑵,80
扭,ギヲ２,75
扮,パヌ７,100
扯,|セ.エ２,100
扱,キ.ㇷ８,100
扲,ギム７,100
扲,ギム５,95
扳,ピェヌ,100
扳,パヌ２,95
扳,ペエ⑴,90
扳,パヌ,85
扴,ケェ８,100
扶,フウ５,100
扶,ポ.オ５,95
扷,イヲ２,100
批,ポ.エ,100
批,ペ.エ,95
批,ピ.イ,90
扼,イェㇰ８,100
找,|サウ７,100
承,シェン５,100
承,シヌ５,95
技,キイ,100
抄,|サ.ウ,100
抉,コァッ４,100
把,パア２,100
把,ペエ２,95
把,パア３,90
抌,|チム３,100
抐,ラア７,100
抐,ラア５,95
抑,イァ８,100
抑,イァ４,95
抑,アァ４,90
抑,アァ８,85
抓,ジァウ３,100
抓,リァウ３,95
抓,ニァウ⑶,90
抓,ギァウ３,85
抓,ギァウ⑶,80
抔,プッ４,100
投,タウ５,100
抗,コ.ン３,100
折,チェッ４,100
折,チィ８,95
折,チェㇰ４,90
抨,ピ.ア⑴,100
抨,ピア⑴,95
披,ピ.イ,100
抰,ン⑴,100
抰,ウイ⑴,95
抱,ポ.ヲ７,100
抱,ポヲ７,95
抱,パ.ウ７,90
抵,|チイ２,100
抵,テエ２,95
抹,ボァ４,100
押,アァ４,100
押,アㇷ４,95
抽,|チ.ウ,100
抽,リウ,95
抽,|チ.ヲ,90
抾,キ.ㇻ４,100
抿,ビヌ２,100
抿,ビェヌ２,95
拂,フッ４,100
拄,|ツウ２,100
拄,|ツゥ４,95
拆,|チ.ァ４,100
拆,リァ４,95
拇,ブウ２,100
拇,ボヲ２,95
拈,リァム,100
拈,ネエ⑴,95
拈,ニイ⑴,90
拉,ラア２,100
拉,ラア,95
拉,ラア５,90
拉,バア,85
拊,フウ２,100
拋,パ.ア,100
拋,パ.ウ,95
拋,パ.ア⑴,90
拌,ポア⑺,100
拍,パ.ァ４,100
拍,ピ.ェㇰ４,95
拎,リェン５,100
拐,コァイ２,100
拐,コァイ⑺,95
拐,コァイ⑵,90
拐,コァイ７,85
拐,コァィ⑷,80
拐,コァィ４,75
拑,キ.イ⑸,100
拒,クウ７,100
拒,キイ７,95
拓,ト.ㇰ４,100
拔,ポェ８,100
拔,ポァッ８,95
拔,ポァ８,90
拔,プィ８,85
拔,ポァ⑻,80
拔,ポエ７,75
拖,ト.ア,100
拗,アウ２,100
拗,アウ⑵,95
拘,ク.ウ,100
拙,|ソァッ４,100
拚,ピア⑶,100
招,チヲ,100
招,チァウ,95
拜,パイ３,100
括,コァッ４,100
括,コァ４,95
拭,チ.ッ４,100
拯,チヌ２,100
拱,キォン２,100
拳,クヌ５,100
拳,コァヌ５,95
拶,ソァヌ２,100
拷,コ.ヲ２,100
拹,ヒァㇷ８,100
拼,ピ.ェン,100
拾,シㇷ８,100
拿,ナア⑵,100
持,チ.イ５,100
持,|チイ５,95
挂,クイ３,100
挃,|チィ８,100
挃,|チィ⑻,95
指,チイ２,100
指,チェン２,95
指,|サイ⑵,90
指,キイ２,85
指,ツン⑵,80
指,ツイ⑵,75
指,|サイ２,70
指,チヌ２,65
指,|サヌ２,60
挈,ケ.ェ８,100
按,アヌ２,100
按,アヌ３,95
挌,ケェ４,100
挐,ズウ５,100
挐,ルウ５,95
挑,|チ.ヲ,100
挑,|チ.ァウ,95
挑,|チ.ァウ２,90
挓,タ.ア３,100
挔,ヒァ⑷,100
挕,ヒイ⑶,100
挖,オオ２,100
挖,ヲエ２,95
挖,ヲァッ４,90
挨,エエ,100
挨,ヲエ,95
挨,アイ,90
挩,ト.ァ４,100
挫,|ソ.ヲ３,100
振,|チヌ２,100
振,チヌ２,95
挲,ソヲ,100
挵,ロン３,100
挹,イㇷ４,100
挺,タ.ア⑵,100
挺,|チ.ェン２,95
挼,ゾエ５,100
挼,レエ５,95
挼,ゼエ５,90
挽,バヌ２,100
挾,ギァㇷ８,100
挾,ゲェ⑻,95
捀,パ.ン５,100
捅,ト.ン２,100
捆,ク.ヌ２,100
捉,チ.ォㇰ４,100
捋,ロァ８,100
捋,ロァ４,95
捋,ロア７,90
捋,ロァィ８,85
捌,バッ４,100
捌,パッ４,95
捎,サア,100
捏,テエ⑺,100
捏,リァㇷ８,95
捏,リァㇷ４,90
捏,|チイ⑺,85
捐,コァヌ,100
捒,サㇰ４,100
捒,サッ４,95
捔,カㇰ８,100
捕,ポオ２,100
捗,ポオ５,100
捗,プウ,95
捗,ポヲ５,90
捗,ポオ７,85
捘,ツヌ７,100
捙,チ.ア,100
捥,ン⑵,100
捥,ウイ⑵,95
捥,アイ⑵,90
捧,ポ.ン２,100
捨,シア２,100
捲,クン⑵,100
捲,クイ⑵,95
捶,|ツイ５,100
捷,チァㇷ８,100
捷,チェッ８,95
捻,リァム３,100
捻,リァム７,95
捽,スッ４,100
捽,ツッ８,95
捽,スッ８,90
捾,コア⑺,100
掀,ヒェヌ,100
掂,|チム３,100
掃,サウ３,100
掃,ソヲ３,95
掇,トァ４,100
掇,トァ８,95
授,シウ７,100
掉,|チァウ７,100
掌,チォン２,100
掌,チウ⑵,95
掌,チァン２,90
掌,チヲ⑵,85
排,パイ５,100
掔,キ.ェヌ,100
掖,イア７,100
掘,クッ８,100
掙,チア⑺,100
掛,コア３,100
掛,コ.ア３,95
掜,タウ,100
掠,リァ８,100
掠,リォㇰ８,95
採,|サ.イ２,100
探,タ.ム３,100
探,タ.ヌ３,95
掣,|ソ.ァ４,100
掣,チ.ェッ４,95
接,チァㇷ４,100
接,チィ４,95
控,コ.ン３,100
控,カ.ン３,95
推,|ツ.イ,100
推,テ.エ,95
推,ツ.イ,90
掩,ン⑴,100
掩,アム,95
掩,イァム２,90
掩,オム,85
掩,ウイ⑴,80
措,|ソ.オ３,100
掮,カ.イ⑴,100
掮,カ.イ⑵,95
掰,ポエ２,100
掰,ペエ２,95
揀,キェン２,100
揀,カヌ２,95
揀,カイ⑵,90
揆,クイ５,100
揆,プイ５,95
揈,ホン,100
揉,ジウ５,100
揉,リウ５,95
揌,サイ,100
揍,ボㇰ４,100
描,ビヲ５,100
描,ビァウ５,95
提,テ.ェ８,100
提,テ.エ５,95
提,テ.エ７,90
提,ト.ェ８,85
提,エェ８,80
插,|サ.ァ４,100
插,|サ.ㇷ４,95
揙,ピイ⑴,100
揚,イォン５,100
換,ヲア⑺,100
換,ホァヌ７,95
揜,イァㇷ４,100
握,アㇰ４,100
握,オㇰ４,95
握,アㇷ４,90
握,アッ４,85
揣,|ソ.エ７,100
揣,|セ.エ７,95
揤,チ.ィ８,100
揤,リィ８,95
揤,チ.イ７,90
揤,ジィ８,85
揤,ジイ７,80
揫,チ.ウ５,100
揬,|ツゥ８,100
揬,|ツゥ４,95
揬,|ツウ７,90
揭,キ.ェッ４,100
揭,キェッ４,95
揮,フイ,100
揲,|チァㇷ８,100
援,ヲァヌ７,100
揹,パ.イ⑺,100
揹,ペエ７,95
揻,ウイ,100
搉,カ.ア３,100
損,スン⑵,100
損,スヌ２,95
損,スイ⑵,90
搏,ポ.ㇰ４,100
搐,|チゥ４,100
搖,イヲ５,100
搖,イァウ５,95
搖,オオ５,90
搖,オオ,85
搙,ジォㇰ８,100
搙,リォㇰ８,95
搜,チ.ァウ,100
搜,ソオ,95
搝,キ.ウ２,100
搝,ギウ２,95
搟,ヒェヌ２,100
搢,チイ⑶,100
搣,メエ⑴,100
搣,ミイ⑴,95
搤,イァ４,100
搥,|ツイ５,100
搦,ラㇰ８,100
搧,シェヌ３,100
搧,サム３,95
搩,キェッ４,100
搪,|ツン⑺,100
搬,ポア⑴,100
搬,ポァヌ,95
搭,タァ４,100
搭,タㇷ４,95
搭,タア７,90
搵,ウヌ３,100
搶,チ.ウ⑵,100
搶,チ.ォン２,95
搶,チ.ヲ⑵,90
摁,フム⑷,100
摃,コン３,100
摒,ピア⑶,100
摔,シァㇰ４,100
摔,シァン３,95
摖,|セ.エ３,100
摖,|ソ.エ３,95
摘,|チァ４,100
摘,|チェㇰ４,95
摠,|サン２,100
摧,ツ.イ,100
摩,モオ⑸,100
摯,チイ３,100
摳,カ.ゥ⑻,100
摵,チ.ェㇰ８,100
摸,ボン,100
摸,モオ⑴,95
摸,ボオ,90
摹,ボオ７,100
摹,ボオ５,95
摺,チィ４,100
摺,チイ２,95
摻,|サ.ム,100
摻,|サ.ム３,95
撆,ピィ４,100
撇,ピ.ェッ４,100
撈,ホオ５,100
撈,ラウ７,95
撋,ノア⑵,100
撏,ジム５,100
撏,リム５,95
撐,テ.エ,100
撐,テ.エ⑴,95
撒,ソァ４,100
撒,サッ４,95
撓,ギァウ⑵,100
撙,ツヌ２,100
撚,リェヌ２,100
撞,トン７,100
撟,キァウ７,100
撠,ギァ４,100
撠,キァ４,95
撤,|チ.ェッ４,100
撥,ポァ４,100
撥,ポァッ４,95
撨,チ.ァウ５,100
撨,|サ.ウ５,95
撩,リヲ５,100
撩,リァウ５,95
撫,ブウ２,100
撫,フウ,95
撫,フウ２,90
撬,キァウ７,100
播,ポオ３,100
播,ポヲ３,95
撮,|ソ.ㇰ４,100
撮,|ソァッ４,95
撰,|ソァヌ７,100
撲,ポ.ㇰ４,100
撼,ハム２,100
擁,イォン２,100
擂,ルイ５,100
擅,シェヌ７,100
擇,トㇻ８,100
擇,|チェㇰ８,95
擉,|チァㇰ８,100
擉,タ.ㇰ４,95
擉,|チァㇰ４,90
擉,タㇰ４,85
擉,タㇰ８,80
擊,キェㇰ４,100
擋,トン３,100
操,|サ.ウ,100
操,|ソ.ヲ,95
操,|ソ.ヲ３,90
操,チ.ァウ,85
擎,キェン,100
擎,キ.ェン５,95
擒,キ.ム５,100
擔,タア⑴,100
擔,タア⑶,95
擔,タム,90
擗,ピ.ァㇰ８,100
擗,ピ.ァㇰ４,95
擗,ピァㇰ８,90
擗,ピ.ァン,85
擘,ペェ４,100
據,キイ３,100
據,クウ３,95
擛,イェッ８,100
擠,チェㇰ４,100
擢,|チㇻ４,100
擤,チ.ェン３,100
擤,ツ.ン⑶,95
擤,スン⑶,90
擦,|サ.ッ４,100
擬,ギイ２,100
擲,タヌ３,100
擴,コ.ㇰ４,100
擴,ポ.ㇰ４,95
擷,キ.ェッ４,100
擸,バア７,100
擺,パイ２,100
擺,パイ⑵,95
擽,ギァウ⑴,100
擽,イァウ,95
擾,ジァウ２,100
擾,リァウ２,95
攀,パ.ヌ,100
攄,ルウ,100
攆,リェヌ２,100
攏,ロン２,100
攏,ラン２,95
攑,ギァ８,100
攑,キァ８,95
攔,アア⑸,100
攔,ノア⑸,95
攔,ラヌ５,90
攕,チ.ァム２,100
攕,チ.ァム,95
攘,ギァン７,100
攘,ジァン７,95
攜,ヘエ５,100
攝,リァㇷ４,100
攢,|ソ.ァヌ５,100
攤,ト.ア⑴,100
攤,タ.ヌ,95
攪,キァウ２,100
攬,ラム２,100
支,チイ,100
支,キイ,95
攲,キ.イ,100
收,シウ,100
改,カイ２,100
攻,コン,100
放,パン３,100
放,ホン３,95
政,チェン３,100
故,コオ３,100
敆,カㇷ４,100
效,ハウ７,100
敉,ビイ２,100
敏,ビヌ２,100
救,キウ３,100
敗,パイ７,100
敘,スウ７,100
教,カウ３,100
教,カア３,95
教,カァ４,90
敝,ペエ３,100
敝,ペエ７,95
敢,カム２,100
敢,カア⑵,95
敢,キァム２,90
敢,カヌ２,85
敢,カア２,80
散,サヌ３,100
散,ソア⑶,95
散,ソア⑵,90
散,サヌ２,85
敦,|ツヌ,100
敧,キ.イ,100
敨,タ.ウ２,100
敬,キェン３,100
敱,カ.イ⑵,100
敲,カ.ア３,100
敲,カ.ウ,95
整,チェン２,100
敵,|チェㇰ８,100
敷,フウ,100
數,シァウ３,100
數,ソオ３,95
斂,リァム２,100
斃,ペエ７,100
文,ブヌ５,100
文,ムイ⑸,95
斌,ピヌ,100
斐,フイ２,100
斐,フイ,95
斑,パヌ,100
斑,ピェヌ,95
斗,タウ２,100
斗,トオ２,95
料,リァウ７,100
斜,|ソ.ァ８,100
斜,チ.ア５,95
斜,シア５,90
斟,チム,100
斟,|チ.ヌ５,95
斡,ヲァッ４,100
斤,キヌ,100
斤,クヌ,95
斥,|チ.ェㇰ４,100
斧,ポオ２,100
斧,フウ２,95
斧,プウ２,90
斬,|サア⑵,100
斬,|サム２,95
斯,スウ,100
斯,スゥ４,95
新,シヌ,100
斷,|ツン⑺,100
斷,トァヌ７,95
斷,トァヌ３,90
斷,|ツイ⑺,85
方,ホン,100
方,フン⑴,95
方,プン⑴,90
方,プイ⑴,85
於,イイ５,100
施,シイ,100
施,シイ３,95
旁,ポン５,100
旅,リイ２,100
旅,ルウ２,95
旋,ソァヌ,100
旋,ツン⑺,95
旋,ソァヌ５,90
旋,ツイ⑺,85
族,|ソㇰ８,100
旗,キイ５,100
既,キイ３,100
日,ジッ８,100
日,リッ８,95
日,ギッ８,80
旦,トア⑶,100
旦,タヌ３,95
旨,チイ２,100
早,|サア２,100
早,|サイ２,95
旬,スヌ５,100
旭,ヒォㇰ４,100
旱,ホア⑺,100
旱,ヲア⑺,95
旱,ハヌ７,90
旺,オン７,100
昂,ゴン５,100
昆,ク.ヌ,100
昇,シェン,100
昊,ホヲ７,100
昌,チ.ォン,100
明,ビェン５,100
明,ビヌ５,95
明,メエ⑸,90
明,ミア⑸,85
明,ミイ⑸,80
明,モア⑸,75
明,マア⑸,70
昏,フン⑴,100
昏,フヌ７,95
昏,フヌ,90
昏,フイ⑴,85
易,イェㇰ８,100
易,イァ８,95
易,イイ７,90
昔,シェㇰ４,100
星,|セ.エ⑴,100
星,チ.イ⑴,95
星,サヌ,90
星,シェン,85
映,イェン３,100
映,イォン３,95
春,ツ.ヌ,100
春,チ.ェン,95
昧,マイ⑺,100
昨,|サア,100
昨,|ソㇻ８,95
昨,|サァ８,90
昨,|ソオ,85
昭,チァウ,100
是,シイ７,100
是,シイ,95
是,チイ７,85
是,スウ７,80
昱,イォㇰ８,100
晁,|チァウ５,100
時,シイ５,100
晃,ホア⑵,100
晃,ホン２,95
晉,チヌ３,100
晏,ヲア⑶,100
晏,アヌ３,95
晚,ムン⑵,100
晚,ボァヌ２,95
晝,タウ３,100
晝,|チウ３,95
晟,チ.ア⑸,100
晟,シェン７,95
晡,ポオ,100
晨,シヌ５,100
晬,|セエ３,100
普,ポ.オ２,100
普,プゥ４,95
景,キェン２,100
晴,チェン５,100
晴,|セエ⑸,95
晶,チイ⑴,100
晶,チェン,95
智,|チイ３,100
晾,ネエ⑸,100
晾,ニイ⑸,95
暇,ハア７,100
暈,ン⑺,100
暈,ウヌ７,95
暈,フヌ７,90
暉,フイ,100
暑,スウ２,100
暖,ロァヌ２,100
暗,アム３,100
暝,メエ⑸,100
暝,ミイ⑸,95
暢,|チ.ォン３,100
暨,キイ３,100
暫,チァム７,100
暮,ボオ７,100
暱,リェㇰ８,100
暱,リッ８,95
暴,ポヲ７,100
暴,ポㇰ４,95
暴,ポㇰ８,90
暸,リァウ５,100
曆,リェㇰ８,100
曆,ラァ８,95
曆,ラア７,90
曉,ヒァウ２,100
曉,ヒァン２,95
曖,アイ３,100
曜,イァウ７,100
曝,パ.ㇰ８,100
曝,ポ.ㇰ８,95
曠,コ.ン３,100
曰,ヲァッ８,100
曲,キ.ァウ,100
曲,キ.ェㇰ４,95
曲,キ.ォㇰ４,90
更,ケエ⑴,100
更,キェン,95
更,キイ⑴,90
更,キェン３,85
曷,アァ８,100
曷,イァ８,95
書,スウ,100
書,ツウ,95
書,シイ,90
曹,|ソヲ５,100
曼,バヌ７,100
曾,チェン５,100
曾,|サヌ,95
曾,チェン,90
替,テ.エ３,100
替,ト.エ３,95
最,|ソエ３,100
會,エエ７,100
會,ホエ７,95
會,ヘエ７,90
會,コエ３,85
會,ヲエ７,80
月,ゴェ８,100
月,ゲェ８,95
月,ゴァッ８,90
月,ゴエ７,75
有,ウウ７,100
有,イウ２,95
朋,ピェン５,100
服,ホㇰ８,100
朒,ツッ４,100
朒,ルッ４,95
朔,ソㇰ４,100
朕,|チム７,100
朗,ロン２,100
朗,ラン２,95
望,バン７,100
望,ボン７,95
朝,|チァウ５,100
朝,|チァウ,95
期,キイ５,100
期,キイ,95
木,ボㇰ８,100
木,バㇰ８,95
未,ボエ７,100
未,ビイ７,95
未,ベエ７,90
末,ボァ８,100
末,ボァッ８,95
末,ボァ４,90
末,ボア７,85
本,プヌ２,100
本,プン⑵,95
札,|サッ４,100
朱,ツウ,100
朴,ポ.ㇻ４,100
朽,ヒウ２,100
杆,カヌ,100
杆,コア⑴,95
杆,コァイ⑴,90
杉,サム,100
李,リイ２,100
杏,ヒェン７,100
材,|サイ５,100
材,|サ.イ５,95
村,ツ.ヌ,100
村,|ソ.ァヌ,95
杓,シァ８,100
杓,チ.ア７,95
杓,シア７,90
杖,|ツ.ン⑺,100
杖,|チォン７,95
杙,キ.ッ８,100
杜,トオ７,100
杜,トア７,95
杞,キイ２,100
束,ソㇰ４,100
杭,ハン５,100
杮,ポ.エ３,100
杮,ペ.エ３,95
杯,ポエ,100
杰,キェッ８,100
東,タン,100
東,トン,95
杴,ヒァム,100
杵,|ツ.ウ２,100
杷,ペエ５,100
松,シォン５,100
松,チ.ェン５,95
松,ソン２,90
板,パヌ２,100
板,パン,95
枇,ピイ５,100
枇,ギイ５,95
枇,キ.イ５,90
枇,|チイ５,85
枇,ピイ⑸,80
枉,オン２,100
枋,パン,100
析,シェㇰ４,100
枕,チム２,100
林,ナア⑸,100
林,リム５,95
林,ナア⑵,90
林,ニア⑵,85
林,ナイ⑸,80
果,コヲ２,100
果,コエ２,95
果,ケエ２,90
枝,キイ,100
枝,チイ,95
枯,コオ,100
枴,コァイ２,100
枴,コァイ⑵,95
枵,イァウ,100
架,ケエ３,100
架,コ.エ３,95
架,カア３,90
架,ケ.エ３,85
枷,ケエ５,100
枷,カ.ア,95
枷,カア,90
枷,コエ５,85
枷,ケエ２,80
枸,コオ２,100
柄,ペエ⑶,100
柄,ピイ⑶,95
柄,ピェン３,90
柏,ピェㇰ４,100
柏,ペェ４,95
某,ボオ２,100
某,モオ⑵,95
柑,カム,100
染,ニイ⑵,100
染,ジァム２,95
染,リァム２,90
柔,ジウ５,100
柔,リウ５,95
柙,カァ４,100
柚,イウ７,100
柝,コ.ㇰ８,100
查,|サア,100
查,|サ.ア５,95
查,タア,90
柩,キウ７,100
柫,プッ４,100
柫,クッ４,95
柬,カヌ２,100
柯,コア,100
柯,コ.ヲ,95
柱,|チ.ァウ７,100
柱,ツウ７,95
柳,リウ２,100
柴,|サ.ア５,100
柴,|サ.イ５,95
柴,サア５,90
柵,サア,100
柵,チ.ェㇰ４,95
柺,コァイ⑵,100
柺,コァイ２,95
柿,キ.イ７,100
栓,スン⑴,100
栓,ツ.ン⑴,95
栗,リェㇰ８,100
栗,ラッ８,95
校,ハウ７,100
校,カウ３,95
株,|ツウ,100
株,ツウ,95
栱,コン５,100
栱,コン,95
栱,コン２,90
栱,キォン２,85
核,ヒェㇰ８,100
核,フッ８,95
核,ハッ８,90
根,キヌ,100
根,クヌ,95
格,ケェ４,100
格,キェㇰ４,95
格,ガア,90
栽,|サイ,100
栿,パ.ㇰ８,100
栿,ホㇰ８,95
桀,キェッ８,100
桂,クイ３,100
桃,ト.ヲ５,100
桃,トヲ５,95
桅,ウイ５,100
框,キ.ェン,100
框,コ.ン,95
案,アヌ３,100
案,ヲア⑶,95
桌,トㇻ４,100
桌,トォ４,95
桐,トン５,100
桐,タン５,95
桑,スン⑴,100
桑,ソン,95
桑,サン２,90
桔,キェッ４,100
桔,キッ４,95
桮,ポエ,100
桮,ペエ,95
桮,ポエ７,90
桱,ケエ⑶,100
桱,キイ⑶,95
桶,タ.ン２,100
桷,カㇰ４,100
桸,ヒア,100
桿,コァイ⑵,100
梁,ニウ⑸,100
梁,ニオ⑸,95
梁,リォン５,90
梅,モエ⑸,100
梅,ムイ⑸,95
梅,ム⑸,90
梅,ボエ５,85
梅,モァイ⑸,80
梓,ツウ２,100
梔,キイ,100
梗,キェン２,100
梗,ケエ⑵,95
梗,クイ⑵,90
梘,キェン２,100
條,|チァウ５,100
條,リァウ５,95
梟,ヒァウ,100
梢,サウ,100
梧,ゴオ⑸,100
梧,ゴオ５,95
梨,ライ５,100
梨,レエ５,95
梭,ソヲ,100
梯,|ツ.イ,100
梯,テ.エ,95
械,ハイ７,100
械,カイ３,95
械,ハイ５,90
梳,セエ,100
梳,ソエ,95
梵,ホァヌ７,100
棄,キ.イ３,100
棉,ミイ⑸,100
棉,ビェヌ５,95
棋,キイ５,100
棍,クヌ３,100
棑,パイ５,100
棒,パン７,100
棕,|サン,100
棗,|ソヲ２,100
棚,ペエ⑸,100
棚,ピイ⑸,95
棚,ピェン５,90
棟,トン３,100
棟,タン３,95
棠,トン５,100
棧,|サヌ３,100
棧,チェヌ３,95
森,シム,100
森,ソム,95
棰,|セ.エ５,100
棰,|ソ.エ５,95
棲,|セ.エ,100
棺,コァヌ,100
棺,コア⑴,95
椅,イイ２,100
植,シッ８,100
植,|チッ８,95
植,チッ８,90
椏,ヲエ,100
椏,ヲァイ⑺,95
椒,チヲ,100
椒,チァウ,95
椪,ポ.ン３,100
椰,イア５,100
椹,スイ５,100
楂,|サア,100
楊,イウ⑸,100
楊,イォン５,95
楊,チ.ウ⑸,90
楊,イヲ⑸,85
楊,チ.ウ５,80
楓,プン⑴,100
楓,ホン,95
楔,セェ４,100
楔,ソェ４,95
楗,キェン７,100
楗,カイ⑺,95
楗,カヌ７,90
楚,|ソ.ヲ２,100
楚,|ソ.オ２,95
楝,リェン７,100
楝,リェヌ７,95
楞,ゴン５,100
楠,ラム５,100
楣,バイ５,100
楦,フヌ３,100
楨,チェン,100
楬,アッ４,100
業,ギァㇷ８,100
極,キェㇰ８,100
楷,カ.イ２,100
楹,エエ⑸,100
楹,イェン５,95
楹,イイ⑸,90
概,カイ３,100
概,カ.イ３,95
榆,リウ５,100
榆,ジウ５,95
榔,ロン５,100
榔,ヌン⑸,95
榕,チ.ェン５,100
榕,イォン５,95
榕,チェン５,90
榕,シォン５,85
榛,チヌ,100
榜,プン⑵,100
榜,ポン２,95
榨,|サア３,100
榫,スヌ２,100
榮,イェン５,100
榴,リウ５,100
榻,タ.ㇷ４,100
榻,タ.ァ４,95
槃,ポ.ァヌ５,100
槊,ソㇰ８,100
構,コオ３,100
槌,|ツ.イ５,100
槍,チ.ウ⑴,100
槍,チ.ヲ⑴,95
槐,ホァイ５,100
槓,クン⑶,100
槓,コ.ン５,95
槓,コン３,90
槔,オオ,100
槤,リェヌ５,100
槳,チウ⑵,100
槳,チヲ⑵,95
槺,コ.ン,100
槽,|ソヲ５,100
樂,ロㇰ８,100
樂,ガㇰ８,95
樂,ガウ⑺,90
樊,ハヌ５,100
樊,ホァヌ５,95
樑,ニウ⑸,100
樑,リォン５,95
樑,ニオ⑸,90
樓,ラウ５,100
樓,ロオ５,95
標,ピァウ,100
標,ピヲ,95
標,ピ.ァウ,90
樞,ツ.ウ,100
樞,スウ,95
樟,チウ⑴,100
樟,チォン,95
樟,チヲ⑴,90
樠,ミア⑸,100
模,ボオ５,100
樣,イウ⑺,100
樣,イォン７,95
樣,イヲ⑺,90
樵,チァウ５,100
樸,ポ.ㇻ４,100
樸,ポ.ㇰ４,95
樹,チ.ウ７,100
樹,スウ７,95
樺,ホア７,100
樺,ホア５,95
樽,ツヌ,100
橂,|チェン７,100
橂,タヌ７,95
橂,タイ⑺,90
橄,カヌ,100
橄,カア⑴,95
橄,カム２,90
橋,キヲ５,100
橋,キァウ５,95
橐,ロㇰ４,100
橐,ロㇷ４,95
橐,ラㇰ４,90
橙,|チェン５,100
橙,チ.ァン５,95
橛,コェ８,100
機,キイ,100
機,クイ,95
機,ケエ,90
橫,ホァイ⑸,100
橫,フイ⑸,95
橫,ヒェン５,90
橫,ホエ⑸,85
檀,トア⑸,100
檀,タヌ５,95
檔,トン２,100
檔,トン３,95
檜,コエ３,100
檠,キア⑸,100
檢,キァム２,100
檣,チ.ォン５,100
檨,ソァイ⑺,100
檫,|サ.ッ４,100
檬,ボン２,100
檯,タイ５,100
檳,ピヌ,100
檳,プヌ,95
檸,レエ５,100
櫃,クイ７,100
櫓,ロオ２,100
櫛,チェッ４,100
櫞,イイ⑸,100
櫞,イェヌ５,95
櫥,|ツウ５,100
櫳,ラン,100
櫳,ロン５,95
櫻,イェン,100
櫼,チイ⑴,100
欄,ノア⑸,100
欄,ラヌ５,95
欉,|サン５,100
權,コ.ァヌ５,100
權,コァヌ５,95
欖,ナア⑵,100
欖,ラム２,95
欠,キ.ァム３,100
次,ツ.ウ３,100
欣,ヒム,100
欱,ハㇷ４,100
欱,ホㇷ４,95
欲,ベェ４,100
欲,ボェ４,95
欲,イォㇰ８,90
欲,ボㇻ４,85
欶,スゥ４,100
欸,エェ４,100
欹,キ.ア,100
欺,キ.イ,100
欽,キ.ム,100
款,コ.ァヌ２,100
款,コ.ア⑵,95
歁,カ.ム２,100
歆,ヒム,100
歇,ヒㇻ４,100
歇,ヘェ⑷,95
歇,ヘェ４,90
歉,キ.ァム３,100
歉,キ.ァム,95
歉,キ.ァム２,90
歌,コア,100
歌,コヲ,95
歌,コァイ,90
歎,タ.ヌ３,100
歐,アウ,100
歐,イヲ,95
歕,プヌ５,100
歡,ホア⑴,100
歡,ホァヌ,95
止,チイ２,100
正,チア⑶,100
正,チェン３,95
正,チア⑴,90
此,ツ.ウ２,100
此,チウ⑶,95
此,ツウ２,90
步,ポオ７,100
武,ブウ２,100
歧,キイ５,100
歪,ヲァイ,100
歪,ヲァイ⑴,95
歲,ホエ３,100
歲,ヘエ３,95
歲,ソエ３,90
歷,リェㇰ８,100
歸,クイ,100
歹,パ.イ⑵,100
歹,パ.イ２,95
歹,タイ２,90
死,シイ２,100
死,スウ２,90
殃,イォン,100
殉,スヌ５,100
殊,スウ５,100
殕,プ.ウ２,100
殖,シッ８,100
殖,シェㇰ８,95
殗,ギェヌ７,100
殘,|サヌ５,100
殘,|サ.ヌ５,95
殘,|ソア⑸,90
殭,キ.ォン,100
殭,キォン,95
殮,リァム７,100
殯,ピヌ,100
段,トア⑺,100
段,トァヌ７,95
殷,ウヌ５,100
殷,イヌ,95
殷,ウヌ,90
殺,サッ４,100
殼,カ.ㇰ４,100
殼,コ.ㇰ４,95
殿,|チェヌ７,100
毀,フイ２,100
毅,ギイ７,100
毅,ゲエ７,95
毋,ム⑺,100
母,ブウ２,100
母,ボヲ２,95
母,ビヲ２,90
母,ボオ２,85
每,ムイ⑵,100
毒,トㇰ８,100
毒,タ.ウ７,95
毒,タㇰ８,90
比,ピイ２,100
比,ピ.イ２,95
毛,ムン⑸,100
毛,モオ⑸,95
毛,モオ⑴,90
毛,ブヌ５,85
毛,ミイ⑸,80
毛,ムン⑴,75
毫,ホヲ５,100
毫,ホオ５,95
毬,キウ５,100
毬,キ.ウ５,95
毯,タ.ヌ２,100
毽,キェヌ３,100
毿,サム３,100
氅,|サ.ン２,100
氈,チイ⑴,100
氏,シイ７,100
民,ビヌ５,100
氓,ビヌ５,100
氛,フヌ,100
氣,キ.イ３,100
氣,ク.イ３,95
氧,イォン２,100
水,ツイ２,100
水,スイ２,95
永,イェン２,100
汁,チァㇷ４,100
汁,|サㇷ４,95
求,キウ５,100
汐,シㇷ８,100
汐,シェㇰ８,95
汗,コア⑺,100
汗,ハヌ７,95
汙,ウウ,100
汙,ウウ３,95
汙,ウウ２,90
汛,シヌ３,100
江,カン,100
江,カン２,95
池,|チイ５,100
污,ウウ,100
汨,ビェㇰ８,100
汪,オン,100
汪,ナゥ⑻,95
汪,ガウ⑵,90
汪,ホム２,85
汪,ハゥ⑻,80
汫,チア⑵,100
汰,ト.ア７,100
汰,タ.イ３,95
汴,ピェヌ７,100
汴,パヌ７,95
決,コァッ４,100
汽,キ.イ３,100
沂,キヌ５,100
沃,アㇰ４,100
沈,シム２,100
沉,|チム５,100
沉,|チァム５,95
沌,|ツヌ７,100
沐,バㇰ４,100
沐,ボㇰ８,95
沒,ブッ８,100
沓,タゥ８,100
沓,タㇷ８,95
沕,ビッ８,100
沖,チ.ァン５,100
沖,チ.ォン,95
沙,ソア,100
沙,サア,95
沙,セエ,90
沙,シエ,85
沛,パ.イ３,100
沢,チ.ㇻ４,100
沫,ポ.ェ８,100
沫,ペ.ェ８,95
沬,ビイ７,100
河,ホヲ５,100
河,オオ５,95
沸,フイ３,100
油,イウ５,100
治,|チイ７,100
沼,クウ７,100
沼,|サウ,95
沼,チァウ２,90
沽,コオ,100
沾,|サム,100
沿,イェヌ５,100
況,ホン２,100
泄,|ソ.ア７,100
泄,シェッ４,95
泅,シウ５,100
泉,|ソア⑸,100
泉,|ソァヌ５,95
泊,ピ.ェㇰ４,100
泊,ポㇰ８,95
泌,ピイ３,100
泏,|ソァ４,100
泏,|ソァッ４,95
泏,ツゥ４,90
泓,ホン５,100
泔,アム２,100
法,ホァッ４,100
泛,ホァヌ３,100
泛,ホァヌ７,95
泛,ハム３,90
泡,パ.ウ３,100
泡,ポ.ヲ,95
泡,ポ.ㇰ８,90
泡,ポ.ヲ３,85
泡,パ.ウ,80
波,ポ.ヲ,100
泣,キ.ㇷ４,100
泥,ニイ⑸,100
注,ツウ３,100
注,|ツウ３,95
泮,ポ.ァヌ３,100
泯,ビヌ２,100
泰,タ.イ３,100
泱,イア⑴,100
泱,イォン,95
泳,イェン２,100
泵,ポン７,100
洄,ホエ５,100
洋,イウ⑸,100
洋,イォン５,95
洋,イヲ⑸,90
洒,セエ３,100
洗,セエ２,100
洗,ソエ２,95
洘,コ.ヲ２,100
洘,コ.オ２,95
洘,コ.ヲ３,90
洛,ロㇰ８,100
洛,ロㇰ４,95
洞,トン７,100
津,|チヌ,100
津,チヌ,95
洩,シァㇷ８,100
洩,シェッ４,95
洪,アン５,100
洪,ホン５,95
洲,チウ,100
活,ヲァ８,100
活,ホァッ８,95
活,ヲァッ８,90
派,パ.イ３,100
流,ラウ５,100
流,リウ５,95
浙,チェッ４,100
浞,チ.ォㇰ８,100
浡,プ.ゥ８,100
浡,プ.ウ７,95
浣,ヲァヌ７,100
浦,ポ.オ２,100
浦,プ.ウ,95
浦,プ.ウ２,90
浦,プ.ゥ８,85
浦,プ.ゥ４,80
浩,ホヲ７,100
浪,ロン７,100
浪,ラン５,95
浮,プ.ウ５,100
浮,フウ５,95
浯,ゴオ⑸,100
浴,イェㇰ８,100
浴,イォㇰ８,95
海,ハイ２,100
浸,チム３,100
浸,チェン３,95
涂,ト.オ５,100
涂,トオ５,95
涅,リァㇷ４,100
消,シァウ,100
涉,シァㇷ８,100
涎,シェヌ５,100
涓,コァヌ,100
涗,ソエ３,100
涗,セエ３,95
涯,ガイ５,100
液,シㇻ８,100
液,イェㇰ８,95
涵,アム５,100
涵,ハム５,95
涸,コ.ㇰ４,100
涼,リァン５,100
涼,ニウ⑸,95
涼,リェン５,90
涼,リォン５,85
淇,キイ５,100
淋,ラム５,100
淋,リム５,95
淑,シォㇰ４,100
淒,|セ.エ,100
淘,トヲ５,100
淚,ルイ７,100
淝,フイ５,100
淡,タム７,100
淡,タア⑺,95
淨,チェン７,100
淪,ルヌ５,100
淫,イム５,100
淮,ホァイ５,100
深,チ.ム,100
淵,イェヌ,100
混,フヌ７,100
淹,イム,100
淺,チ.ェヌ２,100
淺,キ.ヌ２,95
添,|チ.ァム,100
添,|チ.イ⑴,95
清,チ.ェン,100
清,チ.イ⑴,95
清,ツ.イ⑴,90
減,キァム２,100
渝,ルウ５,100
渝,ウウ５,95
渝,ズウ５,90
渠,クウ５,100
渡,トオ７,100
渡,タウ７,95
渣,|セエ,100
渧,テエ３,100
測,チ.ェㇰ４,100
渭,ウイ７,100
港,カン２,100
渴,コ.ァ４,100
渴,カ.ッ４,95
游,イウ５,100
渺,ビァウ２,100
渾,フヌ５,100
湄,ビイ５,100
湖,オオ５,100
湖,ホオ５,95
湖,ゴオ⑸,90
湘,シォン,100
湠,ト.ア⑶,100
湢,ピィ４,100
湧,イェン２,100
湧,イォン２,95
湮,イェヌ,100
湯,|ツ.ン⑴,100
湯,ト.ン,95
湳,ラム３,100
溉,カイ３,100
源,ゴァヌ５,100
準,ツヌ２,100
溜,リウ,100
溜,リウ３,95
溝,カウ,100
溝,コオ,95
溡,チ.イ５,100
溢,イェㇰ４,100
溪,ケ.エ,100
溪,コ.エ,95
溪,ケ.エ⑴,90
溫,ウヌ,100
溯,ソオ３,100
溶,イウ⑸,100
溶,イォン５,95
溶,イヲ⑸,90
溺,リェㇰ８,100
溼,シㇷ４,100
滂,ポ.ン７,100
滂,ポン７,95
滄,|ソ.ン,100
滅,ビェッ８,100
滇,|チイ⑺,100
滇,|チェヌ,95
滋,ツウ,100
滑,クッ８,100
滒,コヲ７,100
滓,タイ２,100
滓,ライ２,95
滓,|サイ⑵,90
滬,ホオ７,100
滯,|ツウ３,100
滯,|チイ７,95
滲,シァム３,100
滴,|チィ４,100
滴,|チェㇰ４,95
滷,ロオ２,100
滸,ホオ２,100
滾,クヌ２,100
滿,モア⑵,100
滿,ボァヌ２,95
漁,ヒイ５,100
漁,フウ５,95
漁,グウ５,90
漂,ピ.ヲ３,100
漂,ピ.ァウ,95
漂,ピ.ァウ３,90
漂,ピヲ,85
漆,|サ.ッ４,100
漉,ロㇰ８,100
漉,ロㇰ４,95
漏,ラウ７,100
漏,ロオ７,95
演,イェヌ２,100
漖,カア３,100
漚,アウ３,100
漚,アウ,95
漚,アウ２,90
漠,ボㇰ８,100
漠,ボオ５,95
漢,ハヌ３,100
漢,ハヌ７,95
漩,ソァヌ７,100
漩,ソァヌ,95
漫,バヌ７,100
漱,ソァ４,100
漲,|チウ⑶,100
漲,|チォン３,95
漲,|チヲ⑶,90
漳,チァン,100
漳,チォン,95
漸,チァム７,100
漾,イォン７,100
漿,チウ⑴,100
漿,チォン,95
漿,チヲ⑴,90
潑,ポ.ァ４,100
潑,ポ.ァッ４,95
潔,キェッ４,100
潘,プ.ヌ,100
潘,ポ.ア⑴,95
潘,ポ.ァヌ,90
潛,チァム５,100
潟,シェㇰ４,100
潢,ホン５,100
潤,ズヌ７,100
潤,ルヌ７,95
潦,ロヲ２,100
潭,タ.ム５,100
潮,|チァウ５,100
潮,|チァウ,95
潮,|チヲ５,90
潰,ク.イ３,100
潰,フイ７,95
潰,フイ３,90
潲,シァウ５,100
潺,|サ.ヌ,100
澀,シァㇷ４,100
澄,|チェン５,100
澈,|チ.ェッ４,100
澍,ツ.ウ７,100
澎,ペ.エ⑸,100
澎,ピ.イ⑸,95
澗,カヌ２,100
澗,カヌ３,95
澡,|ソヲ２,100
澤,|チェㇰ８,100
澩,ハゥ⑻,100
澳,ヲヲ３,100
澳,ウウ３,95
澹,タム５,100
激,キェㇰ４,100
激,キェㇰ８,95
激,キ.ェㇰ４,90
濁,ロヲ５,100
濁,トㇰ８,95
濁,タㇰ８,90
濃,ロン５,100
濃,ロン,95
濆,ブヌ３,100
濛,ボン５,100
濟,|セエ７,100
濟,|セエ３,95
濟,|ソエ７,90
濤,トオ５,100
濤,トヲ５,95
濫,ラム７,100
濱,ピヌ,100
濺,|ソア⑺,100
濾,リイ７,100
瀆,トㇰ８,100
瀉,シア３,100
瀑,ポㇰ８,100
瀑,ポ.ㇰ８,95
瀕,ピヌ５,100
瀘,ルウ７,100
瀚,ハヌ７,100
瀛,イェン５,100
瀟,シァウ,100
瀧,リォン５,100
瀨,ロア７,100
瀳,チ.イ⑸,100
瀾,ノア⑺,100
瀾,ラヌ５,95
瀾,リェヌ５,90
灇,|サン５,100
灌,コァヌ３,100
灑,サア２,100
灘,ト.ア⑴,100
灘,タ.ヌ,95
灣,ヲァヌ５,100
灣,ヲァヌ,95
火,ホエ２,100
火,ヘエ２,95
火,ホヲ⑵,90
灰,ホエ,100
灰,ヘエ,95
灶,|サウ３,100
灶,|ソヲ３,95
灸,クウ３,100
災,|サイ,100
災,|セエ,95
炊,|ソ.エ,100
炊,|セ.エ,95
炎,イァム７,100
炒,|サ.ア２,100
炒,|サ.ウ２,95
炕,コ.ン３,100
炙,チア３,100
炤,チ.ヲ７,100
炫,ヒェヌ７,100
炭,ト.ア⑶,100
炮,パ.ウ３,100
炯,キェン２,100
炰,プウ５,100
炱,テエ,100
炳,ピェン２,100
炸,|サア３,100
炸,|ソア⑶,95
炸,チァ８,90
炸,チ.ア,85
炸,|サァ４,80
為,ウイ７,100
為,ウイ５,95
烈,リェッ８,100
烌,フウ,100
烏,オオ,100
烏,ウウ,95
烘,ハン,100
烘,ホン７,95
烘,ホン,90
烙,ロヲ７,100
烙,ロㇰ８,95
烤,コ.ヲ２,100
烰,プ.ウ５,100
烹,ピ.ェン,100
烽,ホン,100
焐,ウウ３,100
焗,コㇰ８,100
焙,ポエ７,100
焙,ペエ７,95
焚,フヌ５,100
焠,ツ.ゥ４,100
焠,ツ.イ３,95
無,ボヲ５,100
無,ブウ５,95
焦,タア,100
焦,ナア⑴,95
焦,チァウ,90
焦,タア⑴,85
焰,イァム７,100
焱,イア⑺,100
然,ジェヌ５,100
然,リェヌ５,95
煉,リェヌ７,100
煌,ホン５,100
煎,チェヌ,100
煎,|ソア⑴,95
煏,ピァㇰ４,100
煖,ロァヌ２,100
煙,イェヌ,100
煞,ソァ４,100
煞,サァ⑷,95
煞,サッ４,90
煠,サァ８,100
煠,サァ４,95
煠,サア７,90
煡,キ.ッ８,100
煤,モエ⑸,100
煥,ホァヌ３,100
照,チァウ３,100
照,チヲ３,95
煨,ヲエ,100
煩,ホァヌ５,100
煬,イァン７,100
煬,イォン５,95
煮,ツウ２,100
煮,チイ２,95
煽,シェヌ３,100
熁,ハァ⑷,100
熁,ハァ４,95
熄,シッ４,100
熇,ホヲ,100
熊,ヒム５,100
熏,フヌ,100
熔,イウ⑸,100
熔,イォン５,95
熗,チ.ェン３,100
熙,ヒイ,100
熟,シェㇰ８,100
熟,シォㇰ８,95
熥,|ツ.ン⑺,100
熥,タ.ン,95
熥,ラン,90
熥,|ツ.イ⑺,85
熨,ウッ４,100
熬,ゴヲ５,100
熱,ジェッ８,100
熱,ゾァ８,95
熱,リェッ８,90
熱,ロァ８,85
熱,ゾア７,80
熹,ヒイ,100
燃,ヒア⑸,100
燃,ジェヌ５,95
燃,リェヌ５,90
燄,イァム７,100
燈,|チェン,100
燉,|ツヌ７,100
燒,シヲ,100
燕,イェヌ３,100
燕,イイ⑶,95
燕,イェヌ,90
燖,|チム７,100
燙,|ツ.ン⑶,100
燜,ブヌ７,100
營,イア⑸,100
營,イェン５,95
燥,ソヲ３,100
燦,|サ.ヌ３,100
燭,チェㇰ４,100
燭,チォㇰ４,95
爁,ナァ⑷,100
爁,ナア⑶,95
爆,ポㇰ８,100
爍,シィ４,100
爍,シィ⑷,95
爐,ロオ５,100
爛,ノア⑺,100
爛,ラヌ７,95
爪,ジァウ２,100
爪,ニァウ⑵,95
爪,リァウ２,90
爪,ギァウ２,85
爬,ペエ５,100
爭,チェン,100
爭,|セエ⑴,95
爭,チイ⑴,90
爵,チォㇰ４,100
爵,チェㇰ４,95
父,フウ７,100
爸,ペエ７,100
爸,パァ４,95
爸,パア５,90
爸,パア,85
爸,パア２,80
爹,|チア,100
爺,イア５,100
爻,ガウ⑸,100
爽,ソン２,100
爽,スン⑵,95
爾,ニア⑺,100
爾,ニイ⑺,95
爾,ニイ⑵,90
爿,ピェン５,100
爿,ピヌ５,95
牆,チ.ウ⑸,100
牆,チ.ォン５,95
牆,チ.ヲ⑸,90
片,ピ.イ⑶,100
片,ピ.ェヌ３,95
版,パヌ２,100
牌,パイ５,100
牒,|チァㇷ８,100
牘,トㇰ８,100
牙,ゲエ５,100
牙,ガア５,95
牚,テ.エ⑶,100
牚,|チ.イ⑶,95
牚,|チ.イ３,90
牛,グウ５,100
牛,ギウ５,95
牟,ボオ５,100
牡,ボオ２,100
牢,|チァウ５,100
牢,ロヲ５,95
牧,ボㇰ８,100
物,ミィ⑻,100
物,ミィ⑷,95
物,ブッ８,90
物,ムン⑻,85
物,ミイ⑺,80
物,ミイ⑵,75
物,ムン⑺,70
物,ビヌ３,65
牯,コオ２,100
牲,シェン,100
牲,セエ⑴,95
牲,シイ⑴,90
特,|チェㇰ８,100
牽,カ.ヌ,100
牽,キ.ェヌ,95
犀,サイ,100
犀,セエ,95
犁,レエ５,100
犁,ロエ５,95
犅,カン２,100
犒,コ.ヲ３,100
犢,トㇰ８,100
犧,ヒイ,100
犬,キ.ェヌ２,100
犯,ホァヌ７,100
狀,チォン７,100
狀,|ソン７,95
狀,ツン⑺,90
狂,コン５,100
狄,|チェㇰ８,100
狎,アㇷ８,100
狐,ホオ５,100
狗,カウ２,100
狗,コオ２,95
狡,カウ２,100
狩,シウ３,100
狸,リイ５,100
狹,エェ８,100
狹,ヒァㇷ８,95
狹,ヲェ８,90
狹,エエ７,85
狼,ロン５,100
狼,リォン５,95
狽,ポエ７,100
猊,リイ５,100
猊,ジイ５,95
猌,ギヌ７,100
猖,チ.ォン,100
猛,メエ⑵,100
猛,ビェン２,95
猜,|サ.イ,100
猩,シェン,100
猫,バア５,100
猴,カウ５,100
猶,イァウ２,100
猶,イウ,95
猶,イウ５,90
猶,アア２,85
猶,イア２,80
猶,イァ４,75
猶,アァ４,70
猾,クッ８,100
猿,ヲァヌ５,100
獄,ガㇰ８,100
獄,ギェㇰ８,95
獅,サイ,100
獎,チォン２,100
獎,チァン２,95
獠,リァウ５,100
獨,トㇰ８,100
獨,タㇰ８,95
獲,ヒェㇰ８,100
獵,ラァ８,100
獵,リァㇷ８,95
獸,シウ３,100
獺,ト.ァ４,100
獻,ヒェヌ３,100
玄,ヒェヌ５,100
率,ルッ８,100
率,スッ４,95
玉,ギォㇰ８,100
玉,ギェㇰ８,95
王,オン５,100
玩,ヲァヌ２,100
玩,ゴァヌ２,95
玫,ムイ⑸,100
玲,リヌ,100
玲,リェン５,95
玲,リヌ５,90
玻,ポヲ,100
珊,ソァヌ,100
珊,サヌ,95
珍,|チヌ,100
珍,チヌ,95
珞,ロㇰ８,100
珠,ツウ,100
班,パヌ,100
珮,ポエ３,100
現,ヒェヌ７,100
現,ヒェヌ３,95
球,キウ５,100
球,キ.ウ５,95
理,リイ２,100
琉,リウ５,100
琢,トㇰ４,100
琦,キイ５,100
琪,キイ５,100
琳,リム５,100
琴,キ.ム５,100
琵,ピイ５,100
琶,ペエ５,100
琶,パア５,95
琺,ホァッ４,100
瑄,ソァヌ,100
瑋,ウイ２,100
瑕,ハア５,100
瑙,ロヲ２,100
瑚,オオ５,100
瑚,ロオ５,95
瑛,イェン,100
瑜,ズウ５,100
瑜,ルウ５,95
瑜,ウウ５,90
瑞,スイ７,100
瑞,ツイ２,95
瑟,シェㇰ４,100
瑟,シッ４,95
瑠,リウ５,100
瑣,ソヲ２,100
瑤,イァウ５,100
瑩,イェン５,100
瑪,マア⑵,100
瑪,ベエ２,95
瑯,ロン,100
瑯,ロン５,95
瑰,クイ３,100
璃,レエ５,100
璃,リイ５,95
璇,ソァヌ７,100
璋,チォン,100
璜,ホン５,100
璞,ポ.ㇰ４,100
璞,ポ.ㇻ４,95
環,コ.ァヌ５,100
環,ホァヌ５,95
璿,ソァヌ５,100
瓊,キ.ェン５,100
瓊,キ.ォン５,95
瓜,コエ,100
瓜,コア,95
瓠,プウ５,100
瓠,プイ５,95
瓢,ピ.ヲ５,100
瓣,バヌ７,100
瓣,パヌ７,95
瓤,ヌン⑸,100
瓤,リォン５,95
瓤,ジォン５,90
瓤,ヌン⑺,85
瓦,ヒア７,100
瓦,ヲア２,95
瓦,ホア７,90
瓦,ハウ７,85
瓶,パヌ５,100
瓷,フイ５,100
甄,チヌ,100
甌,アウ,100
甍,ボン３,100
甓,ピ.ァ８,100
甕,アン３,100
甕,ペエ⑸,95
甘,カム,100
甘,ラム,95
甚,シム７,100
甜,|チイ⑴,100
生,シェン,100
生,セエ⑴,95
生,シイ⑴,90
生,|セ.エ⑴,85
生,チ.イ⑴,80
產,サヌ２,100
甥,シェン,100
甦,ソオ,100
用,イォン７,100
用,イェン７,95
甪,ルッ４,100
甫,フウ２,100
甭,バン３,100
田,|サ.ヌ５,100
田,|チェヌ５,95
田,|チェヌ７,90
田,イェヌ５,85
由,イウ５,100
甲,カァ４,100
甲,カㇷ４,95
申,シヌ,100
男,ラム５,100
甸,|チェヌ７,100
町,|チェン,100
界,ケエ３,100
界,カイ３,95
界,コエ３,90
畏,ウイ３,100
畔,ポァヌ７,100
留,ラウ５,100
留,リウ５,95
畚,プヌ３,100
畚,プヌ７,95
畜,|チ.ェㇰ４,100
畜,|チ.ォㇰ４,95
畝,ボオ２,100
畢,ピッ４,100
略,リㇻ８,100
略,リォㇰ８,95
番,ホァヌ,100
番,ハヌ,95
番,アヌ,90
畫,ヲエ７,100
畫,ウイ７,95
異,イイ７,100
異,イイ⑺,95
當,タン３,100
當,|ツン⑴,95
當,トン,90
當,タン,85
當,トン３,80
當,|ツン⑶,75
疆,キォン,100
疇,|チウ５,100
疊,タ.ァ８,100
疊,|チ.ァㇷ８,95
疊,|チ.ァㇷ４,90
疏,ソオ,100
疏,セエ,95
疏,ソオ３,90
疑,ギイ５,100
疔,|チェン,100
疕,ピ.イ２,100
疤,パア,100
疥,ケエ３,100
疥,コエ３,95
疧,キ.イ５,100
疫,イェㇰ８,100
疫,イァ８,95
疱,パ.ア７,100
疲,ピ.イ５,100
疳,カム,100
疵,ツ.ウ５,100
疶,|ソ.ァ４,100
疸,タ.ヌ２,100
疹,チヌ２,100
疼,|チ.ア⑶,100
疾,チッ８,100
疾,チェㇰ８,95
痀,クウ,100
病,ペエ⑺,100
病,ピイ⑺,95
病,ピェン７,90
症,チェン３,100
痔,|チイ７,100
痕,フヌ５,100
痘,トオ７,100
痘,タウ７,95
痚,ヘエ,100
痛,タ.ン３,100
痛,ト.ン３,95
痞,ピ.イ２,100
痟,シァウ２,100
痟,シァウ,95
痠,スン⑴,100
痡,ポオ５,100
痢,リイ７,100
痣,キイ３,100
痧,ソア,100
痰,タ.ム５,100
痱,プイ３,100
痲,モア⑸,100
痲,マア⑸,95
痲,バア５,90
痴,チ.イ,100
痹,ピイ３,100
痺,ピイ３,100
痻,イヌ,100
痻,ウヌ,95
痻,フヌ,90
瘋,ホン,100
瘋,ホァン,95
瘍,イォン５,100
瘟,ウヌ,100
瘡,ツ.ン⑴,100
瘡,|ソ.ン,95
瘤,リウ５,100
瘦,サヌ２,100
瘦,ソオ２,95
瘰,ルイ３,100
瘰,リイ２,95
瘰,ビイ２,90
瘸,コ.エ５,100
瘸,ケ.エ５,95
瘸,コ.エ,90
瘼,モォ⑻,100
瘼,モオ⑶,95
瘼,モオ⑺,90
瘼,モォ⑷,85
瘼,ナア⑶,80
癀,ホン５,100
療,リァウ５,100
癆,ロヲ５,100
癉,タヌ,100
癌,ガム５,100
癖,ピ.ァ４,100
癖,ピ.ァ８,95
癖,ピ.ア７,90
癗,ルイ５,100
癜,|チヲ７,100
癜,|チヲ３,95
癡,チ.イ,100
癢,チウ⑺,100
癢,イォン２,95
癢,チヲ⑺,90
癧,ラッ８,100
癩,タ.イ２,100
癬,シェヌ２,100
癮,ギェヌ３,100
癮,イヌ２,95
癰,イェン,100
癲,|チェヌ,100
癸,クイ２,100
癸,クイ３,95
登,|チェン,100
發,ホァッ４,100
發,プゥ４,95
發,ホァッ８,90
白,ペェ８,100
白,ピェㇰ８,95
白,ペエ７,90
白,ポェ８,85
百,パァ４,100
百,ペェ４,95
百,ピェㇰ４,90
皂,|ソヲ７,100
的,エエ５,100
的,|チェㇰ４,90
的,|チェㇰ８,85
皆,カイ,100
皇,ホン５,100
皎,キァウ２,100
皓,ホオ７,100
皓,ホヲ７,95
皙,シェㇰ４,100
皮,ポ.エ５,100
皮,ペ.エ５,95
皮,ピ.イ５,90
皮,ピイ５,85
皺,ジァウ５,100
皺,リァウ５,95
盃,ポエ,100
盆,プ.ヌ５,100
盈,イェン５,100
益,イェㇰ４,100
益,イァ４,95
盍,カ.ァ４,100
盒,アㇷ８,100
盒,アァ８,95
盔,コ.エ,100
盛,シェン７,100
盛,シア⑺,95
盜,トヲ７,100
盞,|ソア⑵,100
盞,|サヌ２,95
盟,ビェン５,100
盡,チヌ７,100
盡,チヌ３,95
監,カム３,100
監,カア⑴,95
監,カム,90
監,カア,85
盤,ポア⑸,100
盤,ポ.ァヌ５,95
盤,ポァヌ５,90
盦,アム５,100
盧,ロオ５,100
盪,|ツン⑺,100
盪,トン７,95
目,バㇰ８,100
目,ボㇰ８,95
目,ブイ,90
盯,|チェン３,100
盲,メエ⑸,100
盲,ボン５,95
盲,モオ⑸,90
盲,ミイ⑸,85
直,|チッ８,100
相,シヲ,100
相,シォン,95
相,シォン３,90
相,サア⑴,85
相,シウ⑶,80
相,シウ⑴,75
相,シォン７,70
相,シァン,65
相,シヲ⑴,60
相,シウ,55
相,シァン３,50
相,シヲ⑶,45
盹,|ツゥ４,100
盼,パ.ヌ３,100
盾,|ツヌ２,100
省,シェン２,100
眉,バイ５,100
眉,ビイ５,95
看,コ.ア⑶,100
看,カ.ヌ３,95
看,コ.ァヌ３,90
真,チヌ,100
眠,ビヌ５,100
眠,ビェヌ５,95
眠,ムン⑸,90
眠,ミイ⑸,85
眨,|サ.ㇷ８,100
眩,ヒヌ５,100
眯,ビイ５,100
眵,ツ.ゥ４,100
眷,コァヌ３,100
眼,ガヌ２,100
眼,ギェン２,95
眼,キェン２,90
眼,ガイ⑵,85
眾,チォン３,100
眾,チェン３,95
着,|チㇻ８,100
睏,ク.ヌ３,100
睚,カイ⑸,100
睛,チェン,100
睡,|ソエ７,100
睡,スイ７,95
睡,|セエ７,90
督,トㇰ４,100
睦,ボㇰ８,100
睨,ギヌ５,100
睨,グヌ５,95
睫,チァ４,100
睫,チァㇷ８,95
睭,チウ,100
睹,トオ２,100
睿,ゾエ７,100
瞅,チ.ウ,100
瞌,ケ.ェ４,100
瞌,カア,95
瞌,コ.ェ４,90
瞞,モア⑸,100
瞪,テエ⑶,100
瞪,|チイ⑶,95
瞬,スヌ３,100
瞭,リァウ５,100
瞭,リヲ２,95
瞭,リァウ２,90
瞳,トン５,100
瞻,チァム,100
瞿,ク.ウ５,100
矇,ボン５,100
矛,マウ⑸,100
矛,モオ⑸,95
矜,キ.ム,100
矜,キェン,95
矢,シイ２,100
矣,アァ４,100
知,|サイ,100
知,|チイ,95
矩,キイ２,100
矩,クウ２,95
短,テエ２,100
短,トァヌ２,95
矮,エエ２,100
矮,ヲエ２,95
矯,キァウ２,100
石,チㇻ８,100
石,シェㇰ８,95
石,シァ８,90
石,シィ８,85
石,チヲ７,80
石,シア７,75
矸,カヌ,100
砂,ソア,100
砂,セエ,95
砃,タヌ,100
砉,ホァ４,100
砌,キィ４,100
砍,カ.ム２,100
砒,ピ.イ,100
砒,ピ.イ⑸,95
研,ギェヌ２,100
研,ギェン２,95
研,ガイ⑵,90
研,グイ⑵,85
研,ガヌ２,80
砛,ギム５,100
砣,トオ５,100
砣,トヲ５,95
砧,|チァム,100
砰,ピ.ェン,100
砲,パ.ウ３,100
破,ポ.ア３,100
破,ポ.ヲ３,95
硃,ツウ,100
硐,トン７,100
硓,ロオ２,100
硝,シァウ,100
硞,コ.ㇰ８,100
硞,コ.ㇰ４,95
硩,テェ４,100
硫,リウ５,100
硬,ゲエ⑺,100
硬,ギイ⑺,95
硬,ギェン７,90
硯,ヒイ⑺,100
硼,ピ.ェン５,100
硼,ピェン５,95
硿,クン⑵,100
碇,|チア⑺,100
碇,|チェン７,95
碇,|チア⑶,90
碉,|チァウ,100
碌,ロㇰ８,100
碌,リェㇰ８,95
碎,ツ.イ３,100
碑,ピイ,100
碓,|ツイ３,100
碖,ルヌ２,100
碗,ヲア⑵,100
碗,ヲァイ⑵,95
碟,|チァㇷ８,100
碟,|チィ８,95
碡,タㇰ８,100
碣,カ.ッ４,100
碣,キ.ェッ４,95
碧,ピ.ェㇰ４,100
碩,シェㇰ８,100
碩,シェㇰ４,95
碭,|ツ.ン⑺,100
碰,ポン７,100
碰,ポ.ン３,95
碳,ト.ア⑶,100
確,カ.ㇰ４,100
確,キ.ァㇰ８,95
碼,ベエ２,100
碼,マア⑵,95
碾,リェヌ２,100
磁,ツウ５,100
磅,ポン７,100
磅,ポ.ン２,95
磊,ルイ２,100
磋,|ソ.ヲ,100
磐,ポア⑸,100
磐,ポ.ァヌ５,95
磕,カ.ㇷ８,100
磚,ツン⑴,100
磚,|ソァヌ,95
磚,ツイ⑴,90
磟,ラㇰ８,100
磨,ボア５,100
磨,ボヲ７,95
磨,モオ⑸,90
磯,キイ,100
磺,ホン５,100
磺,ン⑸,95
礁,タア,100
礁,タア⑴,95
礁,チァウ,90
礎,|ソ.オ２,100
礐,ハㇰ８,100
礓,キァン,100
礙,ガイ７,100
礙,ガイ⑺,95
礤,|ソ.ァ４,100
礦,コ.ン３,100
礪,レエ３,100
礫,リェㇰ８,100
礬,ホァヌ５,100
礱,ラン５,100
示,シイ７,100
社,シア７,100
祀,|サ.イ７,100
祀,スウ７,95
祀,サイ７,90
祈,キイ５,100
祉,チイ２,100
祐,イウ７,100
祕,ピイ３,100
祖,|ソオ２,100
祚,|サア３,100
祛,キア７,100
祝,チォㇰ４,100
神,シヌ５,100
祟,スイ,100
祟,スイ７,95
祠,スウ５,100
祠,シイ７,95
祥,シォン５,100
祧,|チ.ァウ７,100
票,ピ.ヲ３,100
票,ピ.ァウ３,95
祭,|セエ３,100
祹,トヲ５,100
祺,キイ５,100
祿,ロㇰ８,100
禁,キム３,100
禍,ホヲ７,100
禍,エエ７,95
禎,チェン,100
福,ホㇰ４,100
禦,グウ７,100
禧,ヒイ,100
禪,シェヌ５,100
禪,シェヌ７,95
禪,シァム５,90
禮,レエ２,100
禱,トヲ２,100
禹,ウウ２,100
禽,キ.ム５,100
禾,ホヲ５,100
禿,|ツ.ゥ４,100
禿,|ツ.ッ４,95
秀,シウ３,100
私,スウ,100
私,サイ,95
私,シイ,90
秉,ピェン２,100
秋,チ.ウ,100
秋,チ.ヲ,95
科,コ.ヲ,100
秒,ビヲ２,100
秒,ビァウ２,95
秘,ピイ３,100
租,|ソオ,100
秤,チ.ヌ３,100
秤,ピェン５,95
秦,チヌ５,100
秧,ン⑴,100
秧,イォン,95
秧,イァン,90
秩,|チェッ８,100
秪,テエ,100
秫,ツッ８,100
秮,タイ,100
移,イイ５,100
稀,ヒイ,100
稅,ソエ３,100
稅,セエ３,95
稈,コァイ⑵,100
稈,クイ⑵,95
程,|チェン５,100
程,|チ.ェン５,95
程,|チ.ア⑸,90
稗,ポ.エ７,100
稗,ペ.エ７,95
稚,|チイ７,100
稜,リェン５,100
稜,リェン７,95
稟,ピヌ２,100
稠,|チウ５,100
稠,キ.ッ４,95
種,チォン２,100
種,チェン２,95
種,チェン３,90
種,チォン３,85
稱,チ.ェン,100
稷,チェㇰ４,100
稻,|チウ７,100
稻,トヲ７,95
稼,カア３,100
稽,ケ.エ,100
稿,コヲ２,100
穀,コㇰ４,100
穆,ボㇰ８,100
穌,ソオ,100
積,チェㇰ４,100
穎,イイ⑵,100
穗,スイ７,100
穗,ボエ２,95
穡,シッ４,100
穡,シェㇰ４,95
穢,ヲエ３,100
穢,エエ３,95
穩,ウヌ２,100
穫,ヒェㇰ８,100
穴,ヒェッ８,100
究,キウ３,100
穹,キォン,100
空,カ.ン,100
空,コ.ン,95
空,コ.ン３,90
空,カ.ン３,85
穿,チ.ェン７,100
穿,ツ.ン⑴,95
穿,|ソ.ァヌ,90
穿,ツ.イ⑴,85
穿,チ.ォン７,80
突,|ツッ８,100
突,|ツ.ッ８,95
窄,チェㇰ４,100
窈,イァウ２,100
窒,タ.ッ４,100
窕,|チ.ァウ２,100
窗,タ.ン,100
窗,|ソ.ン,95
窘,ク.ヌ２,100
窞,タ.ム７,100
窟,ク.ッ４,100
窣,スッ８,100
窩,ヲヲ,100
窮,キ.ェン５,100
窮,キェン５,95
窮,キォン５,90
窮,キ.ェン,85
窯,イヲ５,100
窵,|チァウ３,100
窸,シイ７,100
窸,シイ,95
窸,シィ８,90
窺,ク.イ,100
竄,|ソ.ァヌ３,100
竄,ツ.ン⑶,95
竅,キ.ァウ３,100
竅,キ.ヲ３,95
竇,トオ７,100
竊,チ.ァㇷ４,100
竊,チ.ェッ４,95
立,リㇷ８,100
站,|サム７,100
竟,キェン３,100
章,チォン,100
章,チウ⑴,95
章,チヲ⑴,90
童,タン５,100
童,トン５,95
竭,キェッ８,100
端,トァヌ,100
端,トア⑴,95
競,キェン７,100
競,キェン３,95
竹,|チェㇰ４,100
竹,|チォㇰ４,95
竺,|チォㇰ４,100
竿,カヌ,100
竿,コア⑴,95
笆,パア,100
笈,キㇷ８,100
笊,|ソア２,100
笑,チ.ヲ３,100
笑,シァウ３,95
笑,チ.ァウ３,90
笒,ギァム２,100
笒,ギム２,95
笙,シェン,100
笛,タッ８,100
笛,|チェㇰ８,95
笠,レェ８,100
笠,リㇷ８,95
笠,ロェ８,90
笠,レエ７,85
符,フウ５,100
笨,プヌ７,100
笨,プヌ３,95
第,テエ７,100
笱,コヲ５,100
筅,チ.ェン２,100
筅,|サ.イ⑵,95
筅,|サ.ヌ２,90
筆,ピッ４,100
等,タヌ２,100
等,|チェン２,95
筊,キァウ２,100
筋,キヌ,100
筋,クヌ,95
筍,スヌ２,100
筐,キ.ェン,100
筐,コ.ン,95
筒,タン５,100
筒,トン５,95
答,タㇷ４,100
答,タァ４,95
策,チ.ェㇰ４,100
筠,ウヌ５,100
筧,キ.ヲ３,100
筧,キェン２,95
筧,キェヌ２,90
筩,タ.ン７,100
筵,イェヌ５,100
箅,ピヌ２,100
箋,チェヌ,100
箍,コ.オ,100
箏,チェン,100
箔,ポㇻ８,100
箕,キイ,100
算,スン⑶,100
算,ソァヌ３,95
算,スイ⑶,90
箠,|ソ.エ５,100
箠,|セ.エ５,95
箠,スイ５,90
管,コァヌ２,100
管,コン２,95
管,クン⑵,90
管,クイ⑵,85
箬,ハァ８,100
箭,チイ⑶,100
箭,チェヌ３,95
箱,シウ⑴,100
箱,シォン,95
箱,シヲ⑴,90
箴,チム,100
箸,|チイ７,100
箸,|ツウ７,95
節,|セェ４,100
節,|サッ４,95
節,チェッ４,90
節,|ソェ４,85
範,パヌ７,100
範,ホァヌ７,95
篇,ピ.イ⑴,100
篇,ピ.ェヌ,95
築,|チォㇰ８,100
篋,ケ.ェ４,100
篙,コヲ,100
篠,シァウ２,100
篠,シァウ７,95
篡,|ソ.ァヌ３,100
篤,タウ２,100
篤,トㇰ４,95
篤,タゥ４,90
篦,ピヌ３,100
篩,タ.イ,100
篱,レエ７,100
篱,ロエ７,95
篱,リイ５,90
篷,パ.ン５,100
篷,ポン５,95
篷,ホン５,90
篷,ポ.ン５,85
篾,ビィ８,100
篾,ビェッ８,95
篾,ビイ７,90
簇,|ソ.ㇰ４,100
簡,カヌ２,100
簪,チァム,100
簫,シァウ,100
簷,チイ⑸,100
簷,リァム５,95
簸,ポア３,100
簸,ポア⑶,95
簽,チ.ァム,100
簾,リイ５,100
簾,ニイ⑸,95
簾,リァム５,90
簿,ポ.オ７,100
簿,ポ.ㇰ８,95
籃,ナア⑸,100
籃,ラム５,95
籌,|チウ５,100
籍,チェㇰ８,100
籐,|チヌ５,100
籗,カ.ァ４,100
籠,ラン２,100
籠,ラム,95
籠,ロン５,90
籠,ラン５,85
籠,ラン７,80
籠,ラン,75
籠,ロン２,70
籤,チ.ァム,100
籬,リイ５,100
籮,ロア５,100
籮,ロヲ５,95
籲,イォㇰ８,100
米,ビイ２,100
粅,ブッ４,100
粉,フヌ２,100
粒,リァㇷ８,100
粕,ポ.ㇻ４,100
粕,ポ.ㇰ４,95
粗,|ソ.オ,100
粗,ト.オ,95
粗,チ.ヲ,90
粘,リァム５,100
粞,|セ.エ３,100
粞,|ソ.エ３,95
粟,チ.ェㇰ４,100
粟,シォㇰ４,95
粧,ツン⑴,100
粧,|ソン,95
粩,ラウ２,100
粱,リァン５,100
粱,リォン５,95
粹,ツ.イ３,100
粽,|サン３,100
精,チェン,100
精,チア⑴,95
精,チイ⑴,90
粿,コエ２,100
粿,ケエ２,95
粿,コエ,90
糊,コオ５,100
糊,ホオ５,95
糋,チイ⑶,100
糍,チイ５,100
糕,コヲ,100
糖,|ツ.ン⑸,100
糙,|ソ.ヲ３,100
糜,モエ⑸,100
糜,ベエ５,95
糜,ミイ⑴,90
糜,モァイ⑸,85
糜,マイ⑴,80
糝,サム２,100
糞,プヌ３,100
糞,フヌ３,95
糟,|サウ,100
糠,ク.ン⑴,100
糠,コ.ン,95
糧,ニウ⑸,100
糧,ニオ⑸,95
糰,ト.ァヌ５,100
糴,|チァ８,100
糴,|チェㇰ８,95
糴,|チア７,90
糴,|チァㇰ８,85
糶,|チ.ヲ３,100
糶,|チ.ァウ３,95
系,ヘエ７,100
糾,キウ３,100
紀,キイ３,100
紀,キイ２,95
紀,キ.イ２,90
紂,|チウ７,100
約,イォㇰ４,100
紅,アン５,100
紅,ホン５,95
紅,アア５,90
紋,ブヌ５,100
納,ラㇷ８,100
紐,リウ２,100
純,スヌ５,100
紗,セエ,100
紗,サア,95
紗,ソア,90
紙,|ソア２,100
級,キㇷ４,100
紛,フヌ,100
素,ソオ３,100
紡,パ.ン２,100
紡,ホン２,95
索,ソㇻ４,100
索,シェㇰ４,95
紩,|チ.イ⑺,100
紫,チイ２,100
紬,|チ.ウ,100
紮,|サァ４,100
紮,|サッ４,95
紮,|サㇷ４,90
累,ルイ７,100
累,ルイ２,95
細,セエ３,100
細,ソエ３,95
紲,ソア３,100
紳,シヌ,100
紹,シァウ７,100
紺,コ.ン２,100
紽,トヲ５,100
終,チォン,100
絃,ヒェヌ５,100
組,|ソオ,100
絆,ポア⑶,100
絆,ポァヌ３,95
結,キェッ４,100
結,カッ４,95
絕,|ソァッ８,100
絕,|セェ８,95
絚,アヌ５,100
絞,カア２,100
絞,カウ２,95
絡,レエ,100
絡,ロㇰ８,95
絡,ロㇻ８,90
絢,ヒェヌ３,100
絢,スヌ５,95
給,キㇷ４,100
絨,ジォン５,100
絨,リォン５,95
絪,イヌ,100
絮,スウ３,100
統,ト.ン２,100
絲,シイ,100
絳,コン３,100
絹,キヌ３,100
綁,パン２,100
經,キェン,100
經,ケエ⑴,95
經,キイ⑴,90
綜,|ソン,100
綜,|ソン３,95
綠,リェㇰ８,100
綠,リォㇰ８,95
綢,|チウ５,100
維,ウイ５,100
維,イイ５,95
綰,コア⑺,100
綱,コン,100
網,バン７,100
網,ボン２,95
綴,トエ３,100
綴,テエ３,95
綴,トァッ４,90
綴,|ソエ３,85
綵,|サ.イ２,100
綸,コァヌ,100
綸,ルヌ５,95
綹,リウ２,100
綺,キ.イ２,100
綽,チ.ォㇰ４,100
綾,リェン５,100
綿,ミイ⑸,100
綿,ビェヌ５,95
緊,キヌ２,100
緒,スウ７,100
緒,スウ５,95
線,ソア⑶,100
線,シェヌ３,95
緝,チㇷ８,100
緝,チ.ㇷ４,95
緞,トァヌ７,100
緟,ト.ン７,100
締,テエ３,100
緣,イェヌ５,100
編,ピェヌ,100
編,ピイ⑴,95
緩,ヲァヌ７,100
緬,ビェヌ２,100
緯,ウイ７,100
緯,フイ７,95
練,リェヌ７,100
緻,|チイ３,100
緻,|チイ７,95
縋,ルイ７,100
縐,|ソヲ３,100
縒,|ソァ８,100
縖,ハア５,100
縛,パㇰ８,100
縣,コァヌ７,100
縣,クイ⑺,95
縣,コァイ⑺,90
縫,パ.ン７,100
縫,パン５,95
縫,ホン５,90
縭,リイ,100
縭,リイ５,95
縮,ソㇰ４,100
縮,シォㇰ４,95
縱,チ.ォン２,100
縱,チ.ォン３,95
縱,チ.ォン,90
總,|ソン２,100
總,|サン２,95
績,チェㇰ４,100
績,|セェ４,95
繁,ホァヌ５,100
繃,ペエ⑴,100
繃,ピイ⑴,95
繆,ビウ７,100
繏,スン⑶,100
繐,スイ,100
織,チッ４,100
繚,リァウ７,100
繞,ジァウ３,100
繞,リァウ３,95
繡,シウ３,100
繩,チヌ５,100
繩,シェン５,95
繪,ホエ７,100
繫,ヘエ７,100
繭,キェヌ２,100
繭,キェン２,95
繭,カヌ２,90
繳,キァウ２,100
繼,ケエ３,100
續,シォㇰ８,100
纏,|チイ⑸,100
纏,|チェヌ５,95
纓,イイ⑴,100
纓,イア⑴,95
纓,イェン,90
纓,エエ⑴,85
纖,シァム,100
纖,チ.ァム,95
纜,ラム２,100
纜,ラム７,95
缸,クン⑴,100
缸,コン,95
缺,キ.ィ４,100
缺,コ.ェ４,95
缺,コ.ァッ４,90
缺,ケ.ェ４,85
缽,ポァ４,100
缽,ポァッ４,95
缾,ピ.ア⑴,100
罅,ハア３,100
罈,タ.ム５,100
罐,コァヌ３,100
罔,ボン２,100
罕,ハヌ２,100
罟,コオ,100
罨,アム,100
罨,ラム,95
罩,タア３,100
罩,タウ３,95
罪,|ソエ７,100
罪,|セエ７,95
置,|チイ３,100
罰,ホァッ８,100
署,スウ２,100
署,スウ７,95
罵,メエ⑺,100
罵,マア⑺,95
罵,マア⑵,90
罵,マア⑸,85
罵,ミイ⑺,80
罷,パア７,100
罾,|サヌ,100
羅,ロヲ５,100
羅,ロヲ２,95
羊,イウ⑸,100
羊,イォン５,95
羊,イヲ⑸,90
羌,キウ⑴,100
羌,キォン,95
羌,キヲ⑴,90
美,ビイ２,100
美,ボエ２,95
美,ベエ２,90
美,ビイ,85
羓,パア,100
羔,コヲ,100
羞,チ.ウ,100
羞,シウ,95
群,クヌ５,100
羨,シェヌ７,100
義,ギイ７,100
羯,キェッ４,100
羲,ヒイ,100
羶,ヒェヌ３,100
羹,ケエ⑴,100
羹,キイ⑴,95
羹,キェン,90
羽,ウウ２,100
翁,アン,100
翁,オン,95
翁,イァン,90
翅,チ.イ３,100
翎,リェン７,100
習,シㇷ８,100
翔,シォン５,100
翕,ヒㇷ４,100
翟,|チェㇰ８,100
翠,ツ.イ３,100
翡,フイ２,100
翦,チェヌ２,100
翩,ピ.ェヌ,100
翰,ハヌ７,100
翱,コヲ７,100
翳,イイ３,100
翳,エエ３,95
翸,プ.ヌ２,100
翹,キ.ァウ３,100
翻,ホァヌ,100
翼,シッ８,100
翼,イェㇰ８,95
耀,イァウ７,100
老,ラウ７,100
老,ラウ２,95
老,ロヲ２,90
老,ノオ⑵,85
老,ロオ７,80
考,コ.ヲ２,100
考,コ.ヲ⑵,95
者,チア２,100
耆,キイ５,100
而,ジイ５,100
而,リイ５,95
耍,スン⑵,100
耎,ロァヌ２,100
耎,ゾァヌ２,95
耐,ナイ⑺,100
耕,キェン,100
耗,ホヲ⑶,100
耘,ウヌ５,100
耙,ペエ５,100
耙,ペエ７,95
耞,キイ⑵,100
耞,ケエ⑵,95
耳,ヒイ⑺,100
耳,ヒイ７,95
耳,ニイ⑵,90
耳,ジイ２,85
耳,ミイ⑵,80
耳,ジイ⑵,75
耶,イア５,100
耽,タア⑸,100
耽,タム,95
耿,キェン２,100
聆,リェン５,100
聊,リァウ５,100
聖,シェン３,100
聖,シア⑶,95
聘,ピ.ェン３,100
聚,ツウ７,100
聞,ブヌ５,100
聬,アン２,100
聬,アン３,95
聯,リェヌ５,100
聰,|ソ.ン,100
聲,シア⑴,100
聲,シェン,95
聳,|サ.ン３,100
聳,サン２,95
聶,リァㇷ８,100
職,チッ４,100
聽,|チ.ア⑴,100
聽,|チ.ェン３,95
聽,|チ.ェン,90
聾,ラン５,100
聾,ロン５,95
聿,ウッ８,100
肅,シォㇰ４,100
肆,スウ３,100
肇,|チァウ７,100
肉,バァ４,100
肉,ジォㇰ８,95
肉,リォㇰ８,90
肉,ヒェㇰ８,85
肋,リェㇰ８,100
肌,キイ,100
肓,ボン５,100
肓,ホン５,95
肓,ホン,90
肖,シァウ３,100
肘,|チウ２,100
肚,トオ２,100
肚,トオ７,95
肛,コン,100
肝,コア⑴,100
肝,カヌ,95
股,コオ２,100
肢,キイ,100
肥,プイ５,100
肥,フイ５,95
肨,ハン３,100
肩,キェン,100
肩,キェヌ,95
肭,レェ４,100
肯,キ.ェン２,100
肱,コン,100
育,イヲ,100
育,イォㇰ８,95
肴,ガウ⑸,100
肺,ヒイ３,100
胃,ウイ７,100
背,ポエ７,100
背,ポエ３,95
胎,タ.イ,100
胎,テ.エ,95
胖,パ.ン３,100
胘,キェヌ７,100
胚,ポ.エ,100
胚,ペ.エ,95
胛,カァ４,100
胞,パウ,100
胡,ホオ５,100
胡,オオ５,95
胭,イェヌ,100
胮,ハン３,100
胰,イイ５,100
胰,イイ,95
胱,コン,100
胳,コㇻ４,100
胳,コェ４,95
胳,クィ４,90
胴,タン５,100
胴,ラン,95
胴,タン,90
胸,ヒェン,100
胸,ヒォン,95
能,リェン５,100
胿,クイ,100
胿,コァイ,95
胿,コァイ⑴,90
脂,チイ,100
脅,ヒァㇷ８,100
脆,|セ.エ３,100
脆,ツ.イ３,95
脆,|ソ.エ３,90
脇,ヒァㇷ８,100
脈,メェ⑻,100
脈,ビェㇰ８,95
脈,ベェ８,90
脈,メエ⑺,85
脈,メェ⑷,80
脈,ベエ７,75
脊,チァ４,100
脊,チッ４,95
脊,チェㇰ４,90
脣,|ツヌ５,100
脫,ト.ァッ４,100
脫,|ツ.ッ８,95
脫,|ツ.ッ４,90
脫,ト.ァ４,85
脬,パ.ア,100
脯,ポオ２,100
脯,ポオ５,95
脰,タウ７,100
脹,|チウ⑶,100
脹,|チォン３,95
脹,|チヲ⑶,90
脽,ツイ,100
脾,ピイ５,100
脾,ピ.イ５,95
腋,イェㇰ８,100
腌,アア,100
腌,アム,95
腎,シェヌ７,100
腎,シヌ７,95
腐,フウ７,100
腐,フウ２,95
腑,フウ２,100
腔,キ.ウ⑴,100
腔,チ.ウ⑴,95
腔,キ.ォン,90
腔,キ.ァン,85
腔,キ.ヲ⑴,80
腔,チ.ヲ⑴,75
腕,ヲア⑵,100
腕,ヲァヌ２,95
腡,レエ５,100
腥,|セ.エ⑴,100
腥,|セ.エ⑶,95
腥,チ.イ⑴,90
腥,チ.イ⑶,85
腥,|セ.エ,80
腦,ナウ⑵,100
腦,ロヲ２,95
腦,ノオ⑵,90
腩,ラム２,100
腫,チェン２,100
腮,チ.イ,100
腯,|ツ.ヌ２,100
腰,イヲ,100
腰,イァウ,95
腱,キェヌ３,100
腱,キェヌ７,95
腳,キㇻ４,100
腳,カ.ア,95
腳,キォㇰ４,90
腴,ズウ５,100
腸,|ツン⑸,100
腸,チ.ァン５,95
腸,|チォン５,90
腸,チ.ェヌ５,85
腸,リォン５,80
腹,パㇰ４,100
腹,ホㇰ４,95
腹,バㇰ４,90
腹,バッ４,85
腹,パッ４,80
腹,パ.ッ４,75
腿,|ツ.イ２,100
膀,ポ.ン５,100
膀,ポン５,95
膁,リァム２,100
膈,ケェ４,100
膋,ラア５,100
膎,ケエ５,100
膎,コエ５,95
膏,コヲ,100
膏,コヲ５,95
膏,コオ,90
膏,コヲ７,85
膚,フウ,100
膜,モォ⑻,100
膝,シッ４,100
膝,チ.ェㇰ４,95
膠,カア,100
膣,チイ,100
膨,ポ.ン３,100
膩,ジイ７,100
膩,リイ７,95
膭,クイ７,100
膳,シェヌ７,100
膽,タア⑵,100
膽,タム２,95
膿,ラン５,100
膿,ロン５,95
臁,リァム５,100
臂,ピイ３,100
臆,イㇻ４,100
臆,イェㇰ４,95
臆,イㇷ４,90
臉,リェヌ２,100
臉,リァム２,95
臊,|ソ.ヲ,100
臊,|サ.ウ,95
臍,|サイ５,100
臍,|セエ５,95
臏,ピヌ７,100
臘,ラァ８,100
臘,リァㇷ８,95
臟,|ソン７,100
臟,ツン⑺,95
臢,|サア,100
臢,|サム,95
臣,シヌ５,100
臥,ゴオ⑺,100
臧,|ソン,100
臨,リム５,100
臨,リム２,95
臨,リァム５,90
自,ツウ７,100
臭,|サ.ウ３,100
至,チイ３,100
致,|チイ３,100
臺,タイ５,100
臼,ク.ウ７,100
舀,イウ⑵,100
舀,イヲ⑵,95
舀,イヲ２,90
舂,チェン,100
舅,クウ７,100
舅,キウ７,95
與,ウウ２,100
與,イイ２,95
與,ウウ７,90
興,ヒェン,100
興,ヒェン３,95
興,ヒヌ,90
舉,キイ２,100
舉,クウ２,95
舊,クウ７,100
舊,キウ７,95
舌,チィ８,100
舌,シェッ８,95
舌,チイ７,90
舍,シア３,100
舐,チイ⑺,100
舐,ツン⑺,95
舐,チイ７,90
舒,ツ.ウ,100
舒,スウ,95
舒,ソオ,90
舒,チ.イ,85
舖,ポ.オ３,100
舜,スヌ３,100
舞,ブウ２,100
舟,チウ,100
舢,サム,100
舨,パヌ２,100
航,ハン５,100
般,ポア⑴,100
般,パヌ,95
般,ポァヌ,90
舵,タイ７,100
舵,トア７,95
舵,トヲ７,90
舷,ヒェヌ５,100
船,ツヌ５,100
舺,カァ４,100
艇,|チ.ェン２,100
艋,バン２,100
艙,ツ.ン⑴,100
艙,|ソ.ン,95
艚,|ソヲ５,100
艦,ラム７,100
艦,カム３,95
良,リォン５,100
艱,カヌ,100
色,シェㇰ４,100
艷,イァム７,100
艾,ガイ⑺,100
艾,ヒア⑺,95
芋,オオ７,100
芋,ウウ７,95
芍,チォㇰ４,100
芎,キォン,100
芒,ボン５,100
芒,バン５,95
芒,バン,90
芙,プ.ウ５,100
芙,フウ５,95
芝,チイ,100
芟,シェン,100
芟,サヌ,95
芟,スン⑴,90
芡,キ.ェヌ３,100
芡,キ.ァム３,95
芥,コア３,100
芥,カイ３,95
芥,ケエ３,90
芫,イェヌ５,100
芫,イェヌ,95
芫,ヲァヌ,90
芫,ヲァヌ５,85
芬,フヌ,100
芭,パア,100
花,ホエ,100
花,ホア,95
芳,パ.ン,100
芳,ホン,95
芷,チイ２,100
芸,ウヌ５,100
芹,キ.ヌ５,100
芹,ク.ヌ５,95
芽,ゲエ５,100
芽,ガア５,95
芽,ベエ５,90
芽,レエ５,85
苑,ヲァヌ２,100
苒,リァム５,100
苒,ジァム５,95
苓,リェン５,100
苔,|チ.イ５,100
苔,タ.イ,95
苔,|チイ５,90
苗,ビァウ５,100
苗,ミァウ⑸,95
苛,コ.ヲ５,100
苛,コ.ヲ,95
苞,ポオ５,100
苞,パウ,95
苟,コオ２,100
若,ナア⑺,100
若,ナア⑵,95
若,リォㇰ８,90
若,ジォㇰ８,85
若,アア７,80
若,ロヲ７,75
苦,コ.オ２,100
苦,クウ,95
苧,トエ７,100
苧,テエ７,95
苧,|ツ.ウ２,90
英,イェン,100
苳,タン,100
苴,ツウ７,100
苻,フウ５,100
茂,ボオ７,100
茂,オム７,95
茂,アム７,90
范,ホァヌ７,100
茄,カア,100
茄,キヲ５,95
茅,フム⑸,100
茅,マウ⑸,95
茅,ム⑸,90
茈,チイ⑵,100
茉,ボァ８,100
茉,バㇰ８,95
茫,ボン５,100
茫,バン５,95
茭,カア,100
茭,カ.ア,95
茯,ホㇰ８,100
茱,ツウ,100
茲,ツウ,100
茵,イヌ,100
茶,テエ５,100
茶,テエ,95
茶,|サ.ア５,90
茸,リォン５,100
茸,ジォン５,95
荀,スヌ５,100
荇,ヒェン７,100
草,|サ.ウ２,100
草,|ソ.ヲ２,95
荊,キェン,100
荍,シヲ５,100
荏,ラム２,100
荐,チェヌ３,100
荒,フン⑴,100
荒,ホン,95
荒,フイ⑴,90
荔,ナイ⑺,100
荔,レエ７,95
荔,ライ７,90
荖,ラウ２,100
荖,ロヲ２,95
荖,ラウ７,90
荳,トオ７,100
荷,ホヲ５,100
荷,ホエ５,95
荷,ハア５,90
荷,ホオ,85
荷,フウ５,80
荷,フヌ５,75
荷,ホオ５,70
荽,スイ,100
荽,スイ⑴,95
莆,ポオ５,100
莆,フウ２,95
莉,ニイ⑺,100
莉,リイ７,95
莊,ツン⑴,100
莊,|ソン,95
莎,ソヲ,100
莎,サア,95
莒,キイ２,100
莓,ム⑸,100
莓,ムイ⑸,95
莖,ホァイ⑸,100
莖,キェン,95
莖,フイ⑸,90
莢,ゲェ⑷,100
莢,コェ４,95
莢,ゴェ⑷,90
莢,ゴェ４,85
莧,ヒェン７,100
莧,ハン７,95
莫,マイ⑶,100
莫,ボㇰ８,95
莫,ボㇻ８,90
莽,ボン２,100
莿,チ.イ３,100
菁,|セ.エ⑴,100
菁,チ.イ⑴,95
菁,チェン,90
菅,コア⑴,100
菅,カヌ,95
菇,コオ,100
菊,キォㇰ４,100
菊,カㇰ４,95
菌,ク.ヌ２,100
菖,チ.ォン,100
菖,チ.ァン,95
菜,|サ.イ３,100
菝,ポァッ８,100
菝,パッ８,95
菝,プッ８,90
菠,ペエ,100
菠,ポエ,95
菠,ポヲ,90
菡,ハム５,100
菩,ポ.オ５,100
華,ホア５,100
華,ホア,95
華,ホア３,90
華,カァ４,85
菱,リェン５,100
菲,フイ２,100
菲,フイ,95
菽,シォㇰ４,100
萄,トヲ５,100
萊,ライ５,100
萍,ピ.ェン５,100
萎,ウイ,100
萎,ウイ２,95
萣,|チア⑺,100
萬,バヌ７,100
萬,バン２,95
萱,ソァヌ,100
萵,エエ,100
萵,ヲエ,95
萵,メェ⑷,90
萵,ヲヲ,85
萼,ゴㇰ８,100
落,ロㇻ８,100
落,ラウ３,95
落,ラㇰ４,90
落,ロㇰ８,85
落,ラゥ８,80
落,ロㇻ４,75
落,ロオ７,65
落,ラウ７,60
落,ロヲ７,55
葆,ポヲ２,100
葉,ヒㇻ８,100
葉,イァㇷ８,95
著,|チㇻ８,100
著,トㇻ８,95
著,|ツウ３,90
著,|チォㇰ８,80
著,|チヲ７,75
著,トヲ７,70
葛,カッ４,100
葛,コァ４,95
葡,プ.ウ５,100
葡,ポ.ヲ５,95
葡,ポヲ５,90
葡,プウ５,85
葡,ポ.エ５,80
董,タン２,100
董,トン２,95
葩,パ.ア,100
葫,ホオ５,100
葫,オオ５,95
葬,|ソン３,100
葵,コ.エ５,100
葵,クイ５,95
葵,コ.エ,90
蒂,|チイ３,100
蒔,シイ５,100
蒙,ボン５,100
蒜,ソァヌ３,100
蒲,ポオ５,100
蒸,チェン,100
蒼,|ソ.ン,100
蒿,ヲヲ,100
蓁,チヌ,100
蓄,ハㇰ４,100
蓄,|チ.ォㇰ４,95
蓆,チ.ㇻ８,100
蓆,チ.ヲ７,95
蓉,イォン５,100
蓋,カイ３,100
蓋,コア３,95
蓋,カァ４,90
蓋,カㇷ４,85
蓑,スイ,100
蓪,ト.ン,100
蓬,ポ.ン７,100
蓬,ポン７,95
蓬,ホン５,90
蓮,リェヌ５,100
蓮,リェヌ,95
蓮,リェヌ２,90
蓮,ラヌ５,85
蓮,リァム２,80
蓮,ナイ⑸,75
蔀,ポオ７,100
蔑,ビェッ８,100
蔓,モア⑺,100
蔓,バヌ７,95
蔔,ポㇰ８,100
蔗,チア３,100
蔚,ウイ３,100
蔡,|ソ.ア３,100
蔣,チウ⑵,100
蔣,チヲ⑵,95
蔥,|サ.ン,100
蔫,リェヌ,100
蔬,セエ,100
蔬,ソオ,95
蔭,イム３,100
蔭,ン⑵,95
蔽,ペエ３,100
蕃,ハヌ,100
蕃,ホァヌ,95
蕉,チヲ,100
蕉,チァウ,95
蕊,ルイ２,100
蕎,ギヲ７,100
蕎,キヲ７,95
蕎,キㇻ４,90
蕎,ジヲ７,85
蕗,ロオ７,100
蕗,ラア７,95
蕗,ノオ⑺,90
蕘,ギヲ５,100
蕙,フイ７,100
蕨,コェ４,100
蕨,ケェ４,95
蕨,コエ３,90
蕨,ケエ３,85
蕩,トン７,100
蕩,|ツン⑺,95
蕪,ブウ５,100
蕭,シァウ,100
蕭,シヲ,95
蕳,カヌ,100
蕹,イェン３,100
蕾,レエ５,100
蕾,ルイ２,95
薁,ヲヲ３,100
薄,ポㇻ８,100
薄,ポㇰ８,95
薄,ポヲ７,90
薅,カ.ウ,100
薇,ビイ５,100
薈,ホエ７,100
薏,イイ３,100
薐,リェン５,100
薑,キウ⑴,100
薑,キヲ⑴,95
薔,チ.ウ⑸,100
薛,シィ４,100
薟,ヒァム,100
薟,ヒァン,95
薦,チイ３,100
薦,チェヌ３,95
薩,サッ４,100
薪,シヌ,100
薯,チイ５,100
薯,ツウ５,95
薰,フヌ,100
薸,ピ.ヲ５,100
薺,チイ５,100
藃,ヒァゥ４,100
藃,ヒァウ,95
藉,チェㇰ４,100
藉,チㇻ４,95
藉,チァ４,90
藍,ナア⑸,100
藍,ラム５,95
藏,|サ.ン３,100
藏,|ソン５,95
藏,|ソン７,90
藐,ビァウ２,100
藕,ガウ⑺,100
藕,ゴオ⑵,95
藝,ゲエ７,100
藤,|チヌ５,100
藤,|チェン５,95
藥,イㇻ８,100
藥,イォㇰ８,95
藥,イヲ７,90
藩,ポ.ァヌ,100
藩,ホァヌ,95
藹,アイ２,100
藺,リヌ７,100
蘆,ロオ５,100
蘇,ソオ,100
蘊,ウヌ３,100
蘋,ポ.ン５,100
蘋,ポ.ン７,95
蘋,ピ.ェン５,90
蘑,モオ⑸,100
蘭,ラヌ５,100
蘭,リェヌ５,95
蘭,ラヌ２,90
蘭,リェヌ,85
蘿,ロㇰ８,100
蘿,ロヲ５,95
虎,ホオ２,100
虎,フウ,95
虐,ギㇻ８,100
虐,ギェㇰ８,95
虐,ギォㇰ８,90
虔,キ.ェヌ５,100
處,ツ.ウ２,100
處,ツ.ウ３,95
虛,ヒイ,100
虛,フウ,95
虜,ロオ２,100
虞,グウ５,100
號,ホヲ７,100
號,ロヲ７,95
虧,ク.イ,100
虫,フイ２,100
虯,キ.ウ５,100
虱,サッ４,100
虹,キ.ェン７,100
虹,ホン５,95
虼,カア,100
蚊,バン２,100
蚊,ブヌ５,95
蚋,ラア７,100
蚋,ラㇰ８,95
蚌,パン７,100
蚌,バン７,95
蚓,クヌ２,100
蚓,ウヌ２,95
蚓,キヌ２,90
蚓,ルヌ２,85
蚣,カン,100
蚤,|サウ２,100
蚵,ヲヲ５,100
蚶,ハム,100
蚻,|ソァ８,100
蚻,|ソア７,95
蛀,チウ３,100
蛀,ツウ３,95
蛄,コオ,100
蛆,チ.イ,100
蛆,ツ.ウ,95
蛇,|ソア５,100
蛇,シア５,95
蛉,ニィ⑷,100
蛋,タヌ３,100
蛋,トア⑴,95
蛋,ロア,90
蛋,ノア⑴,85
蛙,ヲア,100
蛙,コエ５,95
蛚,レエ,100
蛚,レエ７,95
蛛,|ツウ,100
蛟,カウ,100
蛣,キェッ４,100
蛤,カㇷ４,100
蛹,イォン２,100
蛻,|ツ.イ３,100
蛾,イァ８,100
蜀,シォㇰ８,100
蜂,パ.ン,100
蜂,ホン,95
蜃,シヌ７,100
蜅,ポオ,100
蜅,コオ,95
蜈,ギア５,100
蜈,ゴオ⑸,95
蜈,ゴオ５,90
蜈,モオ⑸,85
蜊,ラア５,100
蜊,ライ５,95
蜍,チイ５,100
蜍,ツウ５,95
蜘,|チイ,100
蜜,ビッ８,100
蜞,キ.イ５,100
蜢,メェ⑷,100
蜢,ニィ⑷,95
蜢,ネェ⑷,90
蜢,ニイ⑴,85
蜣,キウ⑴,100
蜷,ク.ヌ５,100
蝒,ビヌ７,100
蝒,グヌ７,95
蝒,ブヌ７,90
蝕,シィ８,100
蝕,シッ４,95
蝕,シェㇰ８,90
蝕,シイ７,85
蝕,シッ８,80
蝙,ピェヌ２,100
蝛,ブイ,100
蝛,ウイ,95
蝝,イェヌ５,100
蝟,ウイ７,100
蝠,ホㇰ４,100
蝦,ヘエ５,100
蝨,サッ４,100
蝴,オオ５,100
蝴,ホオ５,95
蝶,イァ８,100
蝶,|チァㇷ８,95
蝶,イア７,90
蝹,ウヌ,100
蝻,ラム５,100
螂,ラン５,100
螂,ボン５,95
融,イォン５,100
融,ヒォン５,95
螕,ピイ,100
螟,ビェン５,100
螢,イェン５,100
螢,ヒェン５,95
螳,トン５,100
螺,レエ５,100
螺,ロオ５,95
螿,チウ⑴,100
螿,チヲ⑴,95
螿,チォン,90
蟀,スッ４,100
蟀,スイ３,95
蟄,|チッ８,100
蟊,モオ⑴,100
蟋,シィ４,100
蟋,シェㇰ４,95
蟋,|チェㇰ４,90
蟒,ボン２,100
蟒,バン２,95
蟧,ラア５,100
蟬,シェヌ５,100
蟮,シェヌ７,100
蟮,シヌ７,95
蟮,シヌ５,90
蟮,シヌ,85
蟯,ギァゥ⑻,100
蟯,ギヲ５,95
蟯,リァウ５,90
蟯,ジァウ５,85
蟲,タ.ン５,100
蟲,|チ.ォン５,95
蟲,アン５,90
蟲,タン５,85
蟲,ラン５,80
蟳,チム５,100
蟶,タ.ヌ,100
蟹,ヘエ７,100
蟹,ハイ７,95
蟹,ホエ７,90
蟹,ヘェ４,85
蟻,ヒア７,100
蟻,ギイ２,95
蟾,シァム５,100
蠅,シヌ５,100
蠍,ギェッ４,100
蠐,|セエ５,100
蠐,|セ.エ５,95
蠓,バン２,100
蠕,ルウ５,100
蠕,ルヌ３,95
蠕,ズウ５,90
蠘,チ.ィ８,100
蠟,ラァ８,100
蠟,ラㇷ８,95
蠢,ツ.ヌ２,100
蠳,ニイ⑴,100
蠶,|サ.ム５,100
蠶,タ.ム５,95
蠶,|サ.ヌ５,90
蠻,バヌ５,100
蠽,|ソァ８,100
蠽,|ソア７,95
血,ホェ４,100
血,フィ４,95
血,ヒェッ４,90
行,キア⑸,100
行,ヒェン５,95
行,ハン５,90
行,ヒェン７,85
行,リェン５,80
行,ヌン⑺,75
衍,イェヌ２,100
術,スッ８,100
街,ケエ,100
街,コエ,95
衙,ゲエ５,100
衛,ヲエ７,100
衛,ヲエ２,95
衛,ウイ７,90
衝,チ.ォン,100
衝,|ソ.ン２,95
衝,チ.ェン３,90
衡,ヒェン５,100
衣,イイ,100
衣,ウイ,95
表,ピァウ２,100
表,ピヲ２,95
衫,サア⑴,100
衰,ソエ,100
衰,スイ,95
衲,ラㇷ８,100
衷,|チ.ォン,100
袁,ヲァヌ５,100
袂,ベエ７,100
袂,ボエ７,95
袈,カア,100
袋,テエ７,100
袋,タイ７,95
袍,パ.ウ５,100
袖,シウ３,100
袚,ポ.ァ８,100
被,ポ.エ７,100
被,ペ.エ７,95
被,ピイ７,90
袱,ホㇰ８,100
裁,|サ.イ５,100
裂,リィ８,100
裂,リェッ８,95
裂,リァ４,90
裊,ニァウ⑵,100
裌,キァㇷ４,100
裏,リイ２,100
裒,ポオ５,100
裔,エエ３,100
裔,イイ３,95
裕,ズウ７,100
裕,ルウ７,95
裘,ヒウ５,100
裙,クヌ５,100
補,ポオ２,100
裝,|ソン,100
裝,ツン⑴,95
裟,セエ,100
裡,リイ２,100
裡,ニィ⑷,90
裱,ピァウ２,100
裴,ポエ５,100
裹,コヲ２,100
裼,テ.ェ４,100
裼,ト.ェ４,95
製,|セエ３,100
裾,キイ,100
裾,クウ,95
褂,コア３,100
複,ホㇰ８,100
褒,ポヲ,100
褙,ポエ３,100
褙,ペエ３,95
褚,|ツ.ウ２,100
褥,リォㇰ８,100
褥,ジォㇰ８,95
褪,|ツ.ン⑶,100
褪,|ツ.イ⑶,95
褫,|チ.イ２,100
褲,コ.オ３,100
襀,チㇻ４,100
襄,シォン,100
襇,キェン２,100
襇,カヌ２,95
襞,ペ.エ２,100
襟,キ.ム,100
襤,ラム５,100
襪,ボェ８,100
襪,ボァッ８,95
襪,ベェ８,90
襪,ボエ７,85
襲,シㇷ８,100
襻,パ.ヌ３,100
西,セエ,100
西,サイ,95
西,シイ,90
西,シエ,85
要,イァウ３,100
要,イァウ,95
要,アア２,90
覆,パ.ㇰ４,100
覆,ホㇰ４,95
見,キェヌ３,100
見,キイ⑶,95
規,クイ,100
覓,マイ⑺,100
覓,バア７,95
覓,ビェㇰ８,90
覓,ボア５,85
覓,ボア７,80
覕,ビィ４,100
視,シイ７,100
親,チ.ヌ,100
親,チ.イ⑴,95
親,|セ.エ⑴,90
親,|サ.ヌ,85
親,チ.ェン,80
覲,キヌ７,100
覷,ツ.ゥ４,100
覺,カㇰ４,100
覽,ラム２,100
觀,コァヌ,100
觀,コァヌ３,95
角,カㇰ４,100
觔,クヌ,100
解,カイ２,100
解,ケエ２,95
觱,ピイ,100
觳,コ.ㇰ４,100
觳,コ.ㇰ８,95
觳,コ.オ２,90
觳,ポ.ㇰ４,85
觸,タㇰ４,100
觸,チ.ォㇰ４,95
觸,チ.ェㇰ４,90
觸,タㇰ８,85
觸,シォㇰ８,80
觸,タウ２,75
言,ギェヌ５,100
言,ガヌ５,95
訂,|チェン７,100
訃,フウ３,100
計,ケエ３,100
計,キイ３,95
計,ケ.エ３,90
計,キ.イ３,85
訊,シヌ３,100
討,ト.ヲ２,100
訓,フヌ３,100
訕,ソァヌ７,100
訕,ソァヌ,95
託,ト.ㇰ４,100
記,キイ３,100
訟,シォン７,100
訣,コァッ４,100
訪,ホン２,100
設,シェッ４,100
許,コ.オ２,100
許,ヒイ２,95
許,フウ２,90
訴,ソオ３,100
訶,ホヲ⑴,100
診,チヌ２,100
註,ツウ３,100
詈,レエ２,100
詈,ロエ２,95
詐,|サア３,100
詔,チァウ３,100
評,ピ.ェン５,100
詞,スウ５,100
詢,スヌ５,100
詣,ゲエ７,100
試,チ.イ３,100
詩,シイ,100
詬,カウ７,100
詭,クイ２,100
詭,ク.イ２,95
詮,|ソ.ァヌ,100
詰,キ.ェッ４,100
話,ヲエ７,100
該,カイ,100
詳,シォン５,100
詳,シァン５,95
詹,チァム,100
詼,コ.エ,100
詼,ケ.エ,95
誅,|ツウ,100
誇,コ.ア,100
誌,チイ３,100
認,ジヌ７,100
認,リヌ７,95
誓,|ソア７,100
誓,セエ３,95
誓,セエ７,90
誕,タヌ３,100
誕,タヌ７,95
誘,イウ２,100
語,ギイ２,100
語,グウ２,95
誠,チア⑸,100
誠,シェン５,95
誡,カイ３,100
誣,ブウ５,100
誤,ゴオ７,100
誤,ゴオ⑺,95
誦,シォン７,100
誨,ホエ３,100
說,ソェ４,100
說,ソァッ４,95
說,セェ４,90
說,ソエ３,85
誰,ツイ５,100
誰,スイ５,95
誰,|チァン５,90
誰,チア５,85
誰,ツイ７,80
誰,シァン５,75
課,コ.エ３,100
課,コ.ヲ３,95
課,ケ.エ３,90
誹,フイ２,100
誼,ギイ５,100
誼,ギイ７,95
調,|チァウ７,100
調,|チァウ５,95
調,|チァウ３,90
調,|チァウ,85
調,タ.ウ５,80
談,タム５,100
請,チ.ア⑵,100
請,チ.ェン２,95
諍,|セエ⑶,100
諍,チイ⑶,95
諍,チェン３,90
諒,リォン７,100
論,ルヌ７,100
諜,|チァㇷ８,100
諞,ピェヌ２,100
諦,テエ３,100
諧,ハイ５,100
諭,ルウ７,100
諭,ズウ７,95
諮,ツウ,100
諱,フイ３,100
諳,アム,100
諷,ホン２,100
諸,ツウ,100
諸,|チイ,95
諺,ガヌ７,100
諾,ロㇰ８,100
諾,ヒㇻ４,95
諾,ハア⑶,85
謀,ボオ５,100
謀,ビヲ５,95
謀,モオ⑸,90
謂,ウイ７,100
謂,ウイ３,95
謄,|チ.ェン５,100
謊,ホン,100
謊,ホン２,95
謎,ビイ７,100
謎,ベエ７,95
謎,ビイ５,90
謔,ギㇻ８,100
謔,ギォㇰ４,95
謗,ポン３,100
謙,キ.ァム,100
講,コン２,100
講,カン２,95
謝,シア７,100
謝,チア７,95
謠,イァウ５,100
謬,ビウ７,100
謳,オオ,100
謹,キヌ２,100
謼,ホォ４,100
譀,ハム３,100
譁,ホア７,100
證,チェン３,100
譎,キ.ェッ４,100
譏,キイ,100
識,シェㇰ４,100
譚,タ.ム５,100
譚,タム５,95
譜,ポ.オ２,100
警,キェン２,100
警,キェン３,95
譬,ピ.イ３,100
譯,イェㇰ８,100
議,ギイ７,100
譴,キ.ェヌ３,100
譴,キ.ェヌ２,95
護,ホオ７,100
護,ロオ７,95
譽,ウウ７,100
讀,タ.ㇰ８,100
讀,ト.ㇰ８,95
讀,タウ７,90
讀,トオ７,85
變,ピェヌ３,100
變,ピイ⑶,95
讓,ニウ⑺,100
讓,リォン７,95
讓,ジォン７,90
讓,ニオ⑺,85
讖,|サ.ム３,100
讚,|サヌ３,100
讚,|サヌ２,95
谷,コㇰ４,100
豆,タウ７,100
豈,キ.イ２,100
豉,シイ⑺,100
豉,シイ７,95
豋,|チェン,100
豍,ピイ,100
豎,スウ７,100
豐,ホン,100
豐,ポ.ン,95
豔,イァム７,100
豚,|ツ.ヌ５,100
象,シォン７,100
象,チ.ウ⑺,95
象,シウ⑺,90
象,シォン３,85
象,シォン２,80
象,シヌ７,75
象,シヲ⑺,70
象,チ.ヲ⑺,65
豪,ホヲ５,100
豫,ウウ７,100
豬,|チイ,100
豬,|ツウ,95
豸,ト.ア７,100
豹,パア３,100
貂,|チァウ,100
貉,ホヲ５,100
貌,マウ⑺,100
貓,ニァウ⑴,100
貓,バア５,95
貓,バウ５,90
貝,ポエ３,100
貞,チェン,100
負,フウ７,100
財,|サイ５,100
貢,コン３,100
貧,ピヌ５,100
貧,パヌ５,95
貧,プヌ５,90
貧,パヌ７,85
貨,ホエ３,100
貨,ヘエ３,95
貨,ホヲ⑶,90
貨,ホヲ３,85
販,ホァヌ３,100
販,ポ.ア⑶,95
販,ポ.ア３,90
貪,タ.ム,100
貫,クン⑶,100
貫,コァヌ３,95
貫,クイ⑶,90
責,チェㇰ４,100
貯,テエ２,100
貯,トエ２,95
貯,|ツ.ウ２,90
貳,リイ７,100
貳,ジイ７,95
貴,クイ３,100
貶,ピェヌ２,100
買,ベエ２,100
買,ボエ２,95
買,マイ⑵,90
貸,タイ７,100
貺,ヒェン７,100
貺,ハヌ７,95
費,フイ３,100
費,ピイ３,95
貼,タァ４,100
貼,|チ.ァㇷ４,95
貼,|チァㇷ８,90
貿,バウ７,100
貿,ボオ７,95
貿,バゥ８,90
賀,ホヲ７,100
賂,ロオ７,100
賄,ホエ２,100
資,ツウ,100
賈,コオ２,100
賈,カア２,95
賊,|サ.ッ８,100
賊,|サッ８,95
賊,チェㇰ８,90
賑,チヌ２,100
賒,シア,100
賓,ピヌ,100
賜,スウ３,100
賞,シウ⑵,100
賞,シォン２,95
賞,シヲ⑵,90
賠,ポエ５,100
賠,ペエ５,95
賢,ヒェヌ５,100
賣,ベエ７,100
賣,ボエ７,95
賣,マイ⑺,90
賤,チェヌ７,100
賦,フウ３,100
質,チッ４,100
賭,トオ２,100
賰,ツ.ヌ,100
賴,ロア７,100
賴,ナイ⑺,95
賴,レエ７,90
賴,ライ７,85
賺,|ソァヌ２,100
購,コオ３,100
購,カン２,95
賽,サイ３,100
賽,セエ３,95
賽,サイ２,90
贅,|ソエ３,100
贈,チェン７,100
贊,|サヌ３,100
贊,|サヌ７,95
贌,パㇰ８,100
贏,イア⑸,100
贏,イェン５,95
贐,チヌ７,100
贓,|ソン,100
贓,ツン⑴,95
贖,シォㇰ８,100
赤,チ.ァ４,100
赤,チ.ェㇰ４,95
赤,チァ４,90
赦,シア３,100
赫,ヒェㇰ４,100
走,|サウ２,100
走,|ソオ２,95
赴,フウ３,100
起,キ.イ２,100
起,キイ,95
趁,タ.ヌ３,100
超,チ.ァウ,100
超,|チ.ァウ,95
越,ヲァッ８,100
趒,|チヲ５,100
趕,コア⑵,100
趕,アア２,95
趖,ソヲ５,100
趙,|チヲ７,100
趣,ツ.ウ３,100
趨,ツ.ウ,100
足,チォㇰ４,100
足,|ソㇰ４,95
趺,ウウ,100
趺,フウ,95
趼,ラヌ,100
趾,チイ２,100
跂,コエ２,100
跂,ケエ２,95
跋,ポァ８,100
跋,ポァッ８,95
跋,ポア７,90
跌,|チェッ８,100
跍,ク.ウ５,100
跎,トヲ５,100
跑,パ.ウ２,100
跑,パ.ウ５,95
跔,クウ,100
跕,リァム,100
跙,ツ.ウ７,100
跛,パイ２,100
跛,パイ⑵,95
距,クウ７,100
距,キイ７,95
跟,キヌ,100
跟,クヌ,95
跡,ジァ４,100
跡,リァ４,95
跡,チァ４,90
跡,チェㇰ４,85
跤,カ.ア,100
跤,カウ,95
跨,コ.ア３,100
跩,|ソァイ⑺,100
跪,クイ７,100
路,ロオ７,100
跳,|チ.ァウ３,100
踃,サウ,100
踅,セェ８,100
踏,タァ８,100
踏,タㇷ８,95
踏,タア７,90
踐,チェヌ７,100
踔,チ.ェㇰ８,100
踢,タ.ッ４,100
踢,タ.ァ４,95
踢,|チ.ェㇰ４,90
踩,|サ.イ２,100
踮,|チァム３,100
踮,タム３,95
踴,イォン２,100
蹁,ピ.ヌ５,100
蹁,ピ.ェヌ５,95
蹄,テエ５,100
蹄,トエ５,95
蹈,トヲ７,100
蹉,|ソ.ヲ,100
蹊,キ.イ,100
蹌,チ.ァン２,100
蹌,チ.ェン２,95
蹓,ラウ,100
蹔,|サム３,100
蹘,リァウ５,100
蹛,トア３,100
蹟,チェㇰ４,100
蹤,|ソン,100
蹧,|サウ,100
蹧,チァウ,95
蹬,テエ⑴,100
蹬,|チイ⑴,95
蹲,ツヌ,100
蹺,キ.ァウ,100
蹽,リァウ５,100
躁,ソヲ３,100
躂,タ.ッ４,100
躄,ピ.ィ４,100
躄,ピ.イ７,95
躇,|ツウ５,100
躊,|チウ５,100
躍,イォㇰ８,100
躍,イェㇰ４,95
躘,リォン３,100
躘,リェン３,95
躡,ネェ⑷,100
躡,ニィ⑷,95
身,シヌ,100
身,シェヌ,95
身,シェン,90
身,シァン,85
身,フヌ,80
躬,キォン,100
躼,ロヲ３,100
躼,リヲ３,95
躽,ノア⑶,100
軀,ク.ウ,100
軀,スウ,95
軀,シウ,90
軁,ヌン⑶,100
軁,ヌン⑴,95
軁,ヌイ⑶,90
車,チ.ア,100
車,キイ,95
車,クウ,90
車,|サ.ア５,85
軋,カゥ４,100
軌,クイ２,100
軍,クヌ,100
軒,イェヌ,100
軒,ヒェヌ,95
軟,ヌン⑵,100
軟,ロァヌ２,95
軟,ヌイ⑵,90
軸,|チェㇰ８,100
較,カ.ァ４,100
較,カウ３,95
較,カア３,90
較,カァ４,85
載,|サイ３,100
載,|サイ⑵,95
輓,ボァヌ２,100
輔,フウ２,100
輔,ポ.オ２,95
輕,キ.ヌ,100
輕,キ.ェン,95
輛,リォン２,100
輛,リォン７,95
輝,フイ,100
輦,リェヌ２,100
輦,リヌ２,95
輩,ポエ３,100
輪,ルヌ５,100
輪,リェヌ２,95
輪,リヌ,90
輪,リェヌ,85
輪,リヌ２,80
輪,ルヌ２,75
輯,チㇷ８,100
輯,チ.ㇷ４,95
輸,スウ,100
輻,ホㇰ４,100
輾,リェヌ３,100
輾,|チェヌ２,95
輾,リヌ３,90
轄,ハッ４,100
轆,ラㇰ４,100
轆,ロㇰ８,95
轉,|ツン⑵,100
轉,|ソァヌ２,95
轉,|ソァヌ７,90
轉,|ツイ⑵,85
轍,|チェッ８,100
轎,キヲ７,100
轎,キァウ,95
轎,キァウ７,90
轎,キㇻ４,85
轟,ホン,100
辛,シヌ,100
辜,コオ,100
辟,ピ.ァ４,100
辟,ピ.ェㇰ４,95
辣,ロァ８,100
辣,ラァ８,95
辣,ロア７,90
辦,パヌ７,100
辨,ピェヌ７,100
辭,シイ５,100
辭,スウ５,95
辮,ピイ⑺,100
辯,ピェヌ７,100
辰,シヌ５,100
辱,ジォㇰ８,100
辱,リォㇰ８,95
農,ロン５,100
迅,シヌ３,100
迌,ト.ヲ５,100
迎,ギア⑸,100
迎,ギェン５,95
迎,ギア５,90
近,キヌ７,100
近,クヌ７,95
迒,ハア⑺,100
迒,ハア５,95
返,|ツン⑵,100
返,ホァヌ２,95
迢,|チァウ５,100
迦,キ.ア,100
迦,キア,95
迦,キァウ,90
迦,キ.ァウ,85
迪,|チェㇰ８,100
迫,ピェㇰ４,100
迭,|チェッ８,100
述,スッ８,100
迴,ホエ５,100
迵,タ.ン３,100
迷,ベエ５,100
迸,ピァン３,100
追,|ツイ,100
退,テ.エ３,100
退,ト.エ３,95
送,サン３,100
送,ソン３,95
逃,トヲ５,100
逆,ギェㇰ８,100
逍,シァウ,100
透,タ.ウ３,100
透,ト.ヲ３,95
逐,タㇰ８,100
逐,ジォㇰ４,95
逐,リㇷ４,90
逐,|チォㇰ８,85
逐,ジェㇰ４,80
逐,ジㇷ４,75
逐,チㇷ４,70
逐,ギォㇰ４,65
途,トオ５,100
逕,キェン３,100
這,チッ４,100
這,|セエ,95
這,チァン３,90
這,チァ４,85
通,タ.ン,100
通,ト.ン,95
逝,|ソア７,100
逝,セエ７,95
逞,|チ.ェン２,100
速,ソㇰ４,100
造,|ソヲ７,100
逢,ホン５,100
連,リェヌ５,100
連,リァム５,95
連,ニイ⑸,90
逮,タイ７,100
週,チウ,100
進,チヌ３,100
逸,イェㇰ８,100
逸,イェッ４,95
逸,イッ８,90
逸,イェッ８,85
逼,ピェㇰ４,100
逼,ピェッ４,95
遁,|ツヌ７,100
遂,スイ７,100
遇,グウ７,100
遇,ブウ７,95
遊,イウ５,100
運,ウヌ７,100
運,イヌ７,95
運,ウヌ３,90
遍,ピェヌ３,100
遍,ピ.ェヌ３,95
過,コエ３,100
過,ケエ３,95
過,コㇻ４,90
過,コヲ３,85
過,コア３,80
過,コオ３,75
過,クウ３,60
遏,アッ４,100
遐,ヒア,100
遐,ヒァ４,95
遐,ヒア５,90
遐,ヒヲ５,85
道,トヲ７,100
達,タッ８,100
達,タア,95
違,ウイ５,100
遙,イァウ５,100
遛,リウ３,100
遜,スヌ３,100
遞,テエ７,100
遠,フン⑺,100
遠,ヲァヌ２,95
遠,フイ⑺,90
遣,キ.ェヌ２,100
遨,ゴヲ５,100
遨,ゴオ⑸,95
適,シェㇰ４,100
遭,|ソヲ,100
遮,チア,100
遮,チァ４,95
遮,ジア,90
遮,リア,85
遮,チア５,80
遮,チヲ５,75
遮,ギア,70
遲,|チイ５,100
遴,リヌ５,100
遵,ツヌ,100
遷,チ.ェヌ,100
選,ソァヌ２,100
遹,ウッ８,100
遺,ウイ５,100
遺,イイ,95
遼,リァウ５,100
避,ピイ７,100
避,ピ.ァ４,95
邀,イァウ,100
邀,イヲ,95
邁,マイ⑺,100
還,ヒェン５,100
還,ホァヌ７,95
還,ホァヌ５,90
還,ハヌ５,85
還,ハイ⑸,80
邊,ピイ⑴,100
邊,ピェヌ,95
邏,ロヲ５,100
邑,イㇷ４,100
那,ナア⑵,100
邦,パン,100
邪,シア５,100
邱,ク.ウ,100
邵,シァウ７,100
邵,シヲ７,95
邸,|チイ２,100
郁,ヒォㇰ４,100
郊,カウ,100
郎,ロン５,100
郎,ヌン⑸,95
郎,ラン,90
郝,ホㇰ４,100
郡,クヌ７,100
部,ポオ７,100
部,ポ.ヲ７,95
郭,コェ４,100
郭,コㇰ４,95
郭,ケェ４,90
郵,イウ５,100
都,トヲ,100
都,トオ,95
鄉,ヒォン,100
鄉,ヒウ⑴,95
鄉,ヒヲ⑴,90
鄒,|ソオ,100
鄒,|サウ,95
鄔,オオ,100
鄙,ピ.イ２,100
鄧,|チェン７,100
鄭,テエ⑺,100
鄭,|チェン７,95
鄭,|チイ⑺,90
鄰,リヌ５,100
酆,ホン,100
酉,イウ２,100
酋,シウ５,100
酌,チォㇰ４,100
配,ポ.エ３,100
配,ペ.エ３,95
酒,チウ２,100
酥,ソオ,100
酪,ロㇰ８,100
酬,シウ５,100
酵,カア⑶,100
酵,カア３,95
酷,コ.ㇰ４,100
酸,スン⑴,100
酸,ソァヌ,95
酸,スイ⑴,90
酸,サヌ,85
酺,ポオ５,100
醃,アム,100
醃,アム５,95
醃,イァム５,90
醃,イァム,85
醇,スヌ５,100
醉,ツイ３,100
醋,|ソ.オ３,100
醒,|セ.エ⑵,100
醒,チ.イ⑵,95
醒,シェン２,90
醜,チ.ウ２,100
醡,|サア３,100
醫,イイ,100
醫,ピイ⑺,95
醫,ペエ⑺,90
醬,チウ⑶,100
醬,チヲ⑶,95
醮,チヲ３,100
醮,チァウ３,95
醴,レエ２,100
釀,リォン７,100
釀,ジォン７,95
采,|サ.イ２,100
釋,シェㇰ４,100
里,リイ２,100
里,リイ５,95
重,タン７,100
重,|チォン７,95
重,|チェン５,90
重,|チォン５,85
野,イア２,100
量,リォン７,100
量,ニウ⑺,95
量,ニウ⑸,90
量,リォン５,85
量,ニオ⑺,80
量,ニヲ⑺,75
量,ニオ⑸,70
釐,リイ５,100
金,キム,100
釘,|チェン,100
釘,|チェン３,95
釘,タヌ,90
針,チァム,100
針,|サム,95
針,チム,90
釣,|チヲ３,100
釣,|チァウ３,95
釧,|ソ.ァヌ,100
釵,テ.エ,100
釵,|サ.イ,95
鈃,ギァン,100
鈍,|ツヌ７,100
鈍,|ツヌ３,95
鈍,|ツヌ,90
鈔,|サ.ウ,100
鈕,リウ２,100
鈗,ン⑵,100
鈗,ウイ⑵,95
鈞,クヌ,100
鈣,ビェヌ２,100
鈴,リェン５,100
鈴,リェン,95
鈴,リァン５,90
鈷,コオ２,100
鈸,ポァッ８,100
鈸,ポァ８,95
鉈,トヲ５,100
鉎,シェヌ,100
鉎,サヌ,95
鉗,キ.イ⑸,100
鉗,キ.ァム５,95
鉛,イェヌ５,100
鉤,カウ,100
鉸,カア,100
鉼,ピ.ア⑵,100
鉼,ピヌ２,95
銀,ギヌ５,100
銀,グヌ５,95
銃,チ.ェン３,100
銅,タン５,100
銎,キ.ェン,100
銓,|ソ.ァヌ,100
銘,ビェン５,100
銬,カ.ウ３,100
銲,ホア⑺,100
銳,ロエ７,100
銳,ゾエ７,95
銷,シァウ,100
鋁,ルウ７,100
鋁,ルウ２,95
鋉,ソㇰ４,100
鋏,ギァㇷ４,100
鋏,ゲェ⑷,95
鋒,ホン,100
鋟,チ.ム２,100
鋟,チ.ム３,95
鋟,チ.ム,90
鋤,|チイ５,100
鋤,|ツウ５,95
鋩,メエ⑸,100
鋩,ミイ⑸,95
鋪,ポ.オ,100
鋸,キイ３,100
鋸,クウ３,95
鋼,クン⑶,100
鋼,コン,95
錄,ロㇰ８,100
錄,リェㇰ８,95
錄,リォㇰ８,90
錐,ツイ,100
錘,|ツ.イ５,100
錚,|サ.ア⑺,100
錠,|チェン７,100
錠,|チア⑺,95
錢,チイ⑸,100
錢,チ.ェヌ５,95
錢,チェヌ５,90
錦,ギム２,100
錦,ギム３,95
錦,キム２,90
錨,ビァウ５,100
錨,バア５,95
錫,シァ４,100
錫,シェㇰ４,95
錯,|ソ.ヲ３,100
錯,|ソ.ㇰ４,95
錶,ピヲ２,100
鍊,リェヌ７,100
鍊,リェヌ５,95
鍋,ヲエ,100
鍋,コヲ,95
鍋,エエ,90
鍍,トオ７,100
鍘,|サァ８,100
鍛,トァヌ３,100
鍛,ト.ァヌ３,95
鍤,チ.ァ４,100
鍥,ケェ４,100
鍥,コェ４,95
鍵,キェヌ７,100
鍼,チァム,100
鍾,チェン,100
鍾,チォン,95
鎈,|セ.エ⑴,100
鎈,|サ.ア,95
鎊,ポン７,100
鎔,イウ⑸,100
鎖,ソヲ２,100
鎚,|ツ.イ５,100
鎧,カ.イ２,100
鎮,|チヌ３,100
鏃,|ソㇰ８,100
鏘,チ.ォン,100
鏡,キア⑶,100
鏢,ピヲ,100
鏨,|サム７,100
鏽,シウ３,100
鐃,ラウ５,100
鐃,ナア⑸,95
鐃,ロア５,90
鐐,リァウ５,100
鐕,|サ.ム５,100
鐘,チェン,100
鐘,チォン,95
鐳,ルイ５,100
鐳,ルイ,95
鐵,|チ.ィ４,100
鐵,|チ.ェッ４,95
鑄,ツウ３,100
鑑,カム３,100
鑠,シァㇰ４,100
鑢,ルウ３,100
鑢,ロエ７,95
鑢,レエ７,90
鑫,ヒム,100
鑰,イォㇰ８,100
鑰,イㇻ８,95
鑱,チ.ム５,100
鑼,ロヲ５,100
鑽,ツン⑶,100
鑽,|ソァヌ３,95
鑽,ツイ⑶,90
鑽,ツ.ン⑶,85
鑾,ロァヌ５,100
鑿,|サ.ㇰ８,100
鑿,|ソ.ㇰ８,95
長,|ツン⑸,100
長,|チウ⑵,95
長,|チォン２,90
長,|チォン５,85
長,チ.ァン５,80
長,チォン２,75
長,チァン２,70
長,|チヲ⑵,65
門,ムン⑸,100
門,ブヌ５,95
門,ビヌ５,90
門,ムイ⑸,85
閂,|ソ.ア⑶,100
閃,シァム２,100
閉,ピイ３,100
開,ク.イ,100
開,カ.イ,95
閏,ズヌ７,100
閏,ルヌ７,95
閒,イェン５,100
閒,ハヌ５,95
間,キェン,100
間,カヌ,95
間,カヌ３,90
閔,ビヌ２,100
閘,|サァ８,100
閣,コㇻ４,100
閣,コォ４,95
閨,クイ,100
閩,バヌ５,100
閬,ラン３,100
閬,ロン３,95
閱,ヲァッ８,100
閱,イェッ８,95
閹,イァム,100
閻,ギァム５,100
闆,パヌ２,100
闇,アム,100
闊,コ.ァ４,100
闔,カ.ァ８,100
闔,ハㇷ８,95
闕,コ.ァッ４,100
闖,|ソ.ァン３,100
關,コァヌ,100
關,コァイ⑴,95
關,クイ⑴,90
關,カヌ,85
闡,チ.ェヌ２,100
闢,ピェㇰ８,100
阮,ゴァヌ２,100
阮,ン⑵,95
阮,グヌ２,90
阮,ウイ⑵,85
阱,チイ⑵,100
阱,|セエ⑵,95
防,ホン５,100
阻,|ソオ２,100
阿,アア,100
阿,オオ,95
阿,ヲヲ,90
陀,ロヲ５,100
陀,トオ５,95
陀,トヲ５,90
陂,ピイ,100
附,フウ３,100
附,フウ７,95
陋,ロオ７,100
陌,ビェㇰ８,100
降,カン３,100
降,ハン５,95
限,ハヌ７,100
限,アヌ７,95
陛,ペエ３,100
陝,シァム２,100
陞,シェン,100
陡,トオ２,100
院,イイ⑺,100
院,イイ⑶,95
陣,ツヌ７,100
陣,|チヌ７,95
陣,スヌ７,90
除,|ツウ５,100
除,|チイ５,95
陪,ポエ５,100
陰,イム,100
陰,イァム,95
陰,ラム,90
陳,タヌ５,100
陳,|チヌ５,95
陵,ニア⑺,100
陵,リェン５,95
陵,ロン２,90
陶,トヲ５,100
陷,ハム７,100
陸,リォㇰ８,100
陸,ラㇰ８,95
陸,ロㇰ８,90
陽,イォン５,100
陽,イウ⑸,95
陽,イァン５,90
陽,イヲ⑸,85
陽,ニウ⑸,80
陽,ムイ⑸,75
隄,テ.エ５,100
隅,グウ５,100
隆,ラン５,100
隆,リォン５,95
隊,|ツイ７,100
隍,ホン５,100
階,カイ,100
隔,ケェ４,100
隔,キェㇰ４,95
隕,ウヌ２,100
隘,アイ３,100
隙,キ.ァ４,100
際,|セエ３,100
障,チォン,100
障,チォン３,95
障,チァン３,90
隧,スイ７,100
隨,スイ５,100
險,ヒァム２,100
隱,ウヌ２,100
隴,ロン２,100
隸,レエ７,100
隻,チァ４,100
隻,チェㇰ４,95
雀,チ.ォㇰ４,100
雀,チ.ェㇰ４,95
雁,ガヌ７,100
雄,ヒォン５,100
雄,ヒェン５,95
雅,ガア⑵,100
雅,ゲエ⑵,95
集,チㇷ８,100
雇,コオ３,100
雉,|チ.イ７,100
雌,ツ.ウ,100
雍,イォン,100
雕,|チァウ,100
雖,スイ,100
雙,シァン,100
雙,ソン,95
雙,サン,90
雜,|サㇷ８,100
雞,ケエ,100
雞,コエ,95
離,リイ７,100
離,リイ,95
離,リイ５,90
難,ラヌ５,100
難,ラヌ７,95
雨,ホオ７,100
雨,ウウ２,95
雨,イイ２,90
雪,サㇷ４,100
雪,セェ４,95
雪,ソァッ４,90
雪,シェッ４,85
雯,ブヌ５,100
雲,フヌ５,100
雲,ウヌ５,95
零,ラヌ５,100
零,リェン５,95
雷,ルイ５,100
雹,パ.ゥ８,100
雹,パ.ウ３,95
雹,パ.ウ,90
雹,パ.ウ７,85
雺,ボン５,100
雺,モオ⑸,95
電,|チェヌ７,100
需,スウ,100
霄,シァウ,100
霆,タヌ５,100
霆,|チェン５,95
震,チヌ３,100
霍,ホㇰ４,100
霍,ホㇰ８,95
霎,サㇷ４,100
霎,|チァㇷ４,95
霎,サㇷ８,90
霓,ゲエ５,100
霖,リム５,100
霜,スン⑴,100
霜,ソン,95
霞,ヘエ５,100
霞,ハア５,95
霧,ブウ７,100
霧,ブゥ４,95
露,ロオ７,100
露,ロㇰ８,95
露,ロオ３,90
霸,パア３,100
霹,ピ.ェㇰ４,100
靂,リェㇰ８,100
靈,リェン５,100
靈,リェヌ５,95
青,|セ.エ⑴,100
青,チ.イ⑴,95
青,チ.ェン,90
靖,チェン７,100
靘,チ.イ⑵,100
靜,チェン７,100
靜,|セエ⑺,95
靜,チイ⑺,90
非,フイ,100
靠,コ.ヲ３,100
靠,コ.ア３,95
面,ビヌ７,100
面,ビェヌ７,95
革,キェㇰ４,100
靳,キヌ３,100
靴,ヒア,100
靶,ペエ２,100
鞅,イォン２,100
鞋,エエ５,100
鞋,ヲエ５,95
鞋,ハイ５,90
鞍,ヲア⑴,100
鞍,アヌ,95
鞏,コ.ン７,100
鞏,キォン２,95
鞘,シウ３,100
鞘,シヲ３,95
鞠,キォㇰ４,100
鞦,チ.ウ,100
鞦,|チ.ウ,95
鞭,ミイ⑴,100
鞭,ピェヌ,95
鞭,ピイ⑴,90
韆,チ.ェヌ,100
韆,|サ.ヌ,95
韆,カ.ヌ,90
韋,ウイ５,100
韌,ズヌ７,100
韌,ルヌ７,95
韓,ハヌ５,100
韭,クウ２,100
音,イム,100
韻,ウヌ７,100
響,ヒォン２,100
響,ヒァン２,95
頁,イァ８,100
頂,|チェン２,100
頃,キ.ェン２,100
頃,キ.ェン,95
項,ハン７,100
順,スヌ７,100
頇,ハヌ５,100
頇,ハヌ,95
須,スウ,100
頌,シォン７,100
預,イイ７,100
預,ウウ７,95
頑,ゴァヌ５,100
頒,パヌ,100
頓,|ツン⑶,100
頓,|ツヌ３,95
頓,|ツイ⑶,90
頕,タム３,100
頕,|チム３,95
頕,|チ.ム３,90
頗,ポ.ヲ２,100
領,ニア⑵,100
領,リェン２,95
頡,キ.ェッ４,100
頦,ハイ５,100
頦,ホァイ５,95
頭,タ.ウ５,100
頭,|チ.ヲ５,95
頭,ト.オ５,90
頭,ト.ヲ５,85
頭,タ.ァ８,80
頷,アム７,100
頸,クヌ２,100
頸,キェン２,95
頹,トエ５,100
頻,ピヌ５,100
題,テエ５,100
題,トエ５,95
額,ギァ８,100
額,ヒァ８,95
額,ギェㇰ８,90
額,ギア７,85
顎,コㇰ４,100
顎,コ.ㇰ４,95
顎,ゴㇰ４,90
顏,ガヌ５,100
願,ゴァヌ７,100
顛,|チェヌ,100
顛,|チ.ェヌ,95
類,ルイ７,100
顢,バヌ７,100
顧,コオ３,100
顫,ツヌ３,100
顯,ヒェヌ２,100
顯,ヒア⑵,95
顱,ロオ５,100
顴,コァヌ３,100
風,ホン,100
風,ホァン,95
颱,タ.イ,100
颶,クウ７,100
颺,イア⑺,100
颺,チ.ウ⑸,95
颺,チ.ヲ⑸,90
飄,ピ.ァウ,100
飆,ピヲ,100
飆,ピ.ァウ,95
飛,ポエ,100
飛,フイ,95
飛,ホエ,90
飛,ペエ,85
食,チァ８,100
食,シッ８,95
食,チア７,90
飢,キイ,100
飫,ウイ３,100
飯,プン⑺,100
飯,ホァヌ７,95
飯,プイ⑺,90
飲,イム２,100
飼,チ.イ７,100
飽,パア２,100
飽,パウ２,95
飾,シェㇰ４,100
餃,キァウ２,100
餅,ピア⑵,100
餉,ヒォン３,100
養,イォン２,100
養,イウ⑵,95
養,イァン２,90
養,イヲ⑵,85
餌,ジイ７,100
餌,リイ７,95
餐,|サ.ヌ,100
餒,ロエ２,100
餓,ゴヲ７,100
餘,ウウ５,100
餘,イイ５,95
餞,チェヌ３,100
餞,チェヌ２,95
餞,チェヌ,90
餡,アア⑺,100
館,コァヌ２,100
餲,アイ,100
餾,リウ７,100
餾,リウ５,95
饅,バヌ２,100
饅,バヌ５,95
饋,クイ７,100
饌,|ソァヌ７,100
饑,キイ,100
饒,ジァウ５,100
饒,リァウ５,95
饗,ヒァン２,100
饞,サイ５,100
首,シウ２,100
香,ヒウ⑴,100
香,ヒォン,95
香,ヒァン,90
香,ヒヲ⑴,85
馝,ピィ４,100
馨,ヒェン,100
馨,ヒォン,95
馬,マア⑵,100
馬,ベエ２,95
馬,マア⑴,90
馮,パン５,100
馳,|チイ５,100
馴,スヌ５,100
駁,ポㇰ４,100
駁,ポㇻ４,95
駁,ポ.ㇻ４,90
駐,|ツウ７,100
駐,ツウ３,95
駐,ツウ７,90
駕,カア３,100
駙,フウ７,100
駛,サイ２,100
駛,スウ２,95
駝,トヲ５,100
駟,スウ３,100
駱,ロㇰ８,100
駱,ロㇻ８,95
駿,ツヌ３,100
騎,キ.ア５,100
騎,キ.イ５,95
騙,ピ.ェヌ３,100
騫,キ.ェヌ,100
騰,|チ.ェン５,100
騷,ソヲ,100
騾,レエ５,100
騾,ロヲ５,95
驅,ク.ウ,100
驍,ヒァウ,100
驕,キァウ,100
驗,ギァム７,100
驚,キア⑴,100
驚,ケエ⑴,95
驚,キェン,90
驚,キイ⑴,85
驛,イァ８,100
驛,イェㇰ８,95
驢,ルウ５,100
驢,リイ５,95
骨,クッ４,100
骰,タウ５,100
骰,タウ７,95
骱,カイ２,100
骸,ハイ５,100
骼,ケェ４,100
骿,ピ.ア⑴,100
髓,|ソ.エ２,100
髓,|セ.エ２,95
髓,ツ.イ２,90
體,テ.エ２,100
體,タ.イ２,95
體,ト.エ２,90
高,コヲ,100
高,カウ,95
髡,ク.ヌ,100
髮,ホァッ４,100
髻,コエ３,100
髻,ケエ３,95
鬃,|サン,100
鬆,サン,100
鬆,ソン,95
鬍,ホオ５,100
鬖,サム３,100
鬚,チ.ウ,100
鬚,スウ,95
鬢,ピヌ３,100
鬥,タウ３,100
鬥,トオ３,95
鬧,ラウ７,100
鬧,ナウ⑺,95
鬮,カ.ウ,100
鬱,ウッ４,100
鬻,イォㇰ８,100
鬼,クイ２,100
魁,コ.エ,100
魂,フヌ５,100
魄,ピ.ェㇰ４,100
魅,ビイ７,100
魍,バン２,100
魍,ボン２,95
魎,リォン２,100
魏,グイ７,100
魑,リイ５,100
魔,モオ⑸,100
魚,ヒイ５,100
魚,フウ５,95
魚,グウ５,90
魠,ト.ㇻ４,100
魠,|ツ.ゥ４,95
魩,ブッ４,100
魬,ポア⑵,100
魯,ロオ２,100
魯,ルゥ４,95
魴,ハン,100
魽,カム,100
鮊,パ.ア,100
鮑,パウ,100
鮑,パウ７,95
鮕,コオ,100
鮘,タイ,100
鮡,|チ.ァウ５,100
鮢,ツウ,100
鮫,カア,100
鮮,チ.イ⑴,100
鮮,シェヌ,95
鮮,シェヌ２,90
鮸,ビェヌ２,100
鯃,ゴオ５,100
鯉,リイ２,100
鯉,レエ７,95
鯊,ソア,100
鯗,シウ⑵,100
鯗,シヲ⑵,95
鯧,チ.ウ⑴,100
鯧,チ.ヲ⑴,95
鯨,キェン,100
鯨,キァン,95
鯪,ラア５,100
鯮,|サン,100
鯰,リァム５,100
鯽,チッ４,100
鰇,ジウ５,100
鰇,リウ５,95
鰓,チ.イ,100
鰗,ホオ５,100
鰡,リウ,100
鰮,ウヌ,100
鰱,リェヌ５,100
鰲,ゴヲ５,100
鰻,モア⑸,100
鰾,ピヲ７,100
鱈,ソァッ４,100
鱉,ピィ４,100
鱉,ピェッ４,95
鱔,シェヌ７,100
鱖,ケエ３,100
鱖,コエ３,95
鱗,ラヌ５,100
鱗,リヌ５,95
鱙,リァウ５,100
鱙,ジァウ５,95
鱟,ハウ７,100
鱲,ラァ８,100
鱷,コ.ㇰ８,100
鱷,ゴㇰ８,95
鱸,ロオ５,100
鱺,レエ７,100
鳥,チァウ２,100
鳥,ニァウ⑵,95
鳩,キ.ウ,100
鳳,ホン７,100
鳴,ビェン５,100
鴆,|チ.ム,100
鴉,アア,100
鴒,リェン７,100
鴕,トヲ５,100
鴛,ヲァヌ,100
鴞,ヒㇻ８,100
鴞,ヒヲ７,95
鴞,ヒァウ,90
鴟,チ.イ,100
鴟,ライ７,95
鴟,バア７,90
鴟,バァ８,85
鴟,ラア７,80
鴟,モア⑺,75
鴟,ナア⑺,70
鴟,ナァ⑻,65
鴣,コオ,100
鴦,イウ⑴,100
鴦,イォン,95
鴦,イヲ⑴,90
鴨,アァ４,100
鴻,ホン５,100
鴿,カㇷ４,100
鴿,カァ４,95
鵁,カア,100
鵑,コァヌ,100
鵝,ゴヲ５,100
鵝,ゴオ⑸,95
鵝,ギア５,90
鵠,コ.ㇰ４,100
鵠,キ.ェッ４,95
鵠,キ.ェㇰ４,90
鵡,ブウ２,100
鵤,カㇰ４,100
鵪,イェヌ,100
鵬,ピ.ェン５,100
鵬,ピェン５,95
鵰,|チァウ,100
鵲,チ.ェㇰ４,100
鵲,チ.ォㇰ４,95
鵻,ツイ,100
鶉,|ツヌ,100
鶉,ツ.ヌ,95
鶖,チ.ウ,100
鶯,イェン,100
鶴,ホㇻ８,100
鶴,ホㇰ８,95
鶶,タ.ン５,100
鶿,チイ５,100
鷓,チア３,100
鷗,オオ,100
鷥,シイ,100
鷹,イェン,100
鷺,ロオ５,100
鷺,ロオ７,95
鸕,ロオ５,100
鸚,イェン,100
鸞,ロァヌ５,100
鹹,キァム５,100
鹼,キイ⑴,100
鹼,キァム２,95
鹽,イァム５,100
鹽,キァム５,95
鹿,ロㇰ８,100
鹿,ラㇰ４,95
麒,キイ５,100
麒,キイ,95
麗,レエ７,100
麗,レエ５,95
麝,シア７,100
麟,リヌ５,100
麟,リヌ,95
麥,ベェ８,100
麥,ベエ７,95
麥,ビェㇰ８,90
麩,フウ,100
麩,ポ.オ,95
麩,ポ.ヲ,90
麭,パ.ン２,100
麴,カ.ㇰ４,100
麴,カㇰ４,95
麵,ミイ⑺,100
麵,ビェヌ７,95
麵,ビヌ７,90
麶,|チ.イ,100
麻,モア⑸,100
麻,マア⑸,95
麻,バア５,90
麻,ボア５,85
黃,ン⑸,100
黃,ホン５,95
黃,ウイ⑸,90
黃,バア,85
黍,ソエ２,100
黍,セエ２,95
黍,シェㇰ４,90
黎,レエ５,100
黏,リァム５,100
黐,|チ.イ,100
黑,ヒェㇰ４,100
黗,|ツ.ヌ５,100
默,ビェㇰ８,100
黛,タイ７,100
黜,|ツ.ゥ４,100
黜,|ツ.ッ４,95
點,|チァム２,100
黨,トン２,100
黯,アム２,100
黹,チイ２,100
黿,ゴァヌ５,100
鼇,ゴオ⑸,100
鼎,|チア⑵,100
鼎,|チェン２,95
鼓,コオ２,100
鼠,チ.イ２,100
鼠,ツ.ウ２,95
鼢,ブヌ３,100
鼻,ピ.イ⑺,100
鼻,ピ.イ７,95
鼾,ホア⑸,100
鼾,コヲ⑸,95
齁,ホヲ⑴,100
齆,アン３,100
齊,|セエ５,100
齊,チァウ５,95
齊,|ソエ５,90
齊,|セエ３,85
齊,|サウ５,80
齋,|サイ,100
齋,|セエ,95
齒,キ.イ２,100
齡,リェン５,100
齣,ツ.ッ４,100
齧,ケ.エ３,100
齧,コ.エ３,95
齧,コ.ェ４,90
齧,ケ.ェ４,85
齪,|サㇰ４,100
齴,ギァン３,100
齷,アㇰ４,100
齻,|サヌ,100
龍,リェン５,100
龍,リォン５,95
龍,ロン,90
龍,ギェン５,85
龍,ラン５,80
龍,ロン５,75
龍,リァン５,70
龐,ピ.ァン７,100
龐,パン５,95
龔,キェン２,100
龕,カ.ム,100
龜,クウ,100
龜,クイ,95
𠕇,|チェン７,100
𠕇,タヌ７,95
𠕇,タイ⑺,90
𠞩,ツイ５,100
𠞭,リヲ５,100
𠢕,ガウ５,100
𠯗,チㇷ８,100
𠯗,シㇷ８,95
𡢃,カヌ２,100
𡳞,ラヌ７,100
𢪱,ブッ８,100
𢪱,ブッ４,95
𢯾,モォ⑷,100
𢲸,ロオ７,100
𢼌,パア,100
𣁳,カ.ッ４,100
𣛮,シア⑺,100
𣛮,シア７,95
𣮈,ク.ッ８,100
𣮈,ク.ッ４,95
𣻸,シウ⑸,100
𣻸,シヲ⑸,95
𤆬,|ソ.ア７,100
𤉙,クヌ５,100
𤲍,ケ.ェ４,100
𤲍,コ.ェ４,95
𤶃,|チ.ァウ７,100
𤺅,|セ.エ３,100
𤺅,ツ.イ３,95
𤺅,|ソエ３,90
𤺅,|セエ３,85
𤺅,|セ.ェ４,80
𤺅,|セ.ェ８,75
𤺪,シェヌ７,100
𥌚,バイ７,100
𥍉,ニィ⑷,100
𥍉,リァㇷ４,95
𥐵,ピ.ェッ４,100
𥑮,コオ２,100
𥑮,コヲ２,95
𥰔,ピ.ヌ２,100
𥴊,カム２,100
𦉎,スイ,100
𦊓,リェン５,100
𦜆,ハム,100
𦟪,リェヌ５,100
𧉟,タイ５,100
𧌄,アム,100
𧌄,アム５,95
𧌄,イァム,90
𧌄,アム３,85
𧌄,ハム２,80
𧌄,アム２,75
𧌄,ハム,70
𧮙,|ソ.ㇻ４,100
𧮙,|ソ.ㇻ８,95
𧿬,|ツ.ヌ２,100
𧿳,プ.ッ８,100
𨂾,ラム３,100
𨂿,ヲァイ⑵,100
𨂿,ヲァィ⑷,95
𨂿,ヲァィ４,90
𨑨,チ.ッ４,100
𨑨,|チ.ッ４,95
𩑾,チ.ィ４,100
𩚨,キ.ウ７,100
𩛩,カゥ４,100
𩵱,ゴオ⑵,100
𩸙,タイ７,100
𩸙,タイ５,95
𩸶,ガム７,100
𩸶,カム７,95
𪁎,チ.ヲ,100
𪐞,トオ３,100
𪜶,イヌ,100
𪜶,イヌ７,95
𫝏,ガヌ３,100
𫝛,シァン７,100
𫝛,シァン５,95
𫝺,ヒウ３,100
𫝻,ホエ５,100
𫞼,|サ.イ７,100
𫟂,ハヌ５,100
𬦰,ペェ４,100
𰣻,コヲ,100
