ｉ１,i1
ｉ２,i2
ｉ３,i3
ｉ４,i4
ｉ５,i5
ｉ６,i6
ｉｐ１,ip1
ｉｐ２,ip2
ｉｐ３,ip3
ｉｐ４,ip4
ｉｐ５,ip5
ｉｐ６,ip6
ｉｔ１,it1
ｉｔ２,it2
ｉｔ３,it3
ｉｔ４,it4
ｉｔ５,it5
ｉｔ６,it6
ｉｋ１,ik1
ｉｋ２,ik2
ｉｋ３,ik3
ｉｋ４,ik4
ｉｋ５,ik5
ｉｋ６,ik6
ｉｍ１,im1
ｉｍ２,im2
ｉｍ３,im3
ｉｍ４,im4
ｉｍ５,im5
ｉｍ６,im6
ｉｎ１,in1
ｉｎ２,in2
ｉｎ３,in3
ｉｎ４,in4
ｉｎ５,in5
ｉｎ６,in6
ｉｎｇ１,ing1
ｉｎｇ２,ing2
ｉｎｇ３,ing3
ｉｎｇ４,ing4
ｉｎｇ５,ing5
ｉｎｇ６,ing6
ｉｕ１,iu1
ｉｕ２,iu2
ｉｕ３,iu3
ｉｕ４,iu4
ｉｕ５,iu5
ｉｕ６,iu6
ｙｕ１,yu1
ｙｕ２,yu2
ｙｕ３,yu3
ｙｕ４,yu4
ｙｕ５,yu5
ｙｕ６,yu6
ｙｕｔ１,yut1
ｙｕｔ２,yut2
ｙｕｔ３,yut3
ｙｕｔ４,yut4
ｙｕｔ５,yut5
ｙｕｔ６,yut6
ｙｕｎ１,yun1
ｙｕｎ２,yun2
ｙｕｎ３,yun3
ｙｕｎ４,yun4
ｙｕｎ５,yun5
ｙｕｎ６,yun6
ｕ１,u1
ｕ２,u2
ｕ３,u3
ｕ４,u4
ｕ５,u5
ｕ６,u6
ｕｐ１,up1
ｕｐ２,up2
ｕｐ３,up3
ｕｐ４,up4
ｕｐ５,up5
ｕｐ６,up6
ｕｔ１,ut1
ｕｔ２,ut2
ｕｔ３,ut3
ｕｔ４,ut4
ｕｔ５,ut5
ｕｔ６,ut6
ｕｋ１,uk1
ｕｋ２,uk2
ｕｋ３,uk3
ｕｋ４,uk4
ｕｋ５,uk5
ｕｋ６,uk6
ｕｍ１,um1
ｕｍ２,um2
ｕｍ３,um3
ｕｍ４,um4
ｕｍ５,um5
ｕｍ６,um6
ｕｎ１,un1
ｕｎ２,un2
ｕｎ３,un3
ｕｎ４,un4
ｕｎ５,un5
ｕｎ６,un6
ｕｎｇ１,ung1
ｕｎｇ２,ung2
ｕｎｇ３,ung3
ｕｎｇ４,ung4
ｕｎｇ５,ung5
ｕｎｇ６,ung6
ｕｉ１,ui1
ｕｉ２,ui2
ｕｉ３,ui3
ｕｉ４,ui4
ｕｉ５,ui5
ｕｉ６,ui6
ｅ１,e1
ｅ２,e2
ｅ３,e3
ｅ４,e4
ｅ５,e5
ｅ６,e6
ｅｐ１,ep1
ｅｐ２,ep2
ｅｐ３,ep3
ｅｐ４,ep4
ｅｐ５,ep5
ｅｐ６,ep6
ｅｔ１,et1
ｅｔ２,et2
ｅｔ３,et3
ｅｔ４,et4
ｅｔ５,et5
ｅｔ６,et6
ｅｋ１,ek1
ｅｋ２,ek2
ｅｋ３,ek3
ｅｋ４,ek4
ｅｋ５,ek5
ｅｋ６,ek6
ｅｍ１,em1
ｅｍ２,em2
ｅｍ３,em3
ｅｍ４,em4
ｅｍ５,em5
ｅｍ６,em6
ｅｎ１,en1
ｅｎ２,en2
ｅｎ３,en3
ｅｎ４,en4
ｅｎ５,en5
ｅｎ６,en6
ｅｎｇ１,eng1
ｅｎｇ２,eng2
ｅｎｇ３,eng3
ｅｎｇ４,eng4
ｅｎｇ５,eng5
ｅｎｇ６,eng6
ｅｉ１,ei1
ｅｉ２,ei2
ｅｉ３,ei3
ｅｉ４,ei4
ｅｉ５,ei5
ｅｉ６,ei6
ｅｕ１,eu1
ｅｕ２,eu2
ｅｕ３,eu3
ｅｕ４,eu4
ｅｕ５,eu5
ｅｕ６,eu6
ｅｏｔ１,eot1
ｅｏｔ２,eot2
ｅｏｔ３,eot3
ｅｏｔ４,eot4
ｅｏｔ５,eot5
ｅｏｔ６,eot6
ｅｏｎ１,eon1
ｅｏｎ２,eon2
ｅｏｎ３,eon3
ｅｏｎ４,eon4
ｅｏｎ５,eon5
ｅｏｎ６,eon6
ｅｏｉ１,eoi1
ｅｏｉ２,eoi2
ｅｏｉ３,eoi3
ｅｏｉ４,eoi4
ｅｏｉ５,eoi5
ｅｏｉ６,eoi6
ｏｅ１,oe1
ｏｅ２,oe2
ｏｅ３,oe3
ｏｅ４,oe4
ｏｅ５,oe5
ｏｅ６,oe6
ｏｅｔ１,oet1
ｏｅｔ２,oet2
ｏｅｔ３,oet3
ｏｅｔ４,oet4
ｏｅｔ５,oet5
ｏｅｔ６,oet6
ｏｅｋ１,oek1
ｏｅｋ２,oek2
ｏｅｋ３,oek3
ｏｅｋ４,oek4
ｏｅｋ５,oek5
ｏｅｋ６,oek6
ｏｅｎｇ１,oeng1
ｏｅｎｇ２,oeng2
ｏｅｎｇ３,oeng3
ｏｅｎｇ４,oeng4
ｏｅｎｇ５,oeng5
ｏｅｎｇ６,oeng6
ｏ１,o1
ｏ２,o2
ｏ３,o3
ｏ４,o4
ｏ５,o5
ｏ６,o6
ｏｔ１,ot1
ｏｔ２,ot2
ｏｔ３,ot3
ｏｔ４,ot4
ｏｔ５,ot5
ｏｔ６,ot6
ｏｋ１,ok1
ｏｋ２,ok2
ｏｋ３,ok3
ｏｋ４,ok4
ｏｋ５,ok5
ｏｋ６,ok6
ｏｎ１,on1
ｏｎ２,on2
ｏｎ３,on3
ｏｎ４,on4
ｏｎ５,on5
ｏｎ６,on6
ｏｎｇ１,ong1
ｏｎｇ２,ong2
ｏｎｇ３,ong3
ｏｎｇ４,ong4
ｏｎｇ５,ong5
ｏｎｇ６,ong6
ｏｉ１,oi1
ｏｉ２,oi2
ｏｉ３,oi3
ｏｉ４,oi4
ｏｉ５,oi5
ｏｉ６,oi6
ｏｕ１,ou1
ｏｕ２,ou2
ｏｕ３,ou3
ｏｕ４,ou4
ｏｕ５,ou5
ｏｕ６,ou6
ａ１,a1
ａ２,a2
ａ３,a3
ａ４,a4
ａ５,a5
ａ６,a6
ａｐ１,ap1
ａｐ２,ap2
ａｐ３,ap3
ａｐ４,ap4
ａｐ５,ap5
ａｐ６,ap6
ａｔ１,at1
ａｔ２,at2
ａｔ３,at3
ａｔ４,at4
ａｔ５,at5
ａｔ６,at6
ａｋ１,ak1
ａｋ２,ak2
ａｋ３,ak3
ａｋ４,ak4
ａｋ５,ak5
ａｋ６,ak6
ａｍ１,am1
ａｍ２,am2
ａｍ３,am3
ａｍ４,am4
ａｍ５,am5
ａｍ６,am6
ａｎ１,an1
ａｎ２,an2
ａｎ３,an3
ａｎ４,an4
ａｎ５,an5
ａｎ６,an6
ａｎｇ１,ang1
ａｎｇ２,ang2
ａｎｇ３,ang3
ａｎｇ４,ang4
ａｎｇ５,ang5
ａｎｇ６,ang6
ａｉ１,ai1
ａｉ２,ai2
ａｉ３,ai3
ａｉ４,ai4
ａｉ５,ai5
ａｉ６,ai6
ａｕ１,au1
ａｕ２,au2
ａｕ３,au3
ａｕ４,au4
ａｕ５,au5
ａｕ６,au6
ａａ１,aa1
ａａ２,aa2
ａａ３,aa3
ａａ４,aa4
ａａ５,aa5
ａａ６,aa6
ａａｐ１,aap1
ａａｐ２,aap2
ａａｐ３,aap3
ａａｐ４,aap4
ａａｐ５,aap5
ａａｐ６,aap6
ａａｔ１,aat1
ａａｔ２,aat2
ａａｔ３,aat3
ａａｔ４,aat4
ａａｔ５,aat5
ａａｔ６,aat6
ａａｋ１,aak1
ａａｋ２,aak2
ａａｋ３,aak3
ａａｋ４,aak4
ａａｋ５,aak5
ａａｋ６,aak6
ａａｍ１,aam1
ａａｍ２,aam2
ａａｍ３,aam3
ａａｍ４,aam4
ａａｍ５,aam5
ａａｍ６,aam6
ａａｎ１,aan1
ａａｎ２,aan2
ａａｎ３,aan3
ａａｎ４,aan4
ａａｎ５,aan5
ａａｎ６,aan6
ａａｎｇ１,aang1
ａａｎｇ２,aang2
ａａｎｇ３,aang3
ａａｎｇ４,aang4
ａａｎｇ５,aang5
ａａｎｇ６,aang6
ａａｉ１,aai1
ａａｉ２,aai2
ａａｉ３,aai3
ａａｉ４,aai4
ａａｉ５,aai5
ａａｉ６,aai6
ａａｕ１,aau1
ａａｕ２,aau2
ａａｕ３,aau3
ａａｕ４,aau4
ａａｕ５,aau5
ａａｕ６,aau6
ｂｉ１,bi1
ｂｉ２,bi2
ｂｉ３,bi3
ｂｉ４,bi4
ｂｉ５,bi5
ｂｉ６,bi6
ｂｉｐ１,bip1
ｂｉｐ２,bip2
ｂｉｐ３,bip3
ｂｉｐ４,bip4
ｂｉｐ５,bip5
ｂｉｐ６,bip6
ｂｉｔ１,bit1
ｂｉｔ２,bit2
ｂｉｔ３,bit3
ｂｉｔ４,bit4
ｂｉｔ５,bit5
ｂｉｔ６,bit6
ｂｉｋ１,bik1
ｂｉｋ２,bik2
ｂｉｋ３,bik3
ｂｉｋ４,bik4
ｂｉｋ５,bik5
ｂｉｋ６,bik6
ｂｉｍ１,bim1
ｂｉｍ２,bim2
ｂｉｍ３,bim3
ｂｉｍ４,bim4
ｂｉｍ５,bim5
ｂｉｍ６,bim6
ｂｉｎ１,bin1
ｂｉｎ２,bin2
ｂｉｎ３,bin3
ｂｉｎ４,bin4
ｂｉｎ５,bin5
ｂｉｎ６,bin6
ｂｉｎｇ１,bing1
ｂｉｎｇ２,bing2
ｂｉｎｇ３,bing3
ｂｉｎｇ４,bing4
ｂｉｎｇ５,bing5
ｂｉｎｇ６,bing6
ｂｉｕ１,biu1
ｂｉｕ２,biu2
ｂｉｕ３,biu3
ｂｉｕ４,biu4
ｂｉｕ５,biu5
ｂｉｕ６,biu6
ｂｙｕ１,byu1
ｂｙｕ２,byu2
ｂｙｕ３,byu3
ｂｙｕ４,byu4
ｂｙｕ５,byu5
ｂｙｕ６,byu6
ｂｙｕｔ１,byut1
ｂｙｕｔ２,byut2
ｂｙｕｔ３,byut3
ｂｙｕｔ４,byut4
ｂｙｕｔ５,byut5
ｂｙｕｔ６,byut6
ｂｙｕｎ１,byun1
ｂｙｕｎ２,byun2
ｂｙｕｎ３,byun3
ｂｙｕｎ４,byun4
ｂｙｕｎ５,byun5
ｂｙｕｎ６,byun6
ｂｕ１,bu1
ｂｕ２,bu2
ｂｕ３,bu3
ｂｕ４,bu4
ｂｕ５,bu5
ｂｕ６,bu6
ｂｕｐ１,bup1
ｂｕｐ２,bup2
ｂｕｐ３,bup3
ｂｕｐ４,bup4
ｂｕｐ５,bup5
ｂｕｐ６,bup6
ｂｕｔ１,but1
ｂｕｔ２,but2
ｂｕｔ３,but3
ｂｕｔ４,but4
ｂｕｔ５,but5
ｂｕｔ６,but6
ｂｕｋ１,buk1
ｂｕｋ２,buk2
ｂｕｋ３,buk3
ｂｕｋ４,buk4
ｂｕｋ５,buk5
ｂｕｋ６,buk6
ｂｕｍ１,bum1
ｂｕｍ２,bum2
ｂｕｍ３,bum3
ｂｕｍ４,bum4
ｂｕｍ５,bum5
ｂｕｍ６,bum6
ｂｕｎ１,bun1
ｂｕｎ２,bun2
ｂｕｎ３,bun3
ｂｕｎ４,bun4
ｂｕｎ５,bun5
ｂｕｎ６,bun6
ｂｕｎｇ１,bung1
ｂｕｎｇ２,bung2
ｂｕｎｇ３,bung3
ｂｕｎｇ４,bung4
ｂｕｎｇ５,bung5
ｂｕｎｇ６,bung6
ｂｕｉ１,bui1
ｂｕｉ２,bui2
ｂｕｉ３,bui3
ｂｕｉ４,bui4
ｂｕｉ５,bui5
ｂｕｉ６,bui6
ｂｅ１,be1
ｂｅ２,be2
ｂｅ３,be3
ｂｅ４,be4
ｂｅ５,be5
ｂｅ６,be6
ｂｅｐ１,bep1
ｂｅｐ２,bep2
ｂｅｐ３,bep3
ｂｅｐ４,bep4
ｂｅｐ５,bep5
ｂｅｐ６,bep6
ｂｅｔ１,bet1
ｂｅｔ２,bet2
ｂｅｔ３,bet3
ｂｅｔ４,bet4
ｂｅｔ５,bet5
ｂｅｔ６,bet6
ｂｅｋ１,bek1
ｂｅｋ２,bek2
ｂｅｋ３,bek3
ｂｅｋ４,bek4
ｂｅｋ５,bek5
ｂｅｋ６,bek6
ｂｅｍ１,bem1
ｂｅｍ２,bem2
ｂｅｍ３,bem3
ｂｅｍ４,bem4
ｂｅｍ５,bem5
ｂｅｍ６,bem6
ｂｅｎ１,ben1
ｂｅｎ２,ben2
ｂｅｎ３,ben3
ｂｅｎ４,ben4
ｂｅｎ５,ben5
ｂｅｎ６,ben6
ｂｅｎｇ１,beng1
ｂｅｎｇ２,beng2
ｂｅｎｇ３,beng3
ｂｅｎｇ４,beng4
ｂｅｎｇ５,beng5
ｂｅｎｇ６,beng6
ｂｅｉ１,bei1
ｂｅｉ２,bei2
ｂｅｉ３,bei3
ｂｅｉ４,bei4
ｂｅｉ５,bei5
ｂｅｉ６,bei6
ｂｅｕ１,beu1
ｂｅｕ２,beu2
ｂｅｕ３,beu3
ｂｅｕ４,beu4
ｂｅｕ５,beu5
ｂｅｕ６,beu6
ｂｅｏｔ１,beot1
ｂｅｏｔ２,beot2
ｂｅｏｔ３,beot3
ｂｅｏｔ４,beot4
ｂｅｏｔ５,beot5
ｂｅｏｔ６,beot6
ｂｅｏｎ１,beon1
ｂｅｏｎ２,beon2
ｂｅｏｎ３,beon3
ｂｅｏｎ４,beon4
ｂｅｏｎ５,beon5
ｂｅｏｎ６,beon6
ｂｅｏｉ１,beoi1
ｂｅｏｉ２,beoi2
ｂｅｏｉ３,beoi3
ｂｅｏｉ４,beoi4
ｂｅｏｉ５,beoi5
ｂｅｏｉ６,beoi6
ｂｏｅ１,boe1
ｂｏｅ２,boe2
ｂｏｅ３,boe3
ｂｏｅ４,boe4
ｂｏｅ５,boe5
ｂｏｅ６,boe6
ｂｏｅｔ１,boet1
ｂｏｅｔ２,boet2
ｂｏｅｔ３,boet3
ｂｏｅｔ４,boet4
ｂｏｅｔ５,boet5
ｂｏｅｔ６,boet6
ｂｏｅｋ１,boek1
ｂｏｅｋ２,boek2
ｂｏｅｋ３,boek3
ｂｏｅｋ４,boek4
ｂｏｅｋ５,boek5
ｂｏｅｋ６,boek6
ｂｏｅｎｇ１,boeng1
ｂｏｅｎｇ２,boeng2
ｂｏｅｎｇ３,boeng3
ｂｏｅｎｇ４,boeng4
ｂｏｅｎｇ５,boeng5
ｂｏｅｎｇ６,boeng6
ｂｏ１,bo1
ｂｏ２,bo2
ｂｏ３,bo3
ｂｏ４,bo4
ｂｏ５,bo5
ｂｏ６,bo6
ｂｏｔ１,bot1
ｂｏｔ２,bot2
ｂｏｔ３,bot3
ｂｏｔ４,bot4
ｂｏｔ５,bot5
ｂｏｔ６,bot6
ｂｏｋ１,bok1
ｂｏｋ２,bok2
ｂｏｋ３,bok3
ｂｏｋ４,bok4
ｂｏｋ５,bok5
ｂｏｋ６,bok6
ｂｏｎ１,bon1
ｂｏｎ２,bon2
ｂｏｎ３,bon3
ｂｏｎ４,bon4
ｂｏｎ５,bon5
ｂｏｎ６,bon6
ｂｏｎｇ１,bong1
ｂｏｎｇ２,bong2
ｂｏｎｇ３,bong3
ｂｏｎｇ４,bong4
ｂｏｎｇ５,bong5
ｂｏｎｇ６,bong6
ｂｏｉ１,boi1
ｂｏｉ２,boi2
ｂｏｉ３,boi3
ｂｏｉ４,boi4
ｂｏｉ５,boi5
ｂｏｉ６,boi6
ｂｏｕ１,bou1
ｂｏｕ２,bou2
ｂｏｕ３,bou3
ｂｏｕ４,bou4
ｂｏｕ５,bou5
ｂｏｕ６,bou6
ｂａ１,ba1
ｂａ２,ba2
ｂａ３,ba3
ｂａ４,ba4
ｂａ５,ba5
ｂａ６,ba6
ｂａｐ１,bap1
ｂａｐ２,bap2
ｂａｐ３,bap3
ｂａｐ４,bap4
ｂａｐ５,bap5
ｂａｐ６,bap6
ｂａｔ１,bat1
ｂａｔ２,bat2
ｂａｔ３,bat3
ｂａｔ４,bat4
ｂａｔ５,bat5
ｂａｔ６,bat6
ｂａｋ１,bak1
ｂａｋ２,bak2
ｂａｋ３,bak3
ｂａｋ４,bak4
ｂａｋ５,bak5
ｂａｋ６,bak6
ｂａｍ１,bam1
ｂａｍ２,bam2
ｂａｍ３,bam3
ｂａｍ４,bam4
ｂａｍ５,bam5
ｂａｍ６,bam6
ｂａｎ１,ban1
ｂａｎ２,ban2
ｂａｎ３,ban3
ｂａｎ４,ban4
ｂａｎ５,ban5
ｂａｎ６,ban6
ｂａｎｇ１,bang1
ｂａｎｇ２,bang2
ｂａｎｇ３,bang3
ｂａｎｇ４,bang4
ｂａｎｇ５,bang5
ｂａｎｇ６,bang6
ｂａｉ１,bai1
ｂａｉ２,bai2
ｂａｉ３,bai3
ｂａｉ４,bai4
ｂａｉ５,bai5
ｂａｉ６,bai6
ｂａｕ１,bau1
ｂａｕ２,bau2
ｂａｕ３,bau3
ｂａｕ４,bau4
ｂａｕ５,bau5
ｂａｕ６,bau6
ｂａａ１,baa1
ｂａａ２,baa2
ｂａａ３,baa3
ｂａａ４,baa4
ｂａａ５,baa5
ｂａａ６,baa6
ｂａａｐ１,baap1
ｂａａｐ２,baap2
ｂａａｐ３,baap3
ｂａａｐ４,baap4
ｂａａｐ５,baap5
ｂａａｐ６,baap6
ｂａａｔ１,baat1
ｂａａｔ２,baat2
ｂａａｔ３,baat3
ｂａａｔ４,baat4
ｂａａｔ５,baat5
ｂａａｔ６,baat6
ｂａａｋ１,baak1
ｂａａｋ２,baak2
ｂａａｋ３,baak3
ｂａａｋ４,baak4
ｂａａｋ５,baak5
ｂａａｋ６,baak6
ｂａａｍ１,baam1
ｂａａｍ２,baam2
ｂａａｍ３,baam3
ｂａａｍ４,baam4
ｂａａｍ５,baam5
ｂａａｍ６,baam6
ｂａａｎ１,baan1
ｂａａｎ２,baan2
ｂａａｎ３,baan3
ｂａａｎ４,baan4
ｂａａｎ５,baan5
ｂａａｎ６,baan6
ｂａａｎｇ１,baang1
ｂａａｎｇ２,baang2
ｂａａｎｇ３,baang3
ｂａａｎｇ４,baang4
ｂａａｎｇ５,baang5
ｂａａｎｇ６,baang6
ｂａａｉ１,baai1
ｂａａｉ２,baai2
ｂａａｉ３,baai3
ｂａａｉ４,baai4
ｂａａｉ５,baai5
ｂａａｉ６,baai6
ｂａａｕ１,baau1
ｂａａｕ２,baau2
ｂａａｕ３,baau3
ｂａａｕ４,baau4
ｂａａｕ５,baau5
ｂａａｕ６,baau6
ｐｉ１,pi1
ｐｉ２,pi2
ｐｉ３,pi3
ｐｉ４,pi4
ｐｉ５,pi5
ｐｉ６,pi6
ｐｉｐ１,pip1
ｐｉｐ２,pip2
ｐｉｐ３,pip3
ｐｉｐ４,pip4
ｐｉｐ５,pip5
ｐｉｐ６,pip6
ｐｉｔ１,pit1
ｐｉｔ２,pit2
ｐｉｔ３,pit3
ｐｉｔ４,pit4
ｐｉｔ５,pit5
ｐｉｔ６,pit6
ｐｉｋ１,pik1
ｐｉｋ２,pik2
ｐｉｋ３,pik3
ｐｉｋ４,pik4
ｐｉｋ５,pik5
ｐｉｋ６,pik6
ｐｉｍ１,pim1
ｐｉｍ２,pim2
ｐｉｍ３,pim3
ｐｉｍ４,pim4
ｐｉｍ５,pim5
ｐｉｍ６,pim6
ｐｉｎ１,pin1
ｐｉｎ２,pin2
ｐｉｎ３,pin3
ｐｉｎ４,pin4
ｐｉｎ５,pin5
ｐｉｎ６,pin6
ｐｉｎｇ１,ping1
ｐｉｎｇ２,ping2
ｐｉｎｇ３,ping3
ｐｉｎｇ４,ping4
ｐｉｎｇ５,ping5
ｐｉｎｇ６,ping6
ｐｉｕ１,piu1
ｐｉｕ２,piu2
ｐｉｕ３,piu3
ｐｉｕ４,piu4
ｐｉｕ５,piu5
ｐｉｕ６,piu6
ｐｙｕ１,pyu1
ｐｙｕ２,pyu2
ｐｙｕ３,pyu3
ｐｙｕ４,pyu4
ｐｙｕ５,pyu5
ｐｙｕ６,pyu6
ｐｙｕｔ１,pyut1
ｐｙｕｔ２,pyut2
ｐｙｕｔ３,pyut3
ｐｙｕｔ４,pyut4
ｐｙｕｔ５,pyut5
ｐｙｕｔ６,pyut6
ｐｙｕｎ１,pyun1
ｐｙｕｎ２,pyun2
ｐｙｕｎ３,pyun3
ｐｙｕｎ４,pyun4
ｐｙｕｎ５,pyun5
ｐｙｕｎ６,pyun6
ｐｕ１,pu1
ｐｕ２,pu2
ｐｕ３,pu3
ｐｕ４,pu4
ｐｕ５,pu5
ｐｕ６,pu6
ｐｕｐ１,pup1
ｐｕｐ２,pup2
ｐｕｐ３,pup3
ｐｕｐ４,pup4
ｐｕｐ５,pup5
ｐｕｐ６,pup6
ｐｕｔ１,put1
ｐｕｔ２,put2
ｐｕｔ３,put3
ｐｕｔ４,put4
ｐｕｔ５,put5
ｐｕｔ６,put6
ｐｕｋ１,puk1
ｐｕｋ２,puk2
ｐｕｋ３,puk3
ｐｕｋ４,puk4
ｐｕｋ５,puk5
ｐｕｋ６,puk6
ｐｕｍ１,pum1
ｐｕｍ２,pum2
ｐｕｍ３,pum3
ｐｕｍ４,pum4
ｐｕｍ５,pum5
ｐｕｍ６,pum6
ｐｕｎ１,pun1
ｐｕｎ２,pun2
ｐｕｎ３,pun3
ｐｕｎ４,pun4
ｐｕｎ５,pun5
ｐｕｎ６,pun6
ｐｕｎｇ１,pung1
ｐｕｎｇ２,pung2
ｐｕｎｇ３,pung3
ｐｕｎｇ４,pung4
ｐｕｎｇ５,pung5
ｐｕｎｇ６,pung6
ｐｕｉ１,pui1
ｐｕｉ２,pui2
ｐｕｉ３,pui3
ｐｕｉ４,pui4
ｐｕｉ５,pui5
ｐｕｉ６,pui6
ｐｅ１,pe1
ｐｅ２,pe2
ｐｅ３,pe3
ｐｅ４,pe4
ｐｅ５,pe5
ｐｅ６,pe6
ｐｅｐ１,pep1
ｐｅｐ２,pep2
ｐｅｐ３,pep3
ｐｅｐ４,pep4
ｐｅｐ５,pep5
ｐｅｐ６,pep6
ｐｅｔ１,pet1
ｐｅｔ２,pet2
ｐｅｔ３,pet3
ｐｅｔ４,pet4
ｐｅｔ５,pet5
ｐｅｔ６,pet6
ｐｅｋ１,pek1
ｐｅｋ２,pek2
ｐｅｋ３,pek3
ｐｅｋ４,pek4
ｐｅｋ５,pek5
ｐｅｋ６,pek6
ｐｅｍ１,pem1
ｐｅｍ２,pem2
ｐｅｍ３,pem3
ｐｅｍ４,pem4
ｐｅｍ５,pem5
ｐｅｍ６,pem6
ｐｅｎ１,pen1
ｐｅｎ２,pen2
ｐｅｎ３,pen3
ｐｅｎ４,pen4
ｐｅｎ５,pen5
ｐｅｎ６,pen6
ｐｅｎｇ１,peng1
ｐｅｎｇ２,peng2
ｐｅｎｇ３,peng3
ｐｅｎｇ４,peng4
ｐｅｎｇ５,peng5
ｐｅｎｇ６,peng6
ｐｅｉ１,pei1
ｐｅｉ２,pei2
ｐｅｉ３,pei3
ｐｅｉ４,pei4
ｐｅｉ５,pei5
ｐｅｉ６,pei6
ｐｅｕ１,peu1
ｐｅｕ２,peu2
ｐｅｕ３,peu3
ｐｅｕ４,peu4
ｐｅｕ５,peu5
ｐｅｕ６,peu6
ｐｅｏｔ１,peot1
ｐｅｏｔ２,peot2
ｐｅｏｔ３,peot3
ｐｅｏｔ４,peot4
ｐｅｏｔ５,peot5
ｐｅｏｔ６,peot6
ｐｅｏｎ１,peon1
ｐｅｏｎ２,peon2
ｐｅｏｎ３,peon3
ｐｅｏｎ４,peon4
ｐｅｏｎ５,peon5
ｐｅｏｎ６,peon6
ｐｅｏｉ１,peoi1
ｐｅｏｉ２,peoi2
ｐｅｏｉ３,peoi3
ｐｅｏｉ４,peoi4
ｐｅｏｉ５,peoi5
ｐｅｏｉ６,peoi6
ｐｏｅ１,poe1
ｐｏｅ２,poe2
ｐｏｅ３,poe3
ｐｏｅ４,poe4
ｐｏｅ５,poe5
ｐｏｅ６,poe6
ｐｏｅｔ１,poet1
ｐｏｅｔ２,poet2
ｐｏｅｔ３,poet3
ｐｏｅｔ４,poet4
ｐｏｅｔ５,poet5
ｐｏｅｔ６,poet6
ｐｏｅｋ１,poek1
ｐｏｅｋ２,poek2
ｐｏｅｋ３,poek3
ｐｏｅｋ４,poek4
ｐｏｅｋ５,poek5
ｐｏｅｋ６,poek6
ｐｏｅｎｇ１,poeng1
ｐｏｅｎｇ２,poeng2
ｐｏｅｎｇ３,poeng3
ｐｏｅｎｇ４,poeng4
ｐｏｅｎｇ５,poeng5
ｐｏｅｎｇ６,poeng6
ｐｏ１,po1
ｐｏ２,po2
ｐｏ３,po3
ｐｏ４,po4
ｐｏ５,po5
ｐｏ６,po6
ｐｏｔ１,pot1
ｐｏｔ２,pot2
ｐｏｔ３,pot3
ｐｏｔ４,pot4
ｐｏｔ５,pot5
ｐｏｔ６,pot6
ｐｏｋ１,pok1
ｐｏｋ２,pok2
ｐｏｋ３,pok3
ｐｏｋ４,pok4
ｐｏｋ５,pok5
ｐｏｋ６,pok6
ｐｏｎ１,pon1
ｐｏｎ２,pon2
ｐｏｎ３,pon3
ｐｏｎ４,pon4
ｐｏｎ５,pon5
ｐｏｎ６,pon6
ｐｏｎｇ１,pong1
ｐｏｎｇ２,pong2
ｐｏｎｇ３,pong3
ｐｏｎｇ４,pong4
ｐｏｎｇ５,pong5
ｐｏｎｇ６,pong6
ｐｏｉ１,poi1
ｐｏｉ２,poi2
ｐｏｉ３,poi3
ｐｏｉ４,poi4
ｐｏｉ５,poi5
ｐｏｉ６,poi6
ｐｏｕ１,pou1
ｐｏｕ２,pou2
ｐｏｕ３,pou3
ｐｏｕ４,pou4
ｐｏｕ５,pou5
ｐｏｕ６,pou6
ｐａ１,pa1
ｐａ２,pa2
ｐａ３,pa3
ｐａ４,pa4
ｐａ５,pa5
ｐａ６,pa6
ｐａｐ１,pap1
ｐａｐ２,pap2
ｐａｐ３,pap3
ｐａｐ４,pap4
ｐａｐ５,pap5
ｐａｐ６,pap6
ｐａｔ１,pat1
ｐａｔ２,pat2
ｐａｔ３,pat3
ｐａｔ４,pat4
ｐａｔ５,pat5
ｐａｔ６,pat6
ｐａｋ１,pak1
ｐａｋ２,pak2
ｐａｋ３,pak3
ｐａｋ４,pak4
ｐａｋ５,pak5
ｐａｋ６,pak6
ｐａｍ１,pam1
ｐａｍ２,pam2
ｐａｍ３,pam3
ｐａｍ４,pam4
ｐａｍ５,pam5
ｐａｍ６,pam6
ｐａｎ１,pan1
ｐａｎ２,pan2
ｐａｎ３,pan3
ｐａｎ４,pan4
ｐａｎ５,pan5
ｐａｎ６,pan6
ｐａｎｇ１,pang1
ｐａｎｇ２,pang2
ｐａｎｇ３,pang3
ｐａｎｇ４,pang4
ｐａｎｇ５,pang5
ｐａｎｇ６,pang6
ｐａｉ１,pai1
ｐａｉ２,pai2
ｐａｉ３,pai3
ｐａｉ４,pai4
ｐａｉ５,pai5
ｐａｉ６,pai6
ｐａｕ１,pau1
ｐａｕ２,pau2
ｐａｕ３,pau3
ｐａｕ４,pau4
ｐａｕ５,pau5
ｐａｕ６,pau6
ｐａａ１,paa1
ｐａａ２,paa2
ｐａａ３,paa3
ｐａａ４,paa4
ｐａａ５,paa5
ｐａａ６,paa6
ｐａａｐ１,paap1
ｐａａｐ２,paap2
ｐａａｐ３,paap3
ｐａａｐ４,paap4
ｐａａｐ５,paap5
ｐａａｐ６,paap6
ｐａａｔ１,paat1
ｐａａｔ２,paat2
ｐａａｔ３,paat3
ｐａａｔ４,paat4
ｐａａｔ５,paat5
ｐａａｔ６,paat6
ｐａａｋ１,paak1
ｐａａｋ２,paak2
ｐａａｋ３,paak3
ｐａａｋ４,paak4
ｐａａｋ５,paak5
ｐａａｋ６,paak6
ｐａａｍ１,paam1
ｐａａｍ２,paam2
ｐａａｍ３,paam3
ｐａａｍ４,paam4
ｐａａｍ５,paam5
ｐａａｍ６,paam6
ｐａａｎ１,paan1
ｐａａｎ２,paan2
ｐａａｎ３,paan3
ｐａａｎ４,paan4
ｐａａｎ５,paan5
ｐａａｎ６,paan6
ｐａａｎｇ１,paang1
ｐａａｎｇ２,paang2
ｐａａｎｇ３,paang3
ｐａａｎｇ４,paang4
ｐａａｎｇ５,paang5
ｐａａｎｇ６,paang6
ｐａａｉ１,paai1
ｐａａｉ２,paai2
ｐａａｉ３,paai3
ｐａａｉ４,paai4
ｐａａｉ５,paai5
ｐａａｉ６,paai6
ｐａａｕ１,paau1
ｐａａｕ２,paau2
ｐａａｕ３,paau3
ｐａａｕ４,paau4
ｐａａｕ５,paau5
ｐａａｕ６,paau6
ｍｉ１,mi1
ｍｉ２,mi2
ｍｉ３,mi3
ｍｉ４,mi4
ｍｉ５,mi5
ｍｉ６,mi6
ｍｉｐ１,mip1
ｍｉｐ２,mip2
ｍｉｐ３,mip3
ｍｉｐ４,mip4
ｍｉｐ５,mip5
ｍｉｐ６,mip6
ｍｉｔ１,mit1
ｍｉｔ２,mit2
ｍｉｔ３,mit3
ｍｉｔ４,mit4
ｍｉｔ５,mit5
ｍｉｔ６,mit6
ｍｉｋ１,mik1
ｍｉｋ２,mik2
ｍｉｋ３,mik3
ｍｉｋ４,mik4
ｍｉｋ５,mik5
ｍｉｋ６,mik6
ｍｉｍ１,mim1
ｍｉｍ２,mim2
ｍｉｍ３,mim3
ｍｉｍ４,mim4
ｍｉｍ５,mim5
ｍｉｍ６,mim6
ｍｉｎ１,min1
ｍｉｎ２,min2
ｍｉｎ３,min3
ｍｉｎ４,min4
ｍｉｎ５,min5
ｍｉｎ６,min6
ｍｉｎｇ１,ming1
ｍｉｎｇ２,ming2
ｍｉｎｇ３,ming3
ｍｉｎｇ４,ming4
ｍｉｎｇ５,ming5
ｍｉｎｇ６,ming6
ｍｉｕ１,miu1
ｍｉｕ２,miu2
ｍｉｕ３,miu3
ｍｉｕ４,miu4
ｍｉｕ５,miu5
ｍｉｕ６,miu6
ｍｙｕ１,myu1
ｍｙｕ２,myu2
ｍｙｕ３,myu3
ｍｙｕ４,myu4
ｍｙｕ５,myu5
ｍｙｕ６,myu6
ｍｙｕｔ１,myut1
ｍｙｕｔ２,myut2
ｍｙｕｔ３,myut3
ｍｙｕｔ４,myut4
ｍｙｕｔ５,myut5
ｍｙｕｔ６,myut6
ｍｙｕｎ１,myun1
ｍｙｕｎ２,myun2
ｍｙｕｎ３,myun3
ｍｙｕｎ４,myun4
ｍｙｕｎ５,myun5
ｍｙｕｎ６,myun6
ｍｕ１,mu1
ｍｕ２,mu2
ｍｕ３,mu3
ｍｕ４,mu4
ｍｕ５,mu5
ｍｕ６,mu6
ｍｕｐ１,mup1
ｍｕｐ２,mup2
ｍｕｐ３,mup3
ｍｕｐ４,mup4
ｍｕｐ５,mup5
ｍｕｐ６,mup6
ｍｕｔ１,mut1
ｍｕｔ２,mut2
ｍｕｔ３,mut3
ｍｕｔ４,mut4
ｍｕｔ５,mut5
ｍｕｔ６,mut6
ｍｕｋ１,muk1
ｍｕｋ２,muk2
ｍｕｋ３,muk3
ｍｕｋ４,muk4
ｍｕｋ５,muk5
ｍｕｋ６,muk6
ｍｕｍ１,mum1
ｍｕｍ２,mum2
ｍｕｍ３,mum3
ｍｕｍ４,mum4
ｍｕｍ５,mum5
ｍｕｍ６,mum6
ｍｕｎ１,mun1
ｍｕｎ２,mun2
ｍｕｎ３,mun3
ｍｕｎ４,mun4
ｍｕｎ５,mun5
ｍｕｎ６,mun6
ｍｕｎｇ１,mung1
ｍｕｎｇ２,mung2
ｍｕｎｇ３,mung3
ｍｕｎｇ４,mung4
ｍｕｎｇ５,mung5
ｍｕｎｇ６,mung6
ｍｕｉ１,mui1
ｍｕｉ２,mui2
ｍｕｉ３,mui3
ｍｕｉ４,mui4
ｍｕｉ５,mui5
ｍｕｉ６,mui6
ｍｅ１,me1
ｍｅ２,me2
ｍｅ３,me3
ｍｅ４,me4
ｍｅ５,me5
ｍｅ６,me6
ｍｅｐ１,mep1
ｍｅｐ２,mep2
ｍｅｐ３,mep3
ｍｅｐ４,mep4
ｍｅｐ５,mep5
ｍｅｐ６,mep6
ｍｅｔ１,met1
ｍｅｔ２,met2
ｍｅｔ３,met3
ｍｅｔ４,met4
ｍｅｔ５,met5
ｍｅｔ６,met6
ｍｅｋ１,mek1
ｍｅｋ２,mek2
ｍｅｋ３,mek3
ｍｅｋ４,mek4
ｍｅｋ５,mek5
ｍｅｋ６,mek6
ｍｅｍ１,mem1
ｍｅｍ２,mem2
ｍｅｍ３,mem3
ｍｅｍ４,mem4
ｍｅｍ５,mem5
ｍｅｍ６,mem6
ｍｅｎ１,men1
ｍｅｎ２,men2
ｍｅｎ３,men3
ｍｅｎ４,men4
ｍｅｎ５,men5
ｍｅｎ６,men6
ｍｅｎｇ１,meng1
ｍｅｎｇ２,meng2
ｍｅｎｇ３,meng3
ｍｅｎｇ４,meng4
ｍｅｎｇ５,meng5
ｍｅｎｇ６,meng6
ｍｅｉ１,mei1
ｍｅｉ２,mei2
ｍｅｉ３,mei3
ｍｅｉ４,mei4
ｍｅｉ５,mei5
ｍｅｉ６,mei6
ｍｅｕ１,meu1
ｍｅｕ２,meu2
ｍｅｕ３,meu3
ｍｅｕ４,meu4
ｍｅｕ５,meu5
ｍｅｕ６,meu6
ｍｅｏｔ１,meot1
ｍｅｏｔ２,meot2
ｍｅｏｔ３,meot3
ｍｅｏｔ４,meot4
ｍｅｏｔ５,meot5
ｍｅｏｔ６,meot6
ｍｅｏｎ１,meon1
ｍｅｏｎ２,meon2
ｍｅｏｎ３,meon3
ｍｅｏｎ４,meon4
ｍｅｏｎ５,meon5
ｍｅｏｎ６,meon6
ｍｅｏｉ１,meoi1
ｍｅｏｉ２,meoi2
ｍｅｏｉ３,meoi3
ｍｅｏｉ４,meoi4
ｍｅｏｉ５,meoi5
ｍｅｏｉ６,meoi6
ｍｏｅ１,moe1
ｍｏｅ２,moe2
ｍｏｅ３,moe3
ｍｏｅ４,moe4
ｍｏｅ５,moe5
ｍｏｅ６,moe6
ｍｏｅｔ１,moet1
ｍｏｅｔ２,moet2
ｍｏｅｔ３,moet3
ｍｏｅｔ４,moet4
ｍｏｅｔ５,moet5
ｍｏｅｔ６,moet6
ｍｏｅｋ１,moek1
ｍｏｅｋ２,moek2
ｍｏｅｋ３,moek3
ｍｏｅｋ４,moek4
ｍｏｅｋ５,moek5
ｍｏｅｋ６,moek6
ｍｏｅｎｇ１,moeng1
ｍｏｅｎｇ２,moeng2
ｍｏｅｎｇ３,moeng3
ｍｏｅｎｇ４,moeng4
ｍｏｅｎｇ５,moeng5
ｍｏｅｎｇ６,moeng6
ｍｏ１,mo1
ｍｏ２,mo2
ｍｏ３,mo3
ｍｏ４,mo4
ｍｏ５,mo5
ｍｏ６,mo6
ｍｏｔ１,mot1
ｍｏｔ２,mot2
ｍｏｔ３,mot3
ｍｏｔ４,mot4
ｍｏｔ５,mot5
ｍｏｔ６,mot6
ｍｏｋ１,mok1
ｍｏｋ２,mok2
ｍｏｋ３,mok3
ｍｏｋ４,mok4
ｍｏｋ５,mok5
ｍｏｋ６,mok6
ｍｏｎ１,mon1
ｍｏｎ２,mon2
ｍｏｎ３,mon3
ｍｏｎ４,mon4
ｍｏｎ５,mon5
ｍｏｎ６,mon6
ｍｏｎｇ１,mong1
ｍｏｎｇ２,mong2
ｍｏｎｇ３,mong3
ｍｏｎｇ４,mong4
ｍｏｎｇ５,mong5
ｍｏｎｇ６,mong6
ｍｏｉ１,moi1
ｍｏｉ２,moi2
ｍｏｉ３,moi3
ｍｏｉ４,moi4
ｍｏｉ５,moi5
ｍｏｉ６,moi6
ｍｏｕ１,mou1
ｍｏｕ２,mou2
ｍｏｕ３,mou3
ｍｏｕ４,mou4
ｍｏｕ５,mou5
ｍｏｕ６,mou6
ｍａ１,ma1
ｍａ２,ma2
ｍａ３,ma3
ｍａ４,ma4
ｍａ５,ma5
ｍａ６,ma6
ｍａｐ１,map1
ｍａｐ２,map2
ｍａｐ３,map3
ｍａｐ４,map4
ｍａｐ５,map5
ｍａｐ６,map6
ｍａｔ１,mat1
ｍａｔ２,mat2
ｍａｔ３,mat3
ｍａｔ４,mat4
ｍａｔ５,mat5
ｍａｔ６,mat6
ｍａｋ１,mak1
ｍａｋ２,mak2
ｍａｋ３,mak3
ｍａｋ４,mak4
ｍａｋ５,mak5
ｍａｋ６,mak6
ｍａｍ１,mam1
ｍａｍ２,mam2
ｍａｍ３,mam3
ｍａｍ４,mam4
ｍａｍ５,mam5
ｍａｍ６,mam6
ｍａｎ１,man1
ｍａｎ２,man2
ｍａｎ３,man3
ｍａｎ４,man4
ｍａｎ５,man5
ｍａｎ６,man6
ｍａｎｇ１,mang1
ｍａｎｇ２,mang2
ｍａｎｇ３,mang3
ｍａｎｇ４,mang4
ｍａｎｇ５,mang5
ｍａｎｇ６,mang6
ｍａｉ１,mai1
ｍａｉ２,mai2
ｍａｉ３,mai3
ｍａｉ４,mai4
ｍａｉ５,mai5
ｍａｉ６,mai6
ｍａｕ１,mau1
ｍａｕ２,mau2
ｍａｕ３,mau3
ｍａｕ４,mau4
ｍａｕ５,mau5
ｍａｕ６,mau6
ｍａａ１,maa1
ｍａａ２,maa2
ｍａａ３,maa3
ｍａａ４,maa4
ｍａａ５,maa5
ｍａａ６,maa6
ｍａａｐ１,maap1
ｍａａｐ２,maap2
ｍａａｐ３,maap3
ｍａａｐ４,maap4
ｍａａｐ５,maap5
ｍａａｐ６,maap6
ｍａａｔ１,maat1
ｍａａｔ２,maat2
ｍａａｔ３,maat3
ｍａａｔ４,maat4
ｍａａｔ５,maat5
ｍａａｔ６,maat6
ｍａａｋ１,maak1
ｍａａｋ２,maak2
ｍａａｋ３,maak3
ｍａａｋ４,maak4
ｍａａｋ５,maak5
ｍａａｋ６,maak6
ｍａａｍ１,maam1
ｍａａｍ２,maam2
ｍａａｍ３,maam3
ｍａａｍ４,maam4
ｍａａｍ５,maam5
ｍａａｍ６,maam6
ｍａａｎ１,maan1
ｍａａｎ２,maan2
ｍａａｎ３,maan3
ｍａａｎ４,maan4
ｍａａｎ５,maan5
ｍａａｎ６,maan6
ｍａａｎｇ１,maang1
ｍａａｎｇ２,maang2
ｍａａｎｇ３,maang3
ｍａａｎｇ４,maang4
ｍａａｎｇ５,maang5
ｍａａｎｇ６,maang6
ｍａａｉ１,maai1
ｍａａｉ２,maai2
ｍａａｉ３,maai3
ｍａａｉ４,maai4
ｍａａｉ５,maai5
ｍａａｉ６,maai6
ｍａａｕ１,maau1
ｍａａｕ２,maau2
ｍａａｕ３,maau3
ｍａａｕ４,maau4
ｍａａｕ５,maau5
ｍａａｕ６,maau6
ｆｉ１,fi1
ｆｉ２,fi2
ｆｉ３,fi3
ｆｉ４,fi4
ｆｉ５,fi5
ｆｉ６,fi6
ｆｉｐ１,fip1
ｆｉｐ２,fip2
ｆｉｐ３,fip3
ｆｉｐ４,fip4
ｆｉｐ５,fip5
ｆｉｐ６,fip6
ｆｉｔ１,fit1
ｆｉｔ２,fit2
ｆｉｔ３,fit3
ｆｉｔ４,fit4
ｆｉｔ５,fit5
ｆｉｔ６,fit6
ｆｉｋ１,fik1
ｆｉｋ２,fik2
ｆｉｋ３,fik3
ｆｉｋ４,fik4
ｆｉｋ５,fik5
ｆｉｋ６,fik6
ｆｉｍ１,fim1
ｆｉｍ２,fim2
ｆｉｍ３,fim3
ｆｉｍ４,fim4
ｆｉｍ５,fim5
ｆｉｍ６,fim6
ｆｉｎ１,fin1
ｆｉｎ２,fin2
ｆｉｎ３,fin3
ｆｉｎ４,fin4
ｆｉｎ５,fin5
ｆｉｎ６,fin6
ｆｉｎｇ１,fing1
ｆｉｎｇ２,fing2
ｆｉｎｇ３,fing3
ｆｉｎｇ４,fing4
ｆｉｎｇ５,fing5
ｆｉｎｇ６,fing6
ｆｉｕ１,fiu1
ｆｉｕ２,fiu2
ｆｉｕ３,fiu3
ｆｉｕ４,fiu4
ｆｉｕ５,fiu5
ｆｉｕ６,fiu6
ｆｙｕ１,fyu1
ｆｙｕ２,fyu2
ｆｙｕ３,fyu3
ｆｙｕ４,fyu4
ｆｙｕ５,fyu5
ｆｙｕ６,fyu6
ｆｙｕｔ１,fyut1
ｆｙｕｔ２,fyut2
ｆｙｕｔ３,fyut3
ｆｙｕｔ４,fyut4
ｆｙｕｔ５,fyut5
ｆｙｕｔ６,fyut6
ｆｙｕｎ１,fyun1
ｆｙｕｎ２,fyun2
ｆｙｕｎ３,fyun3
ｆｙｕｎ４,fyun4
ｆｙｕｎ５,fyun5
ｆｙｕｎ６,fyun6
ｆｕ１,fu1
ｆｕ２,fu2
ｆｕ３,fu3
ｆｕ４,fu4
ｆｕ５,fu5
ｆｕ６,fu6
ｆｕｐ１,fup1
ｆｕｐ２,fup2
ｆｕｐ３,fup3
ｆｕｐ４,fup4
ｆｕｐ５,fup5
ｆｕｐ６,fup6
ｆｕｔ１,fut1
ｆｕｔ２,fut2
ｆｕｔ３,fut3
ｆｕｔ４,fut4
ｆｕｔ５,fut5
ｆｕｔ６,fut6
ｆｕｋ１,fuk1
ｆｕｋ２,fuk2
ｆｕｋ３,fuk3
ｆｕｋ４,fuk4
ｆｕｋ５,fuk5
ｆｕｋ６,fuk6
ｆｕｍ１,fum1
ｆｕｍ２,fum2
ｆｕｍ３,fum3
ｆｕｍ４,fum4
ｆｕｍ５,fum5
ｆｕｍ６,fum6
ｆｕｎ１,fun1
ｆｕｎ２,fun2
ｆｕｎ３,fun3
ｆｕｎ４,fun4
ｆｕｎ５,fun5
ｆｕｎ６,fun6
ｆｕｎｇ１,fung1
ｆｕｎｇ２,fung2
ｆｕｎｇ３,fung3
ｆｕｎｇ４,fung4
ｆｕｎｇ５,fung5
ｆｕｎｇ６,fung6
ｆｕｉ１,fui1
ｆｕｉ２,fui2
ｆｕｉ３,fui3
ｆｕｉ４,fui4
ｆｕｉ５,fui5
ｆｕｉ６,fui6
ｆｅ１,fe1
ｆｅ２,fe2
ｆｅ３,fe3
ｆｅ４,fe4
ｆｅ５,fe5
ｆｅ６,fe6
ｆｅｐ１,fep1
ｆｅｐ２,fep2
ｆｅｐ３,fep3
ｆｅｐ４,fep4
ｆｅｐ５,fep5
ｆｅｐ６,fep6
ｆｅｔ１,fet1
ｆｅｔ２,fet2
ｆｅｔ３,fet3
ｆｅｔ４,fet4
ｆｅｔ５,fet5
ｆｅｔ６,fet6
ｆｅｋ１,fek1
ｆｅｋ２,fek2
ｆｅｋ３,fek3
ｆｅｋ４,fek4
ｆｅｋ５,fek5
ｆｅｋ６,fek6
ｆｅｍ１,fem1
ｆｅｍ２,fem2
ｆｅｍ３,fem3
ｆｅｍ４,fem4
ｆｅｍ５,fem5
ｆｅｍ６,fem6
ｆｅｎ１,fen1
ｆｅｎ２,fen2
ｆｅｎ３,fen3
ｆｅｎ４,fen4
ｆｅｎ５,fen5
ｆｅｎ６,fen6
ｆｅｎｇ１,feng1
ｆｅｎｇ２,feng2
ｆｅｎｇ３,feng3
ｆｅｎｇ４,feng4
ｆｅｎｇ５,feng5
ｆｅｎｇ６,feng6
ｆｅｉ１,fei1
ｆｅｉ２,fei2
ｆｅｉ３,fei3
ｆｅｉ４,fei4
ｆｅｉ５,fei5
ｆｅｉ６,fei6
ｆｅｕ１,feu1
ｆｅｕ２,feu2
ｆｅｕ３,feu3
ｆｅｕ４,feu4
ｆｅｕ５,feu5
ｆｅｕ６,feu6
ｆｅｏｔ１,feot1
ｆｅｏｔ２,feot2
ｆｅｏｔ３,feot3
ｆｅｏｔ４,feot4
ｆｅｏｔ５,feot5
ｆｅｏｔ６,feot6
ｆｅｏｎ１,feon1
ｆｅｏｎ２,feon2
ｆｅｏｎ３,feon3
ｆｅｏｎ４,feon4
ｆｅｏｎ５,feon5
ｆｅｏｎ６,feon6
ｆｅｏｉ１,feoi1
ｆｅｏｉ２,feoi2
ｆｅｏｉ３,feoi3
ｆｅｏｉ４,feoi4
ｆｅｏｉ５,feoi5
ｆｅｏｉ６,feoi6
ｆｏｅ１,foe1
ｆｏｅ２,foe2
ｆｏｅ３,foe3
ｆｏｅ４,foe4
ｆｏｅ５,foe5
ｆｏｅ６,foe6
ｆｏｅｔ１,foet1
ｆｏｅｔ２,foet2
ｆｏｅｔ３,foet3
ｆｏｅｔ４,foet4
ｆｏｅｔ５,foet5
ｆｏｅｔ６,foet6
ｆｏｅｋ１,foek1
ｆｏｅｋ２,foek2
ｆｏｅｋ３,foek3
ｆｏｅｋ４,foek4
ｆｏｅｋ５,foek5
ｆｏｅｋ６,foek6
ｆｏｅｎｇ１,foeng1
ｆｏｅｎｇ２,foeng2
ｆｏｅｎｇ３,foeng3
ｆｏｅｎｇ４,foeng4
ｆｏｅｎｇ５,foeng5
ｆｏｅｎｇ６,foeng6
ｆｏ１,fo1
ｆｏ２,fo2
ｆｏ３,fo3
ｆｏ４,fo4
ｆｏ５,fo5
ｆｏ６,fo6
ｆｏｔ１,fot1
ｆｏｔ２,fot2
ｆｏｔ３,fot3
ｆｏｔ４,fot4
ｆｏｔ５,fot5
ｆｏｔ６,fot6
ｆｏｋ１,fok1
ｆｏｋ２,fok2
ｆｏｋ３,fok3
ｆｏｋ４,fok4
ｆｏｋ５,fok5
ｆｏｋ６,fok6
ｆｏｎ１,fon1
ｆｏｎ２,fon2
ｆｏｎ３,fon3
ｆｏｎ４,fon4
ｆｏｎ５,fon5
ｆｏｎ６,fon6
ｆｏｎｇ１,fong1
ｆｏｎｇ２,fong2
ｆｏｎｇ３,fong3
ｆｏｎｇ４,fong4
ｆｏｎｇ５,fong5
ｆｏｎｇ６,fong6
ｆｏｉ１,foi1
ｆｏｉ２,foi2
ｆｏｉ３,foi3
ｆｏｉ４,foi4
ｆｏｉ５,foi5
ｆｏｉ６,foi6
ｆｏｕ１,fou1
ｆｏｕ２,fou2
ｆｏｕ３,fou3
ｆｏｕ４,fou4
ｆｏｕ５,fou5
ｆｏｕ６,fou6
ｆａ１,fa1
ｆａ２,fa2
ｆａ３,fa3
ｆａ４,fa4
ｆａ５,fa5
ｆａ６,fa6
ｆａｐ１,fap1
ｆａｐ２,fap2
ｆａｐ３,fap3
ｆａｐ４,fap4
ｆａｐ５,fap5
ｆａｐ６,fap6
ｆａｔ１,fat1
ｆａｔ２,fat2
ｆａｔ３,fat3
ｆａｔ４,fat4
ｆａｔ５,fat5
ｆａｔ６,fat6
ｆａｋ１,fak1
ｆａｋ２,fak2
ｆａｋ３,fak3
ｆａｋ４,fak4
ｆａｋ５,fak5
ｆａｋ６,fak6
ｆａｍ１,fam1
ｆａｍ２,fam2
ｆａｍ３,fam3
ｆａｍ４,fam4
ｆａｍ５,fam5
ｆａｍ６,fam6
ｆａｎ１,fan1
ｆａｎ２,fan2
ｆａｎ３,fan3
ｆａｎ４,fan4
ｆａｎ５,fan5
ｆａｎ６,fan6
ｆａｎｇ１,fang1
ｆａｎｇ２,fang2
ｆａｎｇ３,fang3
ｆａｎｇ４,fang4
ｆａｎｇ５,fang5
ｆａｎｇ６,fang6
ｆａｉ１,fai1
ｆａｉ２,fai2
ｆａｉ３,fai3
ｆａｉ４,fai4
ｆａｉ５,fai5
ｆａｉ６,fai6
ｆａｕ１,fau1
ｆａｕ２,fau2
ｆａｕ３,fau3
ｆａｕ４,fau4
ｆａｕ５,fau5
ｆａｕ６,fau6
ｆａａ１,faa1
ｆａａ２,faa2
ｆａａ３,faa3
ｆａａ４,faa4
ｆａａ５,faa5
ｆａａ６,faa6
ｆａａｐ１,faap1
ｆａａｐ２,faap2
ｆａａｐ３,faap3
ｆａａｐ４,faap4
ｆａａｐ５,faap5
ｆａａｐ６,faap6
ｆａａｔ１,faat1
ｆａａｔ２,faat2
ｆａａｔ３,faat3
ｆａａｔ４,faat4
ｆａａｔ５,faat5
ｆａａｔ６,faat6
ｆａａｋ１,faak1
ｆａａｋ２,faak2
ｆａａｋ３,faak3
ｆａａｋ４,faak4
ｆａａｋ５,faak5
ｆａａｋ６,faak6
ｆａａｍ１,faam1
ｆａａｍ２,faam2
ｆａａｍ３,faam3
ｆａａｍ４,faam4
ｆａａｍ５,faam5
ｆａａｍ６,faam6
ｆａａｎ１,faan1
ｆａａｎ２,faan2
ｆａａｎ３,faan3
ｆａａｎ４,faan4
ｆａａｎ５,faan5
ｆａａｎ６,faan6
ｆａａｎｇ１,faang1
ｆａａｎｇ２,faang2
ｆａａｎｇ３,faang3
ｆａａｎｇ４,faang4
ｆａａｎｇ５,faang5
ｆａａｎｇ６,faang6
ｆａａｉ１,faai1
ｆａａｉ２,faai2
ｆａａｉ３,faai3
ｆａａｉ４,faai4
ｆａａｉ５,faai5
ｆａａｉ６,faai6
ｆａａｕ１,faau1
ｆａａｕ２,faau2
ｆａａｕ３,faau3
ｆａａｕ４,faau4
ｆａａｕ５,faau5
ｆａａｕ６,faau6
ｄｉ１,di1
ｄｉ２,di2
ｄｉ３,di3
ｄｉ４,di4
ｄｉ５,di5
ｄｉ６,di6
ｄｉｐ１,dip1
ｄｉｐ２,dip2
ｄｉｐ３,dip3
ｄｉｐ４,dip4
ｄｉｐ５,dip5
ｄｉｐ６,dip6
ｄｉｔ１,dit1
ｄｉｔ２,dit2
ｄｉｔ３,dit3
ｄｉｔ４,dit4
ｄｉｔ５,dit5
ｄｉｔ６,dit6
ｄｉｋ１,dik1
ｄｉｋ２,dik2
ｄｉｋ３,dik3
ｄｉｋ４,dik4
ｄｉｋ５,dik5
ｄｉｋ６,dik6
ｄｉｍ１,dim1
ｄｉｍ２,dim2
ｄｉｍ３,dim3
ｄｉｍ４,dim4
ｄｉｍ５,dim5
ｄｉｍ６,dim6
ｄｉｎ１,din1
ｄｉｎ２,din2
ｄｉｎ３,din3
ｄｉｎ４,din4
ｄｉｎ５,din5
ｄｉｎ６,din6
ｄｉｎｇ１,ding1
ｄｉｎｇ２,ding2
ｄｉｎｇ３,ding3
ｄｉｎｇ４,ding4
ｄｉｎｇ５,ding5
ｄｉｎｇ６,ding6
ｄｉｕ１,diu1
ｄｉｕ２,diu2
ｄｉｕ３,diu3
ｄｉｕ４,diu4
ｄｉｕ５,diu5
ｄｉｕ６,diu6
ｄｙｕ１,dyu1
ｄｙｕ２,dyu2
ｄｙｕ３,dyu3
ｄｙｕ４,dyu4
ｄｙｕ５,dyu5
ｄｙｕ６,dyu6
ｄｙｕｔ１,dyut1
ｄｙｕｔ２,dyut2
ｄｙｕｔ３,dyut3
ｄｙｕｔ４,dyut4
ｄｙｕｔ５,dyut5
ｄｙｕｔ６,dyut6
ｄｙｕｎ１,dyun1
ｄｙｕｎ２,dyun2
ｄｙｕｎ３,dyun3
ｄｙｕｎ４,dyun4
ｄｙｕｎ５,dyun5
ｄｙｕｎ６,dyun6
ｄｕ１,du1
ｄｕ２,du2
ｄｕ３,du3
ｄｕ４,du4
ｄｕ５,du5
ｄｕ６,du6
ｄｕｐ１,dup1
ｄｕｐ２,dup2
ｄｕｐ３,dup3
ｄｕｐ４,dup4
ｄｕｐ５,dup5
ｄｕｐ６,dup6
ｄｕｔ１,dut1
ｄｕｔ２,dut2
ｄｕｔ３,dut3
ｄｕｔ４,dut4
ｄｕｔ５,dut5
ｄｕｔ６,dut6
ｄｕｋ１,duk1
ｄｕｋ２,duk2
ｄｕｋ３,duk3
ｄｕｋ４,duk4
ｄｕｋ５,duk5
ｄｕｋ６,duk6
ｄｕｍ１,dum1
ｄｕｍ２,dum2
ｄｕｍ３,dum3
ｄｕｍ４,dum4
ｄｕｍ５,dum5
ｄｕｍ６,dum6
ｄｕｎ１,dun1
ｄｕｎ２,dun2
ｄｕｎ３,dun3
ｄｕｎ４,dun4
ｄｕｎ５,dun5
ｄｕｎ６,dun6
ｄｕｎｇ１,dung1
ｄｕｎｇ２,dung2
ｄｕｎｇ３,dung3
ｄｕｎｇ４,dung4
ｄｕｎｇ５,dung5
ｄｕｎｇ６,dung6
ｄｕｉ１,dui1
ｄｕｉ２,dui2
ｄｕｉ３,dui3
ｄｕｉ４,dui4
ｄｕｉ５,dui5
ｄｕｉ６,dui6
ｄｅ１,de1
ｄｅ２,de2
ｄｅ３,de3
ｄｅ４,de4
ｄｅ５,de5
ｄｅ６,de6
ｄｅｐ１,dep1
ｄｅｐ２,dep2
ｄｅｐ３,dep3
ｄｅｐ４,dep4
ｄｅｐ５,dep5
ｄｅｐ６,dep6
ｄｅｔ１,det1
ｄｅｔ２,det2
ｄｅｔ３,det3
ｄｅｔ４,det4
ｄｅｔ５,det5
ｄｅｔ６,det6
ｄｅｋ１,dek1
ｄｅｋ２,dek2
ｄｅｋ３,dek3
ｄｅｋ４,dek4
ｄｅｋ５,dek5
ｄｅｋ６,dek6
ｄｅｍ１,dem1
ｄｅｍ２,dem2
ｄｅｍ３,dem3
ｄｅｍ４,dem4
ｄｅｍ５,dem5
ｄｅｍ６,dem6
ｄｅｎ１,den1
ｄｅｎ２,den2
ｄｅｎ３,den3
ｄｅｎ４,den4
ｄｅｎ５,den5
ｄｅｎ６,den6
ｄｅｎｇ１,deng1
ｄｅｎｇ２,deng2
ｄｅｎｇ３,deng3
ｄｅｎｇ４,deng4
ｄｅｎｇ５,deng5
ｄｅｎｇ６,deng6
ｄｅｉ１,dei1
ｄｅｉ２,dei2
ｄｅｉ３,dei3
ｄｅｉ４,dei4
ｄｅｉ５,dei5
ｄｅｉ６,dei6
ｄｅｕ１,deu1
ｄｅｕ２,deu2
ｄｅｕ３,deu3
ｄｅｕ４,deu4
ｄｅｕ５,deu5
ｄｅｕ６,deu6
ｄｅｏｔ１,deot1
ｄｅｏｔ２,deot2
ｄｅｏｔ３,deot3
ｄｅｏｔ４,deot4
ｄｅｏｔ５,deot5
ｄｅｏｔ６,deot6
ｄｅｏｎ１,deon1
ｄｅｏｎ２,deon2
ｄｅｏｎ３,deon3
ｄｅｏｎ４,deon4
ｄｅｏｎ５,deon5
ｄｅｏｎ６,deon6
ｄｅｏｉ１,deoi1
ｄｅｏｉ２,deoi2
ｄｅｏｉ３,deoi3
ｄｅｏｉ４,deoi4
ｄｅｏｉ５,deoi5
ｄｅｏｉ６,deoi6
ｄｏｅ１,doe1
ｄｏｅ２,doe2
ｄｏｅ３,doe3
ｄｏｅ４,doe4
ｄｏｅ５,doe5
ｄｏｅ６,doe6
ｄｏｅｔ１,doet1
ｄｏｅｔ２,doet2
ｄｏｅｔ３,doet3
ｄｏｅｔ４,doet4
ｄｏｅｔ５,doet5
ｄｏｅｔ６,doet6
ｄｏｅｋ１,doek1
ｄｏｅｋ２,doek2
ｄｏｅｋ３,doek3
ｄｏｅｋ４,doek4
ｄｏｅｋ５,doek5
ｄｏｅｋ６,doek6
ｄｏｅｎｇ１,doeng1
ｄｏｅｎｇ２,doeng2
ｄｏｅｎｇ３,doeng3
ｄｏｅｎｇ４,doeng4
ｄｏｅｎｇ５,doeng5
ｄｏｅｎｇ６,doeng6
ｄｏ１,do1
ｄｏ２,do2
ｄｏ３,do3
ｄｏ４,do4
ｄｏ５,do5
ｄｏ６,do6
ｄｏｔ１,dot1
ｄｏｔ２,dot2
ｄｏｔ３,dot3
ｄｏｔ４,dot4
ｄｏｔ５,dot5
ｄｏｔ６,dot6
ｄｏｋ１,dok1
ｄｏｋ２,dok2
ｄｏｋ３,dok3
ｄｏｋ４,dok4
ｄｏｋ５,dok5
ｄｏｋ６,dok6
ｄｏｎ１,don1
ｄｏｎ２,don2
ｄｏｎ３,don3
ｄｏｎ４,don4
ｄｏｎ５,don5
ｄｏｎ６,don6
ｄｏｎｇ１,dong1
ｄｏｎｇ２,dong2
ｄｏｎｇ３,dong3
ｄｏｎｇ４,dong4
ｄｏｎｇ５,dong5
ｄｏｎｇ６,dong6
ｄｏｉ１,doi1
ｄｏｉ２,doi2
ｄｏｉ３,doi3
ｄｏｉ４,doi4
ｄｏｉ５,doi5
ｄｏｉ６,doi6
ｄｏｕ１,dou1
ｄｏｕ２,dou2
ｄｏｕ３,dou3
ｄｏｕ４,dou4
ｄｏｕ５,dou5
ｄｏｕ６,dou6
ｄａ１,da1
ｄａ２,da2
ｄａ３,da3
ｄａ４,da4
ｄａ５,da5
ｄａ６,da6
ｄａｐ１,dap1
ｄａｐ２,dap2
ｄａｐ３,dap3
ｄａｐ４,dap4
ｄａｐ５,dap5
ｄａｐ６,dap6
ｄａｔ１,dat1
ｄａｔ２,dat2
ｄａｔ３,dat3
ｄａｔ４,dat4
ｄａｔ５,dat5
ｄａｔ６,dat6
ｄａｋ１,dak1
ｄａｋ２,dak2
ｄａｋ３,dak3
ｄａｋ４,dak4
ｄａｋ５,dak5
ｄａｋ６,dak6
ｄａｍ１,dam1
ｄａｍ２,dam2
ｄａｍ３,dam3
ｄａｍ４,dam4
ｄａｍ５,dam5
ｄａｍ６,dam6
ｄａｎ１,dan1
ｄａｎ２,dan2
ｄａｎ３,dan3
ｄａｎ４,dan4
ｄａｎ５,dan5
ｄａｎ６,dan6
ｄａｎｇ１,dang1
ｄａｎｇ２,dang2
ｄａｎｇ３,dang3
ｄａｎｇ４,dang4
ｄａｎｇ５,dang5
ｄａｎｇ６,dang6
ｄａｉ１,dai1
ｄａｉ２,dai2
ｄａｉ３,dai3
ｄａｉ４,dai4
ｄａｉ５,dai5
ｄａｉ６,dai6
ｄａｕ１,dau1
ｄａｕ２,dau2
ｄａｕ３,dau3
ｄａｕ４,dau4
ｄａｕ５,dau5
ｄａｕ６,dau6
ｄａａ１,daa1
ｄａａ２,daa2
ｄａａ３,daa3
ｄａａ４,daa4
ｄａａ５,daa5
ｄａａ６,daa6
ｄａａｐ１,daap1
ｄａａｐ２,daap2
ｄａａｐ３,daap3
ｄａａｐ４,daap4
ｄａａｐ５,daap5
ｄａａｐ６,daap6
ｄａａｔ１,daat1
ｄａａｔ２,daat2
ｄａａｔ３,daat3
ｄａａｔ４,daat4
ｄａａｔ５,daat5
ｄａａｔ６,daat6
ｄａａｋ１,daak1
ｄａａｋ２,daak2
ｄａａｋ３,daak3
ｄａａｋ４,daak4
ｄａａｋ５,daak5
ｄａａｋ６,daak6
ｄａａｍ１,daam1
ｄａａｍ２,daam2
ｄａａｍ３,daam3
ｄａａｍ４,daam4
ｄａａｍ５,daam5
ｄａａｍ６,daam6
ｄａａｎ１,daan1
ｄａａｎ２,daan2
ｄａａｎ３,daan3
ｄａａｎ４,daan4
ｄａａｎ５,daan5
ｄａａｎ６,daan6
ｄａａｎｇ１,daang1
ｄａａｎｇ２,daang2
ｄａａｎｇ３,daang3
ｄａａｎｇ４,daang4
ｄａａｎｇ５,daang5
ｄａａｎｇ６,daang6
ｄａａｉ１,daai1
ｄａａｉ２,daai2
ｄａａｉ３,daai3
ｄａａｉ４,daai4
ｄａａｉ５,daai5
ｄａａｉ６,daai6
ｄａａｕ１,daau1
ｄａａｕ２,daau2
ｄａａｕ３,daau3
ｄａａｕ４,daau4
ｄａａｕ５,daau5
ｄａａｕ６,daau6
ｔｉ１,ti1
ｔｉ２,ti2
ｔｉ３,ti3
ｔｉ４,ti4
ｔｉ５,ti5
ｔｉ６,ti6
ｔｉｐ１,tip1
ｔｉｐ２,tip2
ｔｉｐ３,tip3
ｔｉｐ４,tip4
ｔｉｐ５,tip5
ｔｉｐ６,tip6
ｔｉｔ１,tit1
ｔｉｔ２,tit2
ｔｉｔ３,tit3
ｔｉｔ４,tit4
ｔｉｔ５,tit5
ｔｉｔ６,tit6
ｔｉｋ１,tik1
ｔｉｋ２,tik2
ｔｉｋ３,tik3
ｔｉｋ４,tik4
ｔｉｋ５,tik5
ｔｉｋ６,tik6
ｔｉｍ１,tim1
ｔｉｍ２,tim2
ｔｉｍ３,tim3
ｔｉｍ４,tim4
ｔｉｍ５,tim5
ｔｉｍ６,tim6
ｔｉｎ１,tin1
ｔｉｎ２,tin2
ｔｉｎ３,tin3
ｔｉｎ４,tin4
ｔｉｎ５,tin5
ｔｉｎ６,tin6
ｔｉｎｇ１,ting1
ｔｉｎｇ２,ting2
ｔｉｎｇ３,ting3
ｔｉｎｇ４,ting4
ｔｉｎｇ５,ting5
ｔｉｎｇ６,ting6
ｔｉｕ１,tiu1
ｔｉｕ２,tiu2
ｔｉｕ３,tiu3
ｔｉｕ４,tiu4
ｔｉｕ５,tiu5
ｔｉｕ６,tiu6
ｔｙｕ１,tyu1
ｔｙｕ２,tyu2
ｔｙｕ３,tyu3
ｔｙｕ４,tyu4
ｔｙｕ５,tyu5
ｔｙｕ６,tyu6
ｔｙｕｔ１,tyut1
ｔｙｕｔ２,tyut2
ｔｙｕｔ３,tyut3
ｔｙｕｔ４,tyut4
ｔｙｕｔ５,tyut5
ｔｙｕｔ６,tyut6
ｔｙｕｎ１,tyun1
ｔｙｕｎ２,tyun2
ｔｙｕｎ３,tyun3
ｔｙｕｎ４,tyun4
ｔｙｕｎ５,tyun5
ｔｙｕｎ６,tyun6
ｔｕ１,tu1
ｔｕ２,tu2
ｔｕ３,tu3
ｔｕ４,tu4
ｔｕ５,tu5
ｔｕ６,tu6
ｔｕｐ１,tup1
ｔｕｐ２,tup2
ｔｕｐ３,tup3
ｔｕｐ４,tup4
ｔｕｐ５,tup5
ｔｕｐ６,tup6
ｔｕｔ１,tut1
ｔｕｔ２,tut2
ｔｕｔ３,tut3
ｔｕｔ４,tut4
ｔｕｔ５,tut5
ｔｕｔ６,tut6
ｔｕｋ１,tuk1
ｔｕｋ２,tuk2
ｔｕｋ３,tuk3
ｔｕｋ４,tuk4
ｔｕｋ５,tuk5
ｔｕｋ６,tuk6
ｔｕｍ１,tum1
ｔｕｍ２,tum2
ｔｕｍ３,tum3
ｔｕｍ４,tum4
ｔｕｍ５,tum5
ｔｕｍ６,tum6
ｔｕｎ１,tun1
ｔｕｎ２,tun2
ｔｕｎ３,tun3
ｔｕｎ４,tun4
ｔｕｎ５,tun5
ｔｕｎ６,tun6
ｔｕｎｇ１,tung1
ｔｕｎｇ２,tung2
ｔｕｎｇ３,tung3
ｔｕｎｇ４,tung4
ｔｕｎｇ５,tung5
ｔｕｎｇ６,tung6
ｔｕｉ１,tui1
ｔｕｉ２,tui2
ｔｕｉ３,tui3
ｔｕｉ４,tui4
ｔｕｉ５,tui5
ｔｕｉ６,tui6
ｔｅ１,te1
ｔｅ２,te2
ｔｅ３,te3
ｔｅ４,te4
ｔｅ５,te5
ｔｅ６,te6
ｔｅｐ１,tep1
ｔｅｐ２,tep2
ｔｅｐ３,tep3
ｔｅｐ４,tep4
ｔｅｐ５,tep5
ｔｅｐ６,tep6
ｔｅｔ１,tet1
ｔｅｔ２,tet2
ｔｅｔ３,tet3
ｔｅｔ４,tet4
ｔｅｔ５,tet5
ｔｅｔ６,tet6
ｔｅｋ１,tek1
ｔｅｋ２,tek2
ｔｅｋ３,tek3
ｔｅｋ４,tek4
ｔｅｋ５,tek5
ｔｅｋ６,tek6
ｔｅｍ１,tem1
ｔｅｍ２,tem2
ｔｅｍ３,tem3
ｔｅｍ４,tem4
ｔｅｍ５,tem5
ｔｅｍ６,tem6
ｔｅｎ１,ten1
ｔｅｎ２,ten2
ｔｅｎ３,ten3
ｔｅｎ４,ten4
ｔｅｎ５,ten5
ｔｅｎ６,ten6
ｔｅｎｇ１,teng1
ｔｅｎｇ２,teng2
ｔｅｎｇ３,teng3
ｔｅｎｇ４,teng4
ｔｅｎｇ５,teng5
ｔｅｎｇ６,teng6
ｔｅｉ１,tei1
ｔｅｉ２,tei2
ｔｅｉ３,tei3
ｔｅｉ４,tei4
ｔｅｉ５,tei5
ｔｅｉ６,tei6
ｔｅｕ１,teu1
ｔｅｕ２,teu2
ｔｅｕ３,teu3
ｔｅｕ４,teu4
ｔｅｕ５,teu5
ｔｅｕ６,teu6
ｔｅｏｔ１,teot1
ｔｅｏｔ２,teot2
ｔｅｏｔ３,teot3
ｔｅｏｔ４,teot4
ｔｅｏｔ５,teot5
ｔｅｏｔ６,teot6
ｔｅｏｎ１,teon1
ｔｅｏｎ２,teon2
ｔｅｏｎ３,teon3
ｔｅｏｎ４,teon4
ｔｅｏｎ５,teon5
ｔｅｏｎ６,teon6
ｔｅｏｉ１,teoi1
ｔｅｏｉ２,teoi2
ｔｅｏｉ３,teoi3
ｔｅｏｉ４,teoi4
ｔｅｏｉ５,teoi5
ｔｅｏｉ６,teoi6
ｔｏｅ１,toe1
ｔｏｅ２,toe2
ｔｏｅ３,toe3
ｔｏｅ４,toe4
ｔｏｅ５,toe5
ｔｏｅ６,toe6
ｔｏｅｔ１,toet1
ｔｏｅｔ２,toet2
ｔｏｅｔ３,toet3
ｔｏｅｔ４,toet4
ｔｏｅｔ５,toet5
ｔｏｅｔ６,toet6
ｔｏｅｋ１,toek1
ｔｏｅｋ２,toek2
ｔｏｅｋ３,toek3
ｔｏｅｋ４,toek4
ｔｏｅｋ５,toek5
ｔｏｅｋ６,toek6
ｔｏｅｎｇ１,toeng1
ｔｏｅｎｇ２,toeng2
ｔｏｅｎｇ３,toeng3
ｔｏｅｎｇ４,toeng4
ｔｏｅｎｇ５,toeng5
ｔｏｅｎｇ６,toeng6
ｔｏ１,to1
ｔｏ２,to2
ｔｏ３,to3
ｔｏ４,to4
ｔｏ５,to5
ｔｏ６,to6
ｔｏｔ１,tot1
ｔｏｔ２,tot2
ｔｏｔ３,tot3
ｔｏｔ４,tot4
ｔｏｔ５,tot5
ｔｏｔ６,tot6
ｔｏｋ１,tok1
ｔｏｋ２,tok2
ｔｏｋ３,tok3
ｔｏｋ４,tok4
ｔｏｋ５,tok5
ｔｏｋ６,tok6
ｔｏｎ１,ton1
ｔｏｎ２,ton2
ｔｏｎ３,ton3
ｔｏｎ４,ton4
ｔｏｎ５,ton5
ｔｏｎ６,ton6
ｔｏｎｇ１,tong1
ｔｏｎｇ２,tong2
ｔｏｎｇ３,tong3
ｔｏｎｇ４,tong4
ｔｏｎｇ５,tong5
ｔｏｎｇ６,tong6
ｔｏｉ１,toi1
ｔｏｉ２,toi2
ｔｏｉ３,toi3
ｔｏｉ４,toi4
ｔｏｉ５,toi5
ｔｏｉ６,toi6
ｔｏｕ１,tou1
ｔｏｕ２,tou2
ｔｏｕ３,tou3
ｔｏｕ４,tou4
ｔｏｕ５,tou5
ｔｏｕ６,tou6
ｔａ１,ta1
ｔａ２,ta2
ｔａ３,ta3
ｔａ４,ta4
ｔａ５,ta5
ｔａ６,ta6
ｔａｐ１,tap1
ｔａｐ２,tap2
ｔａｐ３,tap3
ｔａｐ４,tap4
ｔａｐ５,tap5
ｔａｐ６,tap6
ｔａｔ１,tat1
ｔａｔ２,tat2
ｔａｔ３,tat3
ｔａｔ４,tat4
ｔａｔ５,tat5
ｔａｔ６,tat6
ｔａｋ１,tak1
ｔａｋ２,tak2
ｔａｋ３,tak3
ｔａｋ４,tak4
ｔａｋ５,tak5
ｔａｋ６,tak6
ｔａｍ１,tam1
ｔａｍ２,tam2
ｔａｍ３,tam3
ｔａｍ４,tam4
ｔａｍ５,tam5
ｔａｍ６,tam6
ｔａｎ１,tan1
ｔａｎ２,tan2
ｔａｎ３,tan3
ｔａｎ４,tan4
ｔａｎ５,tan5
ｔａｎ６,tan6
ｔａｎｇ１,tang1
ｔａｎｇ２,tang2
ｔａｎｇ３,tang3
ｔａｎｇ４,tang4
ｔａｎｇ５,tang5
ｔａｎｇ６,tang6
ｔａｉ１,tai1
ｔａｉ２,tai2
ｔａｉ３,tai3
ｔａｉ４,tai4
ｔａｉ５,tai5
ｔａｉ６,tai6
ｔａｕ１,tau1
ｔａｕ２,tau2
ｔａｕ３,tau3
ｔａｕ４,tau4
ｔａｕ５,tau5
ｔａｕ６,tau6
ｔａａ１,taa1
ｔａａ２,taa2
ｔａａ３,taa3
ｔａａ４,taa4
ｔａａ５,taa5
ｔａａ６,taa6
ｔａａｐ１,taap1
ｔａａｐ２,taap2
ｔａａｐ３,taap3
ｔａａｐ４,taap4
ｔａａｐ５,taap5
ｔａａｐ６,taap6
ｔａａｔ１,taat1
ｔａａｔ２,taat2
ｔａａｔ３,taat3
ｔａａｔ４,taat4
ｔａａｔ５,taat5
ｔａａｔ６,taat6
ｔａａｋ１,taak1
ｔａａｋ２,taak2
ｔａａｋ３,taak3
ｔａａｋ４,taak4
ｔａａｋ５,taak5
ｔａａｋ６,taak6
ｔａａｍ１,taam1
ｔａａｍ２,taam2
ｔａａｍ３,taam3
ｔａａｍ４,taam4
ｔａａｍ５,taam5
ｔａａｍ６,taam6
ｔａａｎ１,taan1
ｔａａｎ２,taan2
ｔａａｎ３,taan3
ｔａａｎ４,taan4
ｔａａｎ５,taan5
ｔａａｎ６,taan6
ｔａａｎｇ１,taang1
ｔａａｎｇ２,taang2
ｔａａｎｇ３,taang3
ｔａａｎｇ４,taang4
ｔａａｎｇ５,taang5
ｔａａｎｇ６,taang6
ｔａａｉ１,taai1
ｔａａｉ２,taai2
ｔａａｉ３,taai3
ｔａａｉ４,taai4
ｔａａｉ５,taai5
ｔａａｉ６,taai6
ｔａａｕ１,taau1
ｔａａｕ２,taau2
ｔａａｕ３,taau3
ｔａａｕ４,taau4
ｔａａｕ５,taau5
ｔａａｕ６,taau6
ｎｉ１,ni1
ｎｉ２,ni2
ｎｉ３,ni3
ｎｉ４,ni4
ｎｉ５,ni5
ｎｉ６,ni6
ｎｉｐ１,nip1
ｎｉｐ２,nip2
ｎｉｐ３,nip3
ｎｉｐ４,nip4
ｎｉｐ５,nip5
ｎｉｐ６,nip6
ｎｉｔ１,nit1
ｎｉｔ２,nit2
ｎｉｔ３,nit3
ｎｉｔ４,nit4
ｎｉｔ５,nit5
ｎｉｔ６,nit6
ｎｉｋ１,nik1
ｎｉｋ２,nik2
ｎｉｋ３,nik3
ｎｉｋ４,nik4
ｎｉｋ５,nik5
ｎｉｋ６,nik6
ｎｉｍ１,nim1
ｎｉｍ２,nim2
ｎｉｍ３,nim3
ｎｉｍ４,nim4
ｎｉｍ５,nim5
ｎｉｍ６,nim6
ｎｉｎ１,nin1
ｎｉｎ２,nin2
ｎｉｎ３,nin3
ｎｉｎ４,nin4
ｎｉｎ５,nin5
ｎｉｎ６,nin6
ｎｉｎｇ１,ning1
ｎｉｎｇ２,ning2
ｎｉｎｇ３,ning3
ｎｉｎｇ４,ning4
ｎｉｎｇ５,ning5
ｎｉｎｇ６,ning6
ｎｉｕ１,niu1
ｎｉｕ２,niu2
ｎｉｕ３,niu3
ｎｉｕ４,niu4
ｎｉｕ５,niu5
ｎｉｕ６,niu6
ｎｙｕ１,nyu1
ｎｙｕ２,nyu2
ｎｙｕ３,nyu3
ｎｙｕ４,nyu4
ｎｙｕ５,nyu5
ｎｙｕ６,nyu6
ｎｙｕｔ１,nyut1
ｎｙｕｔ２,nyut2
ｎｙｕｔ３,nyut3
ｎｙｕｔ４,nyut4
ｎｙｕｔ５,nyut5
ｎｙｕｔ６,nyut6
ｎｙｕｎ１,nyun1
ｎｙｕｎ２,nyun2
ｎｙｕｎ３,nyun3
ｎｙｕｎ４,nyun4
ｎｙｕｎ５,nyun5
ｎｙｕｎ６,nyun6
ｎｕ１,nu1
ｎｕ２,nu2
ｎｕ３,nu3
ｎｕ４,nu4
ｎｕ５,nu5
ｎｕ６,nu6
ｎｕｐ１,nup1
ｎｕｐ２,nup2
ｎｕｐ３,nup3
ｎｕｐ４,nup4
ｎｕｐ５,nup5
ｎｕｐ６,nup6
ｎｕｔ１,nut1
ｎｕｔ２,nut2
ｎｕｔ３,nut3
ｎｕｔ４,nut4
ｎｕｔ５,nut5
ｎｕｔ６,nut6
ｎｕｋ１,nuk1
ｎｕｋ２,nuk2
ｎｕｋ３,nuk3
ｎｕｋ４,nuk4
ｎｕｋ５,nuk5
ｎｕｋ６,nuk6
ｎｕｍ１,num1
ｎｕｍ２,num2
ｎｕｍ３,num3
ｎｕｍ４,num4
ｎｕｍ５,num5
ｎｕｍ６,num6
ｎｕｎ１,nun1
ｎｕｎ２,nun2
ｎｕｎ３,nun3
ｎｕｎ４,nun4
ｎｕｎ５,nun5
ｎｕｎ６,nun6
ｎｕｎｇ１,nung1
ｎｕｎｇ２,nung2
ｎｕｎｇ３,nung3
ｎｕｎｇ４,nung4
ｎｕｎｇ５,nung5
ｎｕｎｇ６,nung6
ｎｕｉ１,nui1
ｎｕｉ２,nui2
ｎｕｉ３,nui3
ｎｕｉ４,nui4
ｎｕｉ５,nui5
ｎｕｉ６,nui6
ｎｅ１,ne1
ｎｅ２,ne2
ｎｅ３,ne3
ｎｅ４,ne4
ｎｅ５,ne5
ｎｅ６,ne6
ｎｅｐ１,nep1
ｎｅｐ２,nep2
ｎｅｐ３,nep3
ｎｅｐ４,nep4
ｎｅｐ５,nep5
ｎｅｐ６,nep6
ｎｅｔ１,net1
ｎｅｔ２,net2
ｎｅｔ３,net3
ｎｅｔ４,net4
ｎｅｔ５,net5
ｎｅｔ６,net6
ｎｅｋ１,nek1
ｎｅｋ２,nek2
ｎｅｋ３,nek3
ｎｅｋ４,nek4
ｎｅｋ５,nek5
ｎｅｋ６,nek6
ｎｅｍ１,nem1
ｎｅｍ２,nem2
ｎｅｍ３,nem3
ｎｅｍ４,nem4
ｎｅｍ５,nem5
ｎｅｍ６,nem6
ｎｅｎ１,nen1
ｎｅｎ２,nen2
ｎｅｎ３,nen3
ｎｅｎ４,nen4
ｎｅｎ５,nen5
ｎｅｎ６,nen6
ｎｅｎｇ１,neng1
ｎｅｎｇ２,neng2
ｎｅｎｇ３,neng3
ｎｅｎｇ４,neng4
ｎｅｎｇ５,neng5
ｎｅｎｇ６,neng6
ｎｅｉ１,nei1
ｎｅｉ２,nei2
ｎｅｉ３,nei3
ｎｅｉ４,nei4
ｎｅｉ５,nei5
ｎｅｉ６,nei6
ｎｅｕ１,neu1
ｎｅｕ２,neu2
ｎｅｕ３,neu3
ｎｅｕ４,neu4
ｎｅｕ５,neu5
ｎｅｕ６,neu6
ｎｅｏｔ１,neot1
ｎｅｏｔ２,neot2
ｎｅｏｔ３,neot3
ｎｅｏｔ４,neot4
ｎｅｏｔ５,neot5
ｎｅｏｔ６,neot6
ｎｅｏｎ１,neon1
ｎｅｏｎ２,neon2
ｎｅｏｎ３,neon3
ｎｅｏｎ４,neon4
ｎｅｏｎ５,neon5
ｎｅｏｎ６,neon6
ｎｅｏｉ１,neoi1
ｎｅｏｉ２,neoi2
ｎｅｏｉ３,neoi3
ｎｅｏｉ４,neoi4
ｎｅｏｉ５,neoi5
ｎｅｏｉ６,neoi6
ｎｏｅ１,noe1
ｎｏｅ２,noe2
ｎｏｅ３,noe3
ｎｏｅ４,noe4
ｎｏｅ５,noe5
ｎｏｅ６,noe6
ｎｏｅｔ１,noet1
ｎｏｅｔ２,noet2
ｎｏｅｔ３,noet3
ｎｏｅｔ４,noet4
ｎｏｅｔ５,noet5
ｎｏｅｔ６,noet6
ｎｏｅｋ１,noek1
ｎｏｅｋ２,noek2
ｎｏｅｋ３,noek3
ｎｏｅｋ４,noek4
ｎｏｅｋ５,noek5
ｎｏｅｋ６,noek6
ｎｏｅｎｇ１,noeng1
ｎｏｅｎｇ２,noeng2
ｎｏｅｎｇ３,noeng3
ｎｏｅｎｇ４,noeng4
ｎｏｅｎｇ５,noeng5
ｎｏｅｎｇ６,noeng6
ｎｏ１,no1
ｎｏ２,no2
ｎｏ３,no3
ｎｏ４,no4
ｎｏ５,no5
ｎｏ６,no6
ｎｏｔ１,not1
ｎｏｔ２,not2
ｎｏｔ３,not3
ｎｏｔ４,not4
ｎｏｔ５,not5
ｎｏｔ６,not6
ｎｏｋ１,nok1
ｎｏｋ２,nok2
ｎｏｋ３,nok3
ｎｏｋ４,nok4
ｎｏｋ５,nok5
ｎｏｋ６,nok6
ｎｏｎ１,non1
ｎｏｎ２,non2
ｎｏｎ３,non3
ｎｏｎ４,non4
ｎｏｎ５,non5
ｎｏｎ６,non6
ｎｏｎｇ１,nong1
ｎｏｎｇ２,nong2
ｎｏｎｇ３,nong3
ｎｏｎｇ４,nong4
ｎｏｎｇ５,nong5
ｎｏｎｇ６,nong6
ｎｏｉ１,noi1
ｎｏｉ２,noi2
ｎｏｉ３,noi3
ｎｏｉ４,noi4
ｎｏｉ５,noi5
ｎｏｉ６,noi6
ｎｏｕ１,nou1
ｎｏｕ２,nou2
ｎｏｕ３,nou3
ｎｏｕ４,nou4
ｎｏｕ５,nou5
ｎｏｕ６,nou6
ｎａ１,na1
ｎａ２,na2
ｎａ３,na3
ｎａ４,na4
ｎａ５,na5
ｎａ６,na6
ｎａｐ１,nap1
ｎａｐ２,nap2
ｎａｐ３,nap3
ｎａｐ４,nap4
ｎａｐ５,nap5
ｎａｐ６,nap6
ｎａｔ１,nat1
ｎａｔ２,nat2
ｎａｔ３,nat3
ｎａｔ４,nat4
ｎａｔ５,nat5
ｎａｔ６,nat6
ｎａｋ１,nak1
ｎａｋ２,nak2
ｎａｋ３,nak3
ｎａｋ４,nak4
ｎａｋ５,nak5
ｎａｋ６,nak6
ｎａｍ１,nam1
ｎａｍ２,nam2
ｎａｍ３,nam3
ｎａｍ４,nam4
ｎａｍ５,nam5
ｎａｍ６,nam6
ｎａｎ１,nan1
ｎａｎ２,nan2
ｎａｎ３,nan3
ｎａｎ４,nan4
ｎａｎ５,nan5
ｎａｎ６,nan6
ｎａｎｇ１,nang1
ｎａｎｇ２,nang2
ｎａｎｇ３,nang3
ｎａｎｇ４,nang4
ｎａｎｇ５,nang5
ｎａｎｇ６,nang6
ｎａｉ１,nai1
ｎａｉ２,nai2
ｎａｉ３,nai3
ｎａｉ４,nai4
ｎａｉ５,nai5
ｎａｉ６,nai6
ｎａｕ１,nau1
ｎａｕ２,nau2
ｎａｕ３,nau3
ｎａｕ４,nau4
ｎａｕ５,nau5
ｎａｕ６,nau6
ｎａａ１,naa1
ｎａａ２,naa2
ｎａａ３,naa3
ｎａａ４,naa4
ｎａａ５,naa5
ｎａａ６,naa6
ｎａａｐ１,naap1
ｎａａｐ２,naap2
ｎａａｐ３,naap3
ｎａａｐ４,naap4
ｎａａｐ５,naap5
ｎａａｐ６,naap6
ｎａａｔ１,naat1
ｎａａｔ２,naat2
ｎａａｔ３,naat3
ｎａａｔ４,naat4
ｎａａｔ５,naat5
ｎａａｔ６,naat6
ｎａａｋ１,naak1
ｎａａｋ２,naak2
ｎａａｋ３,naak3
ｎａａｋ４,naak4
ｎａａｋ５,naak5
ｎａａｋ６,naak6
ｎａａｍ１,naam1
ｎａａｍ２,naam2
ｎａａｍ３,naam3
ｎａａｍ４,naam4
ｎａａｍ５,naam5
ｎａａｍ６,naam6
ｎａａｎ１,naan1
ｎａａｎ２,naan2
ｎａａｎ３,naan3
ｎａａｎ４,naan4
ｎａａｎ５,naan5
ｎａａｎ６,naan6
ｎａａｎｇ１,naang1
ｎａａｎｇ２,naang2
ｎａａｎｇ３,naang3
ｎａａｎｇ４,naang4
ｎａａｎｇ５,naang5
ｎａａｎｇ６,naang6
ｎａａｉ１,naai1
ｎａａｉ２,naai2
ｎａａｉ３,naai3
ｎａａｉ４,naai4
ｎａａｉ５,naai5
ｎａａｉ６,naai6
ｎａａｕ１,naau1
ｎａａｕ２,naau2
ｎａａｕ３,naau3
ｎａａｕ４,naau4
ｎａａｕ５,naau5
ｎａａｕ６,naau6
ｌｉ１,li1
ｌｉ２,li2
ｌｉ３,li3
ｌｉ４,li4
ｌｉ５,li5
ｌｉ６,li6
ｌｉｐ１,lip1
ｌｉｐ２,lip2
ｌｉｐ３,lip3
ｌｉｐ４,lip4
ｌｉｐ５,lip5
ｌｉｐ６,lip6
ｌｉｔ１,lit1
ｌｉｔ２,lit2
ｌｉｔ３,lit3
ｌｉｔ４,lit4
ｌｉｔ５,lit5
ｌｉｔ６,lit6
ｌｉｋ１,lik1
ｌｉｋ２,lik2
ｌｉｋ３,lik3
ｌｉｋ４,lik4
ｌｉｋ５,lik5
ｌｉｋ６,lik6
ｌｉｍ１,lim1
ｌｉｍ２,lim2
ｌｉｍ３,lim3
ｌｉｍ４,lim4
ｌｉｍ５,lim5
ｌｉｍ６,lim6
ｌｉｎ１,lin1
ｌｉｎ２,lin2
ｌｉｎ３,lin3
ｌｉｎ４,lin4
ｌｉｎ５,lin5
ｌｉｎ６,lin6
ｌｉｎｇ１,ling1
ｌｉｎｇ２,ling2
ｌｉｎｇ３,ling3
ｌｉｎｇ４,ling4
ｌｉｎｇ５,ling5
ｌｉｎｇ６,ling6
ｌｉｕ１,liu1
ｌｉｕ２,liu2
ｌｉｕ３,liu3
ｌｉｕ４,liu4
ｌｉｕ５,liu5
ｌｉｕ６,liu6
ｌｙｕ１,lyu1
ｌｙｕ２,lyu2
ｌｙｕ３,lyu3
ｌｙｕ４,lyu4
ｌｙｕ５,lyu5
ｌｙｕ６,lyu6
ｌｙｕｔ１,lyut1
ｌｙｕｔ２,lyut2
ｌｙｕｔ３,lyut3
ｌｙｕｔ４,lyut4
ｌｙｕｔ５,lyut5
ｌｙｕｔ６,lyut6
ｌｙｕｎ１,lyun1
ｌｙｕｎ２,lyun2
ｌｙｕｎ３,lyun3
ｌｙｕｎ４,lyun4
ｌｙｕｎ５,lyun5
ｌｙｕｎ６,lyun6
ｌｕ１,lu1
ｌｕ２,lu2
ｌｕ３,lu3
ｌｕ４,lu4
ｌｕ５,lu5
ｌｕ６,lu6
ｌｕｐ１,lup1
ｌｕｐ２,lup2
ｌｕｐ３,lup3
ｌｕｐ４,lup4
ｌｕｐ５,lup5
ｌｕｐ６,lup6
ｌｕｔ１,lut1
ｌｕｔ２,lut2
ｌｕｔ３,lut3
ｌｕｔ４,lut4
ｌｕｔ５,lut5
ｌｕｔ６,lut6
ｌｕｋ１,luk1
ｌｕｋ２,luk2
ｌｕｋ３,luk3
ｌｕｋ４,luk4
ｌｕｋ５,luk5
ｌｕｋ６,luk6
ｌｕｍ１,lum1
ｌｕｍ２,lum2
ｌｕｍ３,lum3
ｌｕｍ４,lum4
ｌｕｍ５,lum5
ｌｕｍ６,lum6
ｌｕｎ１,lun1
ｌｕｎ２,lun2
ｌｕｎ３,lun3
ｌｕｎ４,lun4
ｌｕｎ５,lun5
ｌｕｎ６,lun6
ｌｕｎｇ１,lung1
ｌｕｎｇ２,lung2
ｌｕｎｇ３,lung3
ｌｕｎｇ４,lung4
ｌｕｎｇ５,lung5
ｌｕｎｇ６,lung6
ｌｕｉ１,lui1
ｌｕｉ２,lui2
ｌｕｉ３,lui3
ｌｕｉ４,lui4
ｌｕｉ５,lui5
ｌｕｉ６,lui6
ｌｅ１,le1
ｌｅ２,le2
ｌｅ３,le3
ｌｅ４,le4
ｌｅ５,le5
ｌｅ６,le6
ｌｅｐ１,lep1
ｌｅｐ２,lep2
ｌｅｐ３,lep3
ｌｅｐ４,lep4
ｌｅｐ５,lep5
ｌｅｐ６,lep6
ｌｅｔ１,let1
ｌｅｔ２,let2
ｌｅｔ３,let3
ｌｅｔ４,let4
ｌｅｔ５,let5
ｌｅｔ６,let6
ｌｅｋ１,lek1
ｌｅｋ２,lek2
ｌｅｋ３,lek3
ｌｅｋ４,lek4
ｌｅｋ５,lek5
ｌｅｋ６,lek6
ｌｅｍ１,lem1
ｌｅｍ２,lem2
ｌｅｍ３,lem3
ｌｅｍ４,lem4
ｌｅｍ５,lem5
ｌｅｍ６,lem6
ｌｅｎ１,len1
ｌｅｎ２,len2
ｌｅｎ３,len3
ｌｅｎ４,len4
ｌｅｎ５,len5
ｌｅｎ６,len6
ｌｅｎｇ１,leng1
ｌｅｎｇ２,leng2
ｌｅｎｇ３,leng3
ｌｅｎｇ４,leng4
ｌｅｎｇ５,leng5
ｌｅｎｇ６,leng6
ｌｅｉ１,lei1
ｌｅｉ２,lei2
ｌｅｉ３,lei3
ｌｅｉ４,lei4
ｌｅｉ５,lei5
ｌｅｉ６,lei6
ｌｅｕ１,leu1
ｌｅｕ２,leu2
ｌｅｕ３,leu3
ｌｅｕ４,leu4
ｌｅｕ５,leu5
ｌｅｕ６,leu6
ｌｅｏｔ１,leot1
ｌｅｏｔ２,leot2
ｌｅｏｔ３,leot3
ｌｅｏｔ４,leot4
ｌｅｏｔ５,leot5
ｌｅｏｔ６,leot6
ｌｅｏｎ１,leon1
ｌｅｏｎ２,leon2
ｌｅｏｎ３,leon3
ｌｅｏｎ４,leon4
ｌｅｏｎ５,leon5
ｌｅｏｎ６,leon6
ｌｅｏｉ１,leoi1
ｌｅｏｉ２,leoi2
ｌｅｏｉ３,leoi3
ｌｅｏｉ４,leoi4
ｌｅｏｉ５,leoi5
ｌｅｏｉ６,leoi6
ｌｏｅ１,loe1
ｌｏｅ２,loe2
ｌｏｅ３,loe3
ｌｏｅ４,loe4
ｌｏｅ５,loe5
ｌｏｅ６,loe6
ｌｏｅｔ１,loet1
ｌｏｅｔ２,loet2
ｌｏｅｔ３,loet3
ｌｏｅｔ４,loet4
ｌｏｅｔ５,loet5
ｌｏｅｔ６,loet6
ｌｏｅｋ１,loek1
ｌｏｅｋ２,loek2
ｌｏｅｋ３,loek3
ｌｏｅｋ４,loek4
ｌｏｅｋ５,loek5
ｌｏｅｋ６,loek6
ｌｏｅｎｇ１,loeng1
ｌｏｅｎｇ２,loeng2
ｌｏｅｎｇ３,loeng3
ｌｏｅｎｇ４,loeng4
ｌｏｅｎｇ５,loeng5
ｌｏｅｎｇ６,loeng6
ｌｏ１,lo1
ｌｏ２,lo2
ｌｏ３,lo3
ｌｏ４,lo4
ｌｏ５,lo5
ｌｏ６,lo6
ｌｏｔ１,lot1
ｌｏｔ２,lot2
ｌｏｔ３,lot3
ｌｏｔ４,lot4
ｌｏｔ５,lot5
ｌｏｔ６,lot6
ｌｏｋ１,lok1
ｌｏｋ２,lok2
ｌｏｋ３,lok3
ｌｏｋ４,lok4
ｌｏｋ５,lok5
ｌｏｋ６,lok6
ｌｏｎ１,lon1
ｌｏｎ２,lon2
ｌｏｎ３,lon3
ｌｏｎ４,lon4
ｌｏｎ５,lon5
ｌｏｎ６,lon6
ｌｏｎｇ１,long1
ｌｏｎｇ２,long2
ｌｏｎｇ３,long3
ｌｏｎｇ４,long4
ｌｏｎｇ５,long5
ｌｏｎｇ６,long6
ｌｏｉ１,loi1
ｌｏｉ２,loi2
ｌｏｉ３,loi3
ｌｏｉ４,loi4
ｌｏｉ５,loi5
ｌｏｉ６,loi6
ｌｏｕ１,lou1
ｌｏｕ２,lou2
ｌｏｕ３,lou3
ｌｏｕ４,lou4
ｌｏｕ５,lou5
ｌｏｕ６,lou6
ｌａ１,la1
ｌａ２,la2
ｌａ３,la3
ｌａ４,la4
ｌａ５,la5
ｌａ６,la6
ｌａｐ１,lap1
ｌａｐ２,lap2
ｌａｐ３,lap3
ｌａｐ４,lap4
ｌａｐ５,lap5
ｌａｐ６,lap6
ｌａｔ１,lat1
ｌａｔ２,lat2
ｌａｔ３,lat3
ｌａｔ４,lat4
ｌａｔ５,lat5
ｌａｔ６,lat6
ｌａｋ１,lak1
ｌａｋ２,lak2
ｌａｋ３,lak3
ｌａｋ４,lak4
ｌａｋ５,lak5
ｌａｋ６,lak6
ｌａｍ１,lam1
ｌａｍ２,lam2
ｌａｍ３,lam3
ｌａｍ４,lam4
ｌａｍ５,lam5
ｌａｍ６,lam6
ｌａｎ１,lan1
ｌａｎ２,lan2
ｌａｎ３,lan3
ｌａｎ４,lan4
ｌａｎ５,lan5
ｌａｎ６,lan6
ｌａｎｇ１,lang1
ｌａｎｇ２,lang2
ｌａｎｇ３,lang3
ｌａｎｇ４,lang4
ｌａｎｇ５,lang5
ｌａｎｇ６,lang6
ｌａｉ１,lai1
ｌａｉ２,lai2
ｌａｉ３,lai3
ｌａｉ４,lai4
ｌａｉ５,lai5
ｌａｉ６,lai6
ｌａｕ１,lau1
ｌａｕ２,lau2
ｌａｕ３,lau3
ｌａｕ４,lau4
ｌａｕ５,lau5
ｌａｕ６,lau6
ｌａａ１,laa1
ｌａａ２,laa2
ｌａａ３,laa3
ｌａａ４,laa4
ｌａａ５,laa5
ｌａａ６,laa6
ｌａａｐ１,laap1
ｌａａｐ２,laap2
ｌａａｐ３,laap3
ｌａａｐ４,laap4
ｌａａｐ５,laap5
ｌａａｐ６,laap6
ｌａａｔ１,laat1
ｌａａｔ２,laat2
ｌａａｔ３,laat3
ｌａａｔ４,laat4
ｌａａｔ５,laat5
ｌａａｔ６,laat6
ｌａａｋ１,laak1
ｌａａｋ２,laak2
ｌａａｋ３,laak3
ｌａａｋ４,laak4
ｌａａｋ５,laak5
ｌａａｋ６,laak6
ｌａａｍ１,laam1
ｌａａｍ２,laam2
ｌａａｍ３,laam3
ｌａａｍ４,laam4
ｌａａｍ５,laam5
ｌａａｍ６,laam6
ｌａａｎ１,laan1
ｌａａｎ２,laan2
ｌａａｎ３,laan3
ｌａａｎ４,laan4
ｌａａｎ５,laan5
ｌａａｎ６,laan6
ｌａａｎｇ１,laang1
ｌａａｎｇ２,laang2
ｌａａｎｇ３,laang3
ｌａａｎｇ４,laang4
ｌａａｎｇ５,laang5
ｌａａｎｇ６,laang6
ｌａａｉ１,laai1
ｌａａｉ２,laai2
ｌａａｉ３,laai3
ｌａａｉ４,laai4
ｌａａｉ５,laai5
ｌａａｉ６,laai6
ｌａａｕ１,laau1
ｌａａｕ２,laau2
ｌａａｕ３,laau3
ｌａａｕ４,laau4
ｌａａｕ５,laau5
ｌａａｕ６,laau6
ｇｉ１,gi1
ｇｉ２,gi2
ｇｉ３,gi3
ｇｉ４,gi4
ｇｉ５,gi5
ｇｉ６,gi6
ｇｉｐ１,gip1
ｇｉｐ２,gip2
ｇｉｐ３,gip3
ｇｉｐ４,gip4
ｇｉｐ５,gip5
ｇｉｐ６,gip6
ｇｉｔ１,git1
ｇｉｔ２,git2
ｇｉｔ３,git3
ｇｉｔ４,git4
ｇｉｔ５,git5
ｇｉｔ６,git6
ｇｉｋ１,gik1
ｇｉｋ２,gik2
ｇｉｋ３,gik3
ｇｉｋ４,gik4
ｇｉｋ５,gik5
ｇｉｋ６,gik6
ｇｉｍ１,gim1
ｇｉｍ２,gim2
ｇｉｍ３,gim3
ｇｉｍ４,gim4
ｇｉｍ５,gim5
ｇｉｍ６,gim6
ｇｉｎ１,gin1
ｇｉｎ２,gin2
ｇｉｎ３,gin3
ｇｉｎ４,gin4
ｇｉｎ５,gin5
ｇｉｎ６,gin6
ｇｉｎｇ１,ging1
ｇｉｎｇ２,ging2
ｇｉｎｇ３,ging3
ｇｉｎｇ４,ging4
ｇｉｎｇ５,ging5
ｇｉｎｇ６,ging6
ｇｉｕ１,giu1
ｇｉｕ２,giu2
ｇｉｕ３,giu3
ｇｉｕ４,giu4
ｇｉｕ５,giu5
ｇｉｕ６,giu6
ｇｙｕ１,gyu1
ｇｙｕ２,gyu2
ｇｙｕ３,gyu3
ｇｙｕ４,gyu4
ｇｙｕ５,gyu5
ｇｙｕ６,gyu6
ｇｙｕｔ１,gyut1
ｇｙｕｔ２,gyut2
ｇｙｕｔ３,gyut3
ｇｙｕｔ４,gyut4
ｇｙｕｔ５,gyut5
ｇｙｕｔ６,gyut6
ｇｙｕｎ１,gyun1
ｇｙｕｎ２,gyun2
ｇｙｕｎ３,gyun3
ｇｙｕｎ４,gyun4
ｇｙｕｎ５,gyun5
ｇｙｕｎ６,gyun6
ｇｕ１,gu1
ｇｕ２,gu2
ｇｕ３,gu3
ｇｕ４,gu4
ｇｕ５,gu5
ｇｕ６,gu6
ｇｕｐ１,gup1
ｇｕｐ２,gup2
ｇｕｐ３,gup3
ｇｕｐ４,gup4
ｇｕｐ５,gup5
ｇｕｐ６,gup6
ｇｕｔ１,gut1
ｇｕｔ２,gut2
ｇｕｔ３,gut3
ｇｕｔ４,gut4
ｇｕｔ５,gut5
ｇｕｔ６,gut6
ｇｕｋ１,guk1
ｇｕｋ２,guk2
ｇｕｋ３,guk3
ｇｕｋ４,guk4
ｇｕｋ５,guk5
ｇｕｋ６,guk6
ｇｕｍ１,gum1
ｇｕｍ２,gum2
ｇｕｍ３,gum3
ｇｕｍ４,gum4
ｇｕｍ５,gum5
ｇｕｍ６,gum6
ｇｕｎ１,gun1
ｇｕｎ２,gun2
ｇｕｎ３,gun3
ｇｕｎ４,gun4
ｇｕｎ５,gun5
ｇｕｎ６,gun6
ｇｕｎｇ１,gung1
ｇｕｎｇ２,gung2
ｇｕｎｇ３,gung3
ｇｕｎｇ４,gung4
ｇｕｎｇ５,gung5
ｇｕｎｇ６,gung6
ｇｕｉ１,gui1
ｇｕｉ２,gui2
ｇｕｉ３,gui3
ｇｕｉ４,gui4
ｇｕｉ５,gui5
ｇｕｉ６,gui6
ｇｅ１,ge1
ｇｅ２,ge2
ｇｅ３,ge3
ｇｅ４,ge4
ｇｅ５,ge5
ｇｅ６,ge6
ｇｅｐ１,gep1
ｇｅｐ２,gep2
ｇｅｐ３,gep3
ｇｅｐ４,gep4
ｇｅｐ５,gep5
ｇｅｐ６,gep6
ｇｅｔ１,get1
ｇｅｔ２,get2
ｇｅｔ３,get3
ｇｅｔ４,get4
ｇｅｔ５,get5
ｇｅｔ６,get6
ｇｅｋ１,gek1
ｇｅｋ２,gek2
ｇｅｋ３,gek3
ｇｅｋ４,gek4
ｇｅｋ５,gek5
ｇｅｋ６,gek6
ｇｅｍ１,gem1
ｇｅｍ２,gem2
ｇｅｍ３,gem3
ｇｅｍ４,gem4
ｇｅｍ５,gem5
ｇｅｍ６,gem6
ｇｅｎ１,gen1
ｇｅｎ２,gen2
ｇｅｎ３,gen3
ｇｅｎ４,gen4
ｇｅｎ５,gen5
ｇｅｎ６,gen6
ｇｅｎｇ１,geng1
ｇｅｎｇ２,geng2
ｇｅｎｇ３,geng3
ｇｅｎｇ４,geng4
ｇｅｎｇ５,geng5
ｇｅｎｇ６,geng6
ｇｅｉ１,gei1
ｇｅｉ２,gei2
ｇｅｉ３,gei3
ｇｅｉ４,gei4
ｇｅｉ５,gei5
ｇｅｉ６,gei6
ｇｅｕ１,geu1
ｇｅｕ２,geu2
ｇｅｕ３,geu3
ｇｅｕ４,geu4
ｇｅｕ５,geu5
ｇｅｕ６,geu6
ｇｅｏｔ１,geot1
ｇｅｏｔ２,geot2
ｇｅｏｔ３,geot3
ｇｅｏｔ４,geot4
ｇｅｏｔ５,geot5
ｇｅｏｔ６,geot6
ｇｅｏｎ１,geon1
ｇｅｏｎ２,geon2
ｇｅｏｎ３,geon3
ｇｅｏｎ４,geon4
ｇｅｏｎ５,geon5
ｇｅｏｎ６,geon6
ｇｅｏｉ１,geoi1
ｇｅｏｉ２,geoi2
ｇｅｏｉ３,geoi3
ｇｅｏｉ４,geoi4
ｇｅｏｉ５,geoi5
ｇｅｏｉ６,geoi6
ｇｏｅ１,goe1
ｇｏｅ２,goe2
ｇｏｅ３,goe3
ｇｏｅ４,goe4
ｇｏｅ５,goe5
ｇｏｅ６,goe6
ｇｏｅｔ１,goet1
ｇｏｅｔ２,goet2
ｇｏｅｔ３,goet3
ｇｏｅｔ４,goet4
ｇｏｅｔ５,goet5
ｇｏｅｔ６,goet6
ｇｏｅｋ１,goek1
ｇｏｅｋ２,goek2
ｇｏｅｋ３,goek3
ｇｏｅｋ４,goek4
ｇｏｅｋ５,goek5
ｇｏｅｋ６,goek6
ｇｏｅｎｇ１,goeng1
ｇｏｅｎｇ２,goeng2
ｇｏｅｎｇ３,goeng3
ｇｏｅｎｇ４,goeng4
ｇｏｅｎｇ５,goeng5
ｇｏｅｎｇ６,goeng6
ｇｏ１,go1
ｇｏ２,go2
ｇｏ３,go3
ｇｏ４,go4
ｇｏ５,go5
ｇｏ６,go6
ｇｏｔ１,got1
ｇｏｔ２,got2
ｇｏｔ３,got3
ｇｏｔ４,got4
ｇｏｔ５,got5
ｇｏｔ６,got6
ｇｏｋ１,gok1
ｇｏｋ２,gok2
ｇｏｋ３,gok3
ｇｏｋ４,gok4
ｇｏｋ５,gok5
ｇｏｋ６,gok6
ｇｏｎ１,gon1
ｇｏｎ２,gon2
ｇｏｎ３,gon3
ｇｏｎ４,gon4
ｇｏｎ５,gon5
ｇｏｎ６,gon6
ｇｏｎｇ１,gong1
ｇｏｎｇ２,gong2
ｇｏｎｇ３,gong3
ｇｏｎｇ４,gong4
ｇｏｎｇ５,gong5
ｇｏｎｇ６,gong6
ｇｏｉ１,goi1
ｇｏｉ２,goi2
ｇｏｉ３,goi3
ｇｏｉ４,goi4
ｇｏｉ５,goi5
ｇｏｉ６,goi6
ｇｏｕ１,gou1
ｇｏｕ２,gou2
ｇｏｕ３,gou3
ｇｏｕ４,gou4
ｇｏｕ５,gou5
ｇｏｕ６,gou6
ｇａ１,ga1
ｇａ２,ga2
ｇａ３,ga3
ｇａ４,ga4
ｇａ５,ga5
ｇａ６,ga6
ｇａｐ１,gap1
ｇａｐ２,gap2
ｇａｐ３,gap3
ｇａｐ４,gap4
ｇａｐ５,gap5
ｇａｐ６,gap6
ｇａｔ１,gat1
ｇａｔ２,gat2
ｇａｔ３,gat3
ｇａｔ４,gat4
ｇａｔ５,gat5
ｇａｔ６,gat6
ｇａｋ１,gak1
ｇａｋ２,gak2
ｇａｋ３,gak3
ｇａｋ４,gak4
ｇａｋ５,gak5
ｇａｋ６,gak6
ｇａｍ１,gam1
ｇａｍ２,gam2
ｇａｍ３,gam3
ｇａｍ４,gam4
ｇａｍ５,gam5
ｇａｍ６,gam6
ｇａｎ１,gan1
ｇａｎ２,gan2
ｇａｎ３,gan3
ｇａｎ４,gan4
ｇａｎ５,gan5
ｇａｎ６,gan6
ｇａｎｇ１,gang1
ｇａｎｇ２,gang2
ｇａｎｇ３,gang3
ｇａｎｇ４,gang4
ｇａｎｇ５,gang5
ｇａｎｇ６,gang6
ｇａｉ１,gai1
ｇａｉ２,gai2
ｇａｉ３,gai3
ｇａｉ４,gai4
ｇａｉ５,gai5
ｇａｉ６,gai6
ｇａｕ１,gau1
ｇａｕ２,gau2
ｇａｕ３,gau3
ｇａｕ４,gau4
ｇａｕ５,gau5
ｇａｕ６,gau6
ｇａａ１,gaa1
ｇａａ２,gaa2
ｇａａ３,gaa3
ｇａａ４,gaa4
ｇａａ５,gaa5
ｇａａ６,gaa6
ｇａａｐ１,gaap1
ｇａａｐ２,gaap2
ｇａａｐ３,gaap3
ｇａａｐ４,gaap4
ｇａａｐ５,gaap5
ｇａａｐ６,gaap6
ｇａａｔ１,gaat1
ｇａａｔ２,gaat2
ｇａａｔ３,gaat3
ｇａａｔ４,gaat4
ｇａａｔ５,gaat5
ｇａａｔ６,gaat6
ｇａａｋ１,gaak1
ｇａａｋ２,gaak2
ｇａａｋ３,gaak3
ｇａａｋ４,gaak4
ｇａａｋ５,gaak5
ｇａａｋ６,gaak6
ｇａａｍ１,gaam1
ｇａａｍ２,gaam2
ｇａａｍ３,gaam3
ｇａａｍ４,gaam4
ｇａａｍ５,gaam5
ｇａａｍ６,gaam6
ｇａａｎ１,gaan1
ｇａａｎ２,gaan2
ｇａａｎ３,gaan3
ｇａａｎ４,gaan4
ｇａａｎ５,gaan5
ｇａａｎ６,gaan6
ｇａａｎｇ１,gaang1
ｇａａｎｇ２,gaang2
ｇａａｎｇ３,gaang3
ｇａａｎｇ４,gaang4
ｇａａｎｇ５,gaang5
ｇａａｎｇ６,gaang6
ｇａａｉ１,gaai1
ｇａａｉ２,gaai2
ｇａａｉ３,gaai3
ｇａａｉ４,gaai4
ｇａａｉ５,gaai5
ｇａａｉ６,gaai6
ｇａａｕ１,gaau1
ｇａａｕ２,gaau2
ｇａａｕ３,gaau3
ｇａａｕ４,gaau4
ｇａａｕ５,gaau5
ｇａａｕ６,gaau6
ｋｉ１,ki1
ｋｉ２,ki2
ｋｉ３,ki3
ｋｉ４,ki4
ｋｉ５,ki5
ｋｉ６,ki6
ｋｉｐ１,kip1
ｋｉｐ２,kip2
ｋｉｐ３,kip3
ｋｉｐ４,kip4
ｋｉｐ５,kip5
ｋｉｐ６,kip6
ｋｉｔ１,kit1
ｋｉｔ２,kit2
ｋｉｔ３,kit3
ｋｉｔ４,kit4
ｋｉｔ５,kit5
ｋｉｔ６,kit6
ｋｉｋ１,kik1
ｋｉｋ２,kik2
ｋｉｋ３,kik3
ｋｉｋ４,kik4
ｋｉｋ５,kik5
ｋｉｋ６,kik6
ｋｉｍ１,kim1
ｋｉｍ２,kim2
ｋｉｍ３,kim3
ｋｉｍ４,kim4
ｋｉｍ５,kim5
ｋｉｍ６,kim6
ｋｉｎ１,kin1
ｋｉｎ２,kin2
ｋｉｎ３,kin3
ｋｉｎ４,kin4
ｋｉｎ５,kin5
ｋｉｎ６,kin6
ｋｉｎｇ１,king1
ｋｉｎｇ２,king2
ｋｉｎｇ３,king3
ｋｉｎｇ４,king4
ｋｉｎｇ５,king5
ｋｉｎｇ６,king6
ｋｉｕ１,kiu1
ｋｉｕ２,kiu2
ｋｉｕ３,kiu3
ｋｉｕ４,kiu4
ｋｉｕ５,kiu5
ｋｉｕ６,kiu6
ｋｙｕ１,kyu1
ｋｙｕ２,kyu2
ｋｙｕ３,kyu3
ｋｙｕ４,kyu4
ｋｙｕ５,kyu5
ｋｙｕ６,kyu6
ｋｙｕｔ１,kyut1
ｋｙｕｔ２,kyut2
ｋｙｕｔ３,kyut3
ｋｙｕｔ４,kyut4
ｋｙｕｔ５,kyut5
ｋｙｕｔ６,kyut6
ｋｙｕｎ１,kyun1
ｋｙｕｎ２,kyun2
ｋｙｕｎ３,kyun3
ｋｙｕｎ４,kyun4
ｋｙｕｎ５,kyun5
ｋｙｕｎ６,kyun6
ｋｕ１,ku1
ｋｕ２,ku2
ｋｕ３,ku3
ｋｕ４,ku4
ｋｕ５,ku5
ｋｕ６,ku6
ｋｕｐ１,kup1
ｋｕｐ２,kup2
ｋｕｐ３,kup3
ｋｕｐ４,kup4
ｋｕｐ５,kup5
ｋｕｐ６,kup6
ｋｕｔ１,kut1
ｋｕｔ２,kut2
ｋｕｔ３,kut3
ｋｕｔ４,kut4
ｋｕｔ５,kut5
ｋｕｔ６,kut6
ｋｕｋ１,kuk1
ｋｕｋ２,kuk2
ｋｕｋ３,kuk3
ｋｕｋ４,kuk4
ｋｕｋ５,kuk5
ｋｕｋ６,kuk6
ｋｕｍ１,kum1
ｋｕｍ２,kum2
ｋｕｍ３,kum3
ｋｕｍ４,kum4
ｋｕｍ５,kum5
ｋｕｍ６,kum6
ｋｕｎ１,kun1
ｋｕｎ２,kun2
ｋｕｎ３,kun3
ｋｕｎ４,kun4
ｋｕｎ５,kun5
ｋｕｎ６,kun6
ｋｕｎｇ１,kung1
ｋｕｎｇ２,kung2
ｋｕｎｇ３,kung3
ｋｕｎｇ４,kung4
ｋｕｎｇ５,kung5
ｋｕｎｇ６,kung6
ｋｕｉ１,kui1
ｋｕｉ２,kui2
ｋｕｉ３,kui3
ｋｕｉ４,kui4
ｋｕｉ５,kui5
ｋｕｉ６,kui6
ｋｅ１,ke1
ｋｅ２,ke2
ｋｅ３,ke3
ｋｅ４,ke4
ｋｅ５,ke5
ｋｅ６,ke6
ｋｅｐ１,kep1
ｋｅｐ２,kep2
ｋｅｐ３,kep3
ｋｅｐ４,kep4
ｋｅｐ５,kep5
ｋｅｐ６,kep6
ｋｅｔ１,ket1
ｋｅｔ２,ket2
ｋｅｔ３,ket3
ｋｅｔ４,ket4
ｋｅｔ５,ket5
ｋｅｔ６,ket6
ｋｅｋ１,kek1
ｋｅｋ２,kek2
ｋｅｋ３,kek3
ｋｅｋ４,kek4
ｋｅｋ５,kek5
ｋｅｋ６,kek6
ｋｅｍ１,kem1
ｋｅｍ２,kem2
ｋｅｍ３,kem3
ｋｅｍ４,kem4
ｋｅｍ５,kem5
ｋｅｍ６,kem6
ｋｅｎ１,ken1
ｋｅｎ２,ken2
ｋｅｎ３,ken3
ｋｅｎ４,ken4
ｋｅｎ５,ken5
ｋｅｎ６,ken6
ｋｅｎｇ１,keng1
ｋｅｎｇ２,keng2
ｋｅｎｇ３,keng3
ｋｅｎｇ４,keng4
ｋｅｎｇ５,keng5
ｋｅｎｇ６,keng6
ｋｅｉ１,kei1
ｋｅｉ２,kei2
ｋｅｉ３,kei3
ｋｅｉ４,kei4
ｋｅｉ５,kei5
ｋｅｉ６,kei6
ｋｅｕ１,keu1
ｋｅｕ２,keu2
ｋｅｕ３,keu3
ｋｅｕ４,keu4
ｋｅｕ５,keu5
ｋｅｕ６,keu6
ｋｅｏｔ１,keot1
ｋｅｏｔ２,keot2
ｋｅｏｔ３,keot3
ｋｅｏｔ４,keot4
ｋｅｏｔ５,keot5
ｋｅｏｔ６,keot6
ｋｅｏｎ１,keon1
ｋｅｏｎ２,keon2
ｋｅｏｎ３,keon3
ｋｅｏｎ４,keon4
ｋｅｏｎ５,keon5
ｋｅｏｎ６,keon6
ｋｅｏｉ１,keoi1
ｋｅｏｉ２,keoi2
ｋｅｏｉ３,keoi3
ｋｅｏｉ４,keoi4
ｋｅｏｉ５,keoi5
ｋｅｏｉ６,keoi6
ｋｏｅ１,koe1
ｋｏｅ２,koe2
ｋｏｅ３,koe3
ｋｏｅ４,koe4
ｋｏｅ５,koe5
ｋｏｅ６,koe6
ｋｏｅｔ１,koet1
ｋｏｅｔ２,koet2
ｋｏｅｔ３,koet3
ｋｏｅｔ４,koet4
ｋｏｅｔ５,koet5
ｋｏｅｔ６,koet6
ｋｏｅｋ１,koek1
ｋｏｅｋ２,koek2
ｋｏｅｋ３,koek3
ｋｏｅｋ４,koek4
ｋｏｅｋ５,koek5
ｋｏｅｋ６,koek6
ｋｏｅｎｇ１,koeng1
ｋｏｅｎｇ２,koeng2
ｋｏｅｎｇ３,koeng3
ｋｏｅｎｇ４,koeng4
ｋｏｅｎｇ５,koeng5
ｋｏｅｎｇ６,koeng6
ｋｏ１,ko1
ｋｏ２,ko2
ｋｏ３,ko3
ｋｏ４,ko4
ｋｏ５,ko5
ｋｏ６,ko6
ｋｏｔ１,kot1
ｋｏｔ２,kot2
ｋｏｔ３,kot3
ｋｏｔ４,kot4
ｋｏｔ５,kot5
ｋｏｔ６,kot6
ｋｏｋ１,kok1
ｋｏｋ２,kok2
ｋｏｋ３,kok3
ｋｏｋ４,kok4
ｋｏｋ５,kok5
ｋｏｋ６,kok6
ｋｏｎ１,kon1
ｋｏｎ２,kon2
ｋｏｎ３,kon3
ｋｏｎ４,kon4
ｋｏｎ５,kon5
ｋｏｎ６,kon6
ｋｏｎｇ１,kong1
ｋｏｎｇ２,kong2
ｋｏｎｇ３,kong3
ｋｏｎｇ４,kong4
ｋｏｎｇ５,kong5
ｋｏｎｇ６,kong6
ｋｏｉ１,koi1
ｋｏｉ２,koi2
ｋｏｉ３,koi3
ｋｏｉ４,koi4
ｋｏｉ５,koi5
ｋｏｉ６,koi6
ｋｏｕ１,kou1
ｋｏｕ２,kou2
ｋｏｕ３,kou3
ｋｏｕ４,kou4
ｋｏｕ５,kou5
ｋｏｕ６,kou6
ｋａ１,ka1
ｋａ２,ka2
ｋａ３,ka3
ｋａ４,ka4
ｋａ５,ka5
ｋａ６,ka6
ｋａｐ１,kap1
ｋａｐ２,kap2
ｋａｐ３,kap3
ｋａｐ４,kap4
ｋａｐ５,kap5
ｋａｐ６,kap6
ｋａｔ１,kat1
ｋａｔ２,kat2
ｋａｔ３,kat3
ｋａｔ４,kat4
ｋａｔ５,kat5
ｋａｔ６,kat6
ｋａｋ１,kak1
ｋａｋ２,kak2
ｋａｋ３,kak3
ｋａｋ４,kak4
ｋａｋ５,kak5
ｋａｋ６,kak6
ｋａｍ１,kam1
ｋａｍ２,kam2
ｋａｍ３,kam3
ｋａｍ４,kam4
ｋａｍ５,kam5
ｋａｍ６,kam6
ｋａｎ１,kan1
ｋａｎ２,kan2
ｋａｎ３,kan3
ｋａｎ４,kan4
ｋａｎ５,kan5
ｋａｎ６,kan6
ｋａｎｇ１,kang1
ｋａｎｇ２,kang2
ｋａｎｇ３,kang3
ｋａｎｇ４,kang4
ｋａｎｇ５,kang5
ｋａｎｇ６,kang6
ｋａｉ１,kai1
ｋａｉ２,kai2
ｋａｉ３,kai3
ｋａｉ４,kai4
ｋａｉ５,kai5
ｋａｉ６,kai6
ｋａｕ１,kau1
ｋａｕ２,kau2
ｋａｕ３,kau3
ｋａｕ４,kau4
ｋａｕ５,kau5
ｋａｕ６,kau6
ｋａａ１,kaa1
ｋａａ２,kaa2
ｋａａ３,kaa3
ｋａａ４,kaa4
ｋａａ５,kaa5
ｋａａ６,kaa6
ｋａａｐ１,kaap1
ｋａａｐ２,kaap2
ｋａａｐ３,kaap3
ｋａａｐ４,kaap4
ｋａａｐ５,kaap5
ｋａａｐ６,kaap6
ｋａａｔ１,kaat1
ｋａａｔ２,kaat2
ｋａａｔ３,kaat3
ｋａａｔ４,kaat4
ｋａａｔ５,kaat5
ｋａａｔ６,kaat6
ｋａａｋ１,kaak1
ｋａａｋ２,kaak2
ｋａａｋ３,kaak3
ｋａａｋ４,kaak4
ｋａａｋ５,kaak5
ｋａａｋ６,kaak6
ｋａａｍ１,kaam1
ｋａａｍ２,kaam2
ｋａａｍ３,kaam3
ｋａａｍ４,kaam4
ｋａａｍ５,kaam5
ｋａａｍ６,kaam6
ｋａａｎ１,kaan1
ｋａａｎ２,kaan2
ｋａａｎ３,kaan3
ｋａａｎ４,kaan4
ｋａａｎ５,kaan5
ｋａａｎ６,kaan6
ｋａａｎｇ１,kaang1
ｋａａｎｇ２,kaang2
ｋａａｎｇ３,kaang3
ｋａａｎｇ４,kaang4
ｋａａｎｇ５,kaang5
ｋａａｎｇ６,kaang6
ｋａａｉ１,kaai1
ｋａａｉ２,kaai2
ｋａａｉ３,kaai3
ｋａａｉ４,kaai4
ｋａａｉ５,kaai5
ｋａａｉ６,kaai6
ｋａａｕ１,kaau1
ｋａａｕ２,kaau2
ｋａａｕ３,kaau3
ｋａａｕ４,kaau4
ｋａａｕ５,kaau5
ｋａａｕ６,kaau6
ｎｇｉ１,ngi1
ｎｇｉ２,ngi2
ｎｇｉ３,ngi3
ｎｇｉ４,ngi4
ｎｇｉ５,ngi5
ｎｇｉ６,ngi6
ｎｇｉｐ１,ngip1
ｎｇｉｐ２,ngip2
ｎｇｉｐ３,ngip3
ｎｇｉｐ４,ngip4
ｎｇｉｐ５,ngip5
ｎｇｉｐ６,ngip6
ｎｇｉｔ１,ngit1
ｎｇｉｔ２,ngit2
ｎｇｉｔ３,ngit3
ｎｇｉｔ４,ngit4
ｎｇｉｔ５,ngit5
ｎｇｉｔ６,ngit6
ｎｇｉｋ１,ngik1
ｎｇｉｋ２,ngik2
ｎｇｉｋ３,ngik3
ｎｇｉｋ４,ngik4
ｎｇｉｋ５,ngik5
ｎｇｉｋ６,ngik6
ｎｇｉｍ１,ngim1
ｎｇｉｍ２,ngim2
ｎｇｉｍ３,ngim3
ｎｇｉｍ４,ngim4
ｎｇｉｍ５,ngim5
ｎｇｉｍ６,ngim6
ｎｇｉｎ１,ngin1
ｎｇｉｎ２,ngin2
ｎｇｉｎ３,ngin3
ｎｇｉｎ４,ngin4
ｎｇｉｎ５,ngin5
ｎｇｉｎ６,ngin6
ｎｇｉｎｇ１,nging1
ｎｇｉｎｇ２,nging2
ｎｇｉｎｇ３,nging3
ｎｇｉｎｇ４,nging4
ｎｇｉｎｇ５,nging5
ｎｇｉｎｇ６,nging6
ｎｇｉｕ１,ngiu1
ｎｇｉｕ２,ngiu2
ｎｇｉｕ３,ngiu3
ｎｇｉｕ４,ngiu4
ｎｇｉｕ５,ngiu5
ｎｇｉｕ６,ngiu6
ｎｇｙｕ１,ngyu1
ｎｇｙｕ２,ngyu2
ｎｇｙｕ３,ngyu3
ｎｇｙｕ４,ngyu4
ｎｇｙｕ５,ngyu5
ｎｇｙｕ６,ngyu6
ｎｇｙｕｔ１,ngyut1
ｎｇｙｕｔ２,ngyut2
ｎｇｙｕｔ３,ngyut3
ｎｇｙｕｔ４,ngyut4
ｎｇｙｕｔ５,ngyut5
ｎｇｙｕｔ６,ngyut6
ｎｇｙｕｎ１,ngyun1
ｎｇｙｕｎ２,ngyun2
ｎｇｙｕｎ３,ngyun3
ｎｇｙｕｎ４,ngyun4
ｎｇｙｕｎ５,ngyun5
ｎｇｙｕｎ６,ngyun6
ｎｇｕ１,ngu1
ｎｇｕ２,ngu2
ｎｇｕ３,ngu3
ｎｇｕ４,ngu4
ｎｇｕ５,ngu5
ｎｇｕ６,ngu6
ｎｇｕｐ１,ngup1
ｎｇｕｐ２,ngup2
ｎｇｕｐ３,ngup3
ｎｇｕｐ４,ngup4
ｎｇｕｐ５,ngup5
ｎｇｕｐ６,ngup6
ｎｇｕｔ１,ngut1
ｎｇｕｔ２,ngut2
ｎｇｕｔ３,ngut3
ｎｇｕｔ４,ngut4
ｎｇｕｔ５,ngut5
ｎｇｕｔ６,ngut6
ｎｇｕｋ１,nguk1
ｎｇｕｋ２,nguk2
ｎｇｕｋ３,nguk3
ｎｇｕｋ４,nguk4
ｎｇｕｋ５,nguk5
ｎｇｕｋ６,nguk6
ｎｇｕｍ１,ngum1
ｎｇｕｍ２,ngum2
ｎｇｕｍ３,ngum3
ｎｇｕｍ４,ngum4
ｎｇｕｍ５,ngum5
ｎｇｕｍ６,ngum6
ｎｇｕｎ１,ngun1
ｎｇｕｎ２,ngun2
ｎｇｕｎ３,ngun3
ｎｇｕｎ４,ngun4
ｎｇｕｎ５,ngun5
ｎｇｕｎ６,ngun6
ｎｇｕｎｇ１,ngung1
ｎｇｕｎｇ２,ngung2
ｎｇｕｎｇ３,ngung3
ｎｇｕｎｇ４,ngung4
ｎｇｕｎｇ５,ngung5
ｎｇｕｎｇ６,ngung6
ｎｇｕｉ１,ngui1
ｎｇｕｉ２,ngui2
ｎｇｕｉ３,ngui3
ｎｇｕｉ４,ngui4
ｎｇｕｉ５,ngui5
ｎｇｕｉ６,ngui6
ｎｇｅ１,nge1
ｎｇｅ２,nge2
ｎｇｅ３,nge3
ｎｇｅ４,nge4
ｎｇｅ５,nge5
ｎｇｅ６,nge6
ｎｇｅｐ１,ngep1
ｎｇｅｐ２,ngep2
ｎｇｅｐ３,ngep3
ｎｇｅｐ４,ngep4
ｎｇｅｐ５,ngep5
ｎｇｅｐ６,ngep6
ｎｇｅｔ１,nget1
ｎｇｅｔ２,nget2
ｎｇｅｔ３,nget3
ｎｇｅｔ４,nget4
ｎｇｅｔ５,nget5
ｎｇｅｔ６,nget6
ｎｇｅｋ１,ngek1
ｎｇｅｋ２,ngek2
ｎｇｅｋ３,ngek3
ｎｇｅｋ４,ngek4
ｎｇｅｋ５,ngek5
ｎｇｅｋ６,ngek6
ｎｇｅｍ１,ngem1
ｎｇｅｍ２,ngem2
ｎｇｅｍ３,ngem3
ｎｇｅｍ４,ngem4
ｎｇｅｍ５,ngem5
ｎｇｅｍ６,ngem6
ｎｇｅｎ１,ngen1
ｎｇｅｎ２,ngen2
ｎｇｅｎ３,ngen3
ｎｇｅｎ４,ngen4
ｎｇｅｎ５,ngen5
ｎｇｅｎ６,ngen6
ｎｇｅｎｇ１,ngeng1
ｎｇｅｎｇ２,ngeng2
ｎｇｅｎｇ３,ngeng3
ｎｇｅｎｇ４,ngeng4
ｎｇｅｎｇ５,ngeng5
ｎｇｅｎｇ６,ngeng6
ｎｇｅｉ１,ngei1
ｎｇｅｉ２,ngei2
ｎｇｅｉ３,ngei3
ｎｇｅｉ４,ngei4
ｎｇｅｉ５,ngei5
ｎｇｅｉ６,ngei6
ｎｇｅｕ１,ngeu1
ｎｇｅｕ２,ngeu2
ｎｇｅｕ３,ngeu3
ｎｇｅｕ４,ngeu4
ｎｇｅｕ５,ngeu5
ｎｇｅｕ６,ngeu6
ｎｇｅｏｔ１,ngeot1
ｎｇｅｏｔ２,ngeot2
ｎｇｅｏｔ３,ngeot3
ｎｇｅｏｔ４,ngeot4
ｎｇｅｏｔ５,ngeot5
ｎｇｅｏｔ６,ngeot6
ｎｇｅｏｎ１,ngeon1
ｎｇｅｏｎ２,ngeon2
ｎｇｅｏｎ３,ngeon3
ｎｇｅｏｎ４,ngeon4
ｎｇｅｏｎ５,ngeon5
ｎｇｅｏｎ６,ngeon6
ｎｇｅｏｉ１,ngeoi1
ｎｇｅｏｉ２,ngeoi2
ｎｇｅｏｉ３,ngeoi3
ｎｇｅｏｉ４,ngeoi4
ｎｇｅｏｉ５,ngeoi5
ｎｇｅｏｉ６,ngeoi6
ｎｇｏｅ１,ngoe1
ｎｇｏｅ２,ngoe2
ｎｇｏｅ３,ngoe3
ｎｇｏｅ４,ngoe4
ｎｇｏｅ５,ngoe5
ｎｇｏｅ６,ngoe6
ｎｇｏｅｔ１,ngoet1
ｎｇｏｅｔ２,ngoet2
ｎｇｏｅｔ３,ngoet3
ｎｇｏｅｔ４,ngoet4
ｎｇｏｅｔ５,ngoet5
ｎｇｏｅｔ６,ngoet6
ｎｇｏｅｋ１,ngoek1
ｎｇｏｅｋ２,ngoek2
ｎｇｏｅｋ３,ngoek3
ｎｇｏｅｋ４,ngoek4
ｎｇｏｅｋ５,ngoek5
ｎｇｏｅｋ６,ngoek6
ｎｇｏｅｎｇ１,ngoeng1
ｎｇｏｅｎｇ２,ngoeng2
ｎｇｏｅｎｇ３,ngoeng3
ｎｇｏｅｎｇ４,ngoeng4
ｎｇｏｅｎｇ５,ngoeng5
ｎｇｏｅｎｇ６,ngoeng6
ｎｇｏ１,ngo1
ｎｇｏ２,ngo2
ｎｇｏ３,ngo3
ｎｇｏ４,ngo4
ｎｇｏ５,ngo5
ｎｇｏ６,ngo6
ｎｇｏｔ１,ngot1
ｎｇｏｔ２,ngot2
ｎｇｏｔ３,ngot3
ｎｇｏｔ４,ngot4
ｎｇｏｔ５,ngot5
ｎｇｏｔ６,ngot6
ｎｇｏｋ１,ngok1
ｎｇｏｋ２,ngok2
ｎｇｏｋ３,ngok3
ｎｇｏｋ４,ngok4
ｎｇｏｋ５,ngok5
ｎｇｏｋ６,ngok6
ｎｇｏｎ１,ngon1
ｎｇｏｎ２,ngon2
ｎｇｏｎ３,ngon3
ｎｇｏｎ４,ngon4
ｎｇｏｎ５,ngon5
ｎｇｏｎ６,ngon6
ｎｇｏｎｇ１,ngong1
ｎｇｏｎｇ２,ngong2
ｎｇｏｎｇ３,ngong3
ｎｇｏｎｇ４,ngong4
ｎｇｏｎｇ５,ngong5
ｎｇｏｎｇ６,ngong6
ｎｇｏｉ１,ngoi1
ｎｇｏｉ２,ngoi2
ｎｇｏｉ３,ngoi3
ｎｇｏｉ４,ngoi4
ｎｇｏｉ５,ngoi5
ｎｇｏｉ６,ngoi6
ｎｇｏｕ１,ngou1
ｎｇｏｕ２,ngou2
ｎｇｏｕ３,ngou3
ｎｇｏｕ４,ngou4
ｎｇｏｕ５,ngou5
ｎｇｏｕ６,ngou6
ｎｇａ１,nga1
ｎｇａ２,nga2
ｎｇａ３,nga3
ｎｇａ４,nga4
ｎｇａ５,nga5
ｎｇａ６,nga6
ｎｇａｐ１,ngap1
ｎｇａｐ２,ngap2
ｎｇａｐ３,ngap3
ｎｇａｐ４,ngap4
ｎｇａｐ５,ngap5
ｎｇａｐ６,ngap6
ｎｇａｔ１,ngat1
ｎｇａｔ２,ngat2
ｎｇａｔ３,ngat3
ｎｇａｔ４,ngat4
ｎｇａｔ５,ngat5
ｎｇａｔ６,ngat6
ｎｇａｋ１,ngak1
ｎｇａｋ２,ngak2
ｎｇａｋ３,ngak3
ｎｇａｋ４,ngak4
ｎｇａｋ５,ngak5
ｎｇａｋ６,ngak6
ｎｇａｍ１,ngam1
ｎｇａｍ２,ngam2
ｎｇａｍ３,ngam3
ｎｇａｍ４,ngam4
ｎｇａｍ５,ngam5
ｎｇａｍ６,ngam6
ｎｇａｎ１,ngan1
ｎｇａｎ２,ngan2
ｎｇａｎ３,ngan3
ｎｇａｎ４,ngan4
ｎｇａｎ５,ngan5
ｎｇａｎ６,ngan6
ｎｇａｎｇ１,ngang1
ｎｇａｎｇ２,ngang2
ｎｇａｎｇ３,ngang3
ｎｇａｎｇ４,ngang4
ｎｇａｎｇ５,ngang5
ｎｇａｎｇ６,ngang6
ｎｇａｉ１,ngai1
ｎｇａｉ２,ngai2
ｎｇａｉ３,ngai3
ｎｇａｉ４,ngai4
ｎｇａｉ５,ngai5
ｎｇａｉ６,ngai6
ｎｇａｕ１,ngau1
ｎｇａｕ２,ngau2
ｎｇａｕ３,ngau3
ｎｇａｕ４,ngau4
ｎｇａｕ５,ngau5
ｎｇａｕ６,ngau6
ｎｇａａ１,ngaa1
ｎｇａａ２,ngaa2
ｎｇａａ３,ngaa3
ｎｇａａ４,ngaa4
ｎｇａａ５,ngaa5
ｎｇａａ６,ngaa6
ｎｇａａｐ１,ngaap1
ｎｇａａｐ２,ngaap2
ｎｇａａｐ３,ngaap3
ｎｇａａｐ４,ngaap4
ｎｇａａｐ５,ngaap5
ｎｇａａｐ６,ngaap6
ｎｇａａｔ１,ngaat1
ｎｇａａｔ２,ngaat2
ｎｇａａｔ３,ngaat3
ｎｇａａｔ４,ngaat4
ｎｇａａｔ５,ngaat5
ｎｇａａｔ６,ngaat6
ｎｇａａｋ１,ngaak1
ｎｇａａｋ２,ngaak2
ｎｇａａｋ３,ngaak3
ｎｇａａｋ４,ngaak4
ｎｇａａｋ５,ngaak5
ｎｇａａｋ６,ngaak6
ｎｇａａｍ１,ngaam1
ｎｇａａｍ２,ngaam2
ｎｇａａｍ３,ngaam3
ｎｇａａｍ４,ngaam4
ｎｇａａｍ５,ngaam5
ｎｇａａｍ６,ngaam6
ｎｇａａｎ１,ngaan1
ｎｇａａｎ２,ngaan2
ｎｇａａｎ３,ngaan3
ｎｇａａｎ４,ngaan4
ｎｇａａｎ５,ngaan5
ｎｇａａｎ６,ngaan6
ｎｇａａｎｇ１,ngaang1
ｎｇａａｎｇ２,ngaang2
ｎｇａａｎｇ３,ngaang3
ｎｇａａｎｇ４,ngaang4
ｎｇａａｎｇ５,ngaang5
ｎｇａａｎｇ６,ngaang6
ｎｇａａｉ１,ngaai1
ｎｇａａｉ２,ngaai2
ｎｇａａｉ３,ngaai3
ｎｇａａｉ４,ngaai4
ｎｇａａｉ５,ngaai5
ｎｇａａｉ６,ngaai6
ｎｇａａｕ１,ngaau1
ｎｇａａｕ２,ngaau2
ｎｇａａｕ３,ngaau3
ｎｇａａｕ４,ngaau4
ｎｇａａｕ５,ngaau5
ｎｇａａｕ６,ngaau6
ｈｉ１,hi1
ｈｉ２,hi2
ｈｉ３,hi3
ｈｉ４,hi4
ｈｉ５,hi5
ｈｉ６,hi6
ｈｉｐ１,hip1
ｈｉｐ２,hip2
ｈｉｐ３,hip3
ｈｉｐ４,hip4
ｈｉｐ５,hip5
ｈｉｐ６,hip6
ｈｉｔ１,hit1
ｈｉｔ２,hit2
ｈｉｔ３,hit3
ｈｉｔ４,hit4
ｈｉｔ５,hit5
ｈｉｔ６,hit6
ｈｉｋ１,hik1
ｈｉｋ２,hik2
ｈｉｋ３,hik3
ｈｉｋ４,hik4
ｈｉｋ５,hik5
ｈｉｋ６,hik6
ｈｉｍ１,him1
ｈｉｍ２,him2
ｈｉｍ３,him3
ｈｉｍ４,him4
ｈｉｍ５,him5
ｈｉｍ６,him6
ｈｉｎ１,hin1
ｈｉｎ２,hin2
ｈｉｎ３,hin3
ｈｉｎ４,hin4
ｈｉｎ５,hin5
ｈｉｎ６,hin6
ｈｉｎｇ１,hing1
ｈｉｎｇ２,hing2
ｈｉｎｇ３,hing3
ｈｉｎｇ４,hing4
ｈｉｎｇ５,hing5
ｈｉｎｇ６,hing6
ｈｉｕ１,hiu1
ｈｉｕ２,hiu2
ｈｉｕ３,hiu3
ｈｉｕ４,hiu4
ｈｉｕ５,hiu5
ｈｉｕ６,hiu6
ｈｙｕ１,hyu1
ｈｙｕ２,hyu2
ｈｙｕ３,hyu3
ｈｙｕ４,hyu4
ｈｙｕ５,hyu5
ｈｙｕ６,hyu6
ｈｙｕｔ１,hyut1
ｈｙｕｔ２,hyut2
ｈｙｕｔ３,hyut3
ｈｙｕｔ４,hyut4
ｈｙｕｔ５,hyut5
ｈｙｕｔ６,hyut6
ｈｙｕｎ１,hyun1
ｈｙｕｎ２,hyun2
ｈｙｕｎ３,hyun3
ｈｙｕｎ４,hyun4
ｈｙｕｎ５,hyun5
ｈｙｕｎ６,hyun6
ｈｕ１,hu1
ｈｕ２,hu2
ｈｕ３,hu3
ｈｕ４,hu4
ｈｕ５,hu5
ｈｕ６,hu6
ｈｕｐ１,hup1
ｈｕｐ２,hup2
ｈｕｐ３,hup3
ｈｕｐ４,hup4
ｈｕｐ５,hup5
ｈｕｐ６,hup6
ｈｕｔ１,hut1
ｈｕｔ２,hut2
ｈｕｔ３,hut3
ｈｕｔ４,hut4
ｈｕｔ５,hut5
ｈｕｔ６,hut6
ｈｕｋ１,huk1
ｈｕｋ２,huk2
ｈｕｋ３,huk3
ｈｕｋ４,huk4
ｈｕｋ５,huk5
ｈｕｋ６,huk6
ｈｕｍ１,hum1
ｈｕｍ２,hum2
ｈｕｍ３,hum3
ｈｕｍ４,hum4
ｈｕｍ５,hum5
ｈｕｍ６,hum6
ｈｕｎ１,hun1
ｈｕｎ２,hun2
ｈｕｎ３,hun3
ｈｕｎ４,hun4
ｈｕｎ５,hun5
ｈｕｎ６,hun6
ｈｕｎｇ１,hung1
ｈｕｎｇ２,hung2
ｈｕｎｇ３,hung3
ｈｕｎｇ４,hung4
ｈｕｎｇ５,hung5
ｈｕｎｇ６,hung6
ｈｕｉ１,hui1
ｈｕｉ２,hui2
ｈｕｉ３,hui3
ｈｕｉ４,hui4
ｈｕｉ５,hui5
ｈｕｉ６,hui6
ｈｅ１,he1
ｈｅ２,he2
ｈｅ３,he3
ｈｅ４,he4
ｈｅ５,he5
ｈｅ６,he6
ｈｅｐ１,hep1
ｈｅｐ２,hep2
ｈｅｐ３,hep3
ｈｅｐ４,hep4
ｈｅｐ５,hep5
ｈｅｐ６,hep6
ｈｅｔ１,het1
ｈｅｔ２,het2
ｈｅｔ３,het3
ｈｅｔ４,het4
ｈｅｔ５,het5
ｈｅｔ６,het6
ｈｅｋ１,hek1
ｈｅｋ２,hek2
ｈｅｋ３,hek3
ｈｅｋ４,hek4
ｈｅｋ５,hek5
ｈｅｋ６,hek6
ｈｅｍ１,hem1
ｈｅｍ２,hem2
ｈｅｍ３,hem3
ｈｅｍ４,hem4
ｈｅｍ５,hem5
ｈｅｍ６,hem6
ｈｅｎ１,hen1
ｈｅｎ２,hen2
ｈｅｎ３,hen3
ｈｅｎ４,hen4
ｈｅｎ５,hen5
ｈｅｎ６,hen6
ｈｅｎｇ１,heng1
ｈｅｎｇ２,heng2
ｈｅｎｇ３,heng3
ｈｅｎｇ４,heng4
ｈｅｎｇ５,heng5
ｈｅｎｇ６,heng6
ｈｅｉ１,hei1
ｈｅｉ２,hei2
ｈｅｉ３,hei3
ｈｅｉ４,hei4
ｈｅｉ５,hei5
ｈｅｉ６,hei6
ｈｅｕ１,heu1
ｈｅｕ２,heu2
ｈｅｕ３,heu3
ｈｅｕ４,heu4
ｈｅｕ５,heu5
ｈｅｕ６,heu6
ｈｅｏｔ１,heot1
ｈｅｏｔ２,heot2
ｈｅｏｔ３,heot3
ｈｅｏｔ４,heot4
ｈｅｏｔ５,heot5
ｈｅｏｔ６,heot6
ｈｅｏｎ１,heon1
ｈｅｏｎ２,heon2
ｈｅｏｎ３,heon3
ｈｅｏｎ４,heon4
ｈｅｏｎ５,heon5
ｈｅｏｎ６,heon6
ｈｅｏｉ１,heoi1
ｈｅｏｉ２,heoi2
ｈｅｏｉ３,heoi3
ｈｅｏｉ４,heoi4
ｈｅｏｉ５,heoi5
ｈｅｏｉ６,heoi6
ｈｏｅ１,hoe1
ｈｏｅ２,hoe2
ｈｏｅ３,hoe3
ｈｏｅ４,hoe4
ｈｏｅ５,hoe5
ｈｏｅ６,hoe6
ｈｏｅｔ１,hoet1
ｈｏｅｔ２,hoet2
ｈｏｅｔ３,hoet3
ｈｏｅｔ４,hoet4
ｈｏｅｔ５,hoet5
ｈｏｅｔ６,hoet6
ｈｏｅｋ１,hoek1
ｈｏｅｋ２,hoek2
ｈｏｅｋ３,hoek3
ｈｏｅｋ４,hoek4
ｈｏｅｋ５,hoek5
ｈｏｅｋ６,hoek6
ｈｏｅｎｇ１,hoeng1
ｈｏｅｎｇ２,hoeng2
ｈｏｅｎｇ３,hoeng3
ｈｏｅｎｇ４,hoeng4
ｈｏｅｎｇ５,hoeng5
ｈｏｅｎｇ６,hoeng6
ｈｏ１,ho1
ｈｏ２,ho2
ｈｏ３,ho3
ｈｏ４,ho4
ｈｏ５,ho5
ｈｏ６,ho6
ｈｏｔ１,hot1
ｈｏｔ２,hot2
ｈｏｔ３,hot3
ｈｏｔ４,hot4
ｈｏｔ５,hot5
ｈｏｔ６,hot6
ｈｏｋ１,hok1
ｈｏｋ２,hok2
ｈｏｋ３,hok3
ｈｏｋ４,hok4
ｈｏｋ５,hok5
ｈｏｋ６,hok6
ｈｏｎ１,hon1
ｈｏｎ２,hon2
ｈｏｎ３,hon3
ｈｏｎ４,hon4
ｈｏｎ５,hon5
ｈｏｎ６,hon6
ｈｏｎｇ１,hong1
ｈｏｎｇ２,hong2
ｈｏｎｇ３,hong3
ｈｏｎｇ４,hong4
ｈｏｎｇ５,hong5
ｈｏｎｇ６,hong6
ｈｏｉ１,hoi1
ｈｏｉ２,hoi2
ｈｏｉ３,hoi3
ｈｏｉ４,hoi4
ｈｏｉ５,hoi5
ｈｏｉ６,hoi6
ｈｏｕ１,hou1
ｈｏｕ２,hou2
ｈｏｕ３,hou3
ｈｏｕ４,hou4
ｈｏｕ５,hou5
ｈｏｕ６,hou6
ｈａ１,ha1
ｈａ２,ha2
ｈａ３,ha3
ｈａ４,ha4
ｈａ５,ha5
ｈａ６,ha6
ｈａｐ１,hap1
ｈａｐ２,hap2
ｈａｐ３,hap3
ｈａｐ４,hap4
ｈａｐ５,hap5
ｈａｐ６,hap6
ｈａｔ１,hat1
ｈａｔ２,hat2
ｈａｔ３,hat3
ｈａｔ４,hat4
ｈａｔ５,hat5
ｈａｔ６,hat6
ｈａｋ１,hak1
ｈａｋ２,hak2
ｈａｋ３,hak3
ｈａｋ４,hak4
ｈａｋ５,hak5
ｈａｋ６,hak6
ｈａｍ１,ham1
ｈａｍ２,ham2
ｈａｍ３,ham3
ｈａｍ４,ham4
ｈａｍ５,ham5
ｈａｍ６,ham6
ｈａｎ１,han1
ｈａｎ２,han2
ｈａｎ３,han3
ｈａｎ４,han4
ｈａｎ５,han5
ｈａｎ６,han6
ｈａｎｇ１,hang1
ｈａｎｇ２,hang2
ｈａｎｇ３,hang3
ｈａｎｇ４,hang4
ｈａｎｇ５,hang5
ｈａｎｇ６,hang6
ｈａｉ１,hai1
ｈａｉ２,hai2
ｈａｉ３,hai3
ｈａｉ４,hai4
ｈａｉ５,hai5
ｈａｉ６,hai6
ｈａｕ１,hau1
ｈａｕ２,hau2
ｈａｕ３,hau3
ｈａｕ４,hau4
ｈａｕ５,hau5
ｈａｕ６,hau6
ｈａａ１,haa1
ｈａａ２,haa2
ｈａａ３,haa3
ｈａａ４,haa4
ｈａａ５,haa5
ｈａａ６,haa6
ｈａａｐ１,haap1
ｈａａｐ２,haap2
ｈａａｐ３,haap3
ｈａａｐ４,haap4
ｈａａｐ５,haap5
ｈａａｐ６,haap6
ｈａａｔ１,haat1
ｈａａｔ２,haat2
ｈａａｔ３,haat3
ｈａａｔ４,haat4
ｈａａｔ５,haat5
ｈａａｔ６,haat6
ｈａａｋ１,haak1
ｈａａｋ２,haak2
ｈａａｋ３,haak3
ｈａａｋ４,haak4
ｈａａｋ５,haak5
ｈａａｋ６,haak6
ｈａａｍ１,haam1
ｈａａｍ２,haam2
ｈａａｍ３,haam3
ｈａａｍ４,haam4
ｈａａｍ５,haam5
ｈａａｍ６,haam6
ｈａａｎ１,haan1
ｈａａｎ２,haan2
ｈａａｎ３,haan3
ｈａａｎ４,haan4
ｈａａｎ５,haan5
ｈａａｎ６,haan6
ｈａａｎｇ１,haang1
ｈａａｎｇ２,haang2
ｈａａｎｇ３,haang3
ｈａａｎｇ４,haang4
ｈａａｎｇ５,haang5
ｈａａｎｇ６,haang6
ｈａａｉ１,haai1
ｈａａｉ２,haai2
ｈａａｉ３,haai3
ｈａａｉ４,haai4
ｈａａｉ５,haai5
ｈａａｉ６,haai6
ｈａａｕ１,haau1
ｈａａｕ２,haau2
ｈａａｕ３,haau3
ｈａａｕ４,haau4
ｈａａｕ５,haau5
ｈａａｕ６,haau6
ｇｗｉ１,gwi1
ｇｗｉ２,gwi2
ｇｗｉ３,gwi3
ｇｗｉ４,gwi4
ｇｗｉ５,gwi5
ｇｗｉ６,gwi6
ｇｗｉｐ１,gwip1
ｇｗｉｐ２,gwip2
ｇｗｉｐ３,gwip3
ｇｗｉｐ４,gwip4
ｇｗｉｐ５,gwip5
ｇｗｉｐ６,gwip6
ｇｗｉｔ１,gwit1
ｇｗｉｔ２,gwit2
ｇｗｉｔ３,gwit3
ｇｗｉｔ４,gwit4
ｇｗｉｔ５,gwit5
ｇｗｉｔ６,gwit6
ｇｗｉｋ１,gwik1
ｇｗｉｋ２,gwik2
ｇｗｉｋ３,gwik3
ｇｗｉｋ４,gwik4
ｇｗｉｋ５,gwik5
ｇｗｉｋ６,gwik6
ｇｗｉｍ１,gwim1
ｇｗｉｍ２,gwim2
ｇｗｉｍ３,gwim3
ｇｗｉｍ４,gwim4
ｇｗｉｍ５,gwim5
ｇｗｉｍ６,gwim6
ｇｗｉｎ１,gwin1
ｇｗｉｎ２,gwin2
ｇｗｉｎ３,gwin3
ｇｗｉｎ４,gwin4
ｇｗｉｎ５,gwin5
ｇｗｉｎ６,gwin6
ｇｗｉｎｇ１,gwing1
ｇｗｉｎｇ２,gwing2
ｇｗｉｎｇ３,gwing3
ｇｗｉｎｇ４,gwing4
ｇｗｉｎｇ５,gwing5
ｇｗｉｎｇ６,gwing6
ｇｗｉｕ１,gwiu1
ｇｗｉｕ２,gwiu2
ｇｗｉｕ３,gwiu3
ｇｗｉｕ４,gwiu4
ｇｗｉｕ５,gwiu5
ｇｗｉｕ６,gwiu6
ｇｗｙｕ１,gwyu1
ｇｗｙｕ２,gwyu2
ｇｗｙｕ３,gwyu3
ｇｗｙｕ４,gwyu4
ｇｗｙｕ５,gwyu5
ｇｗｙｕ６,gwyu6
ｇｗｙｕｔ１,gwyut1
ｇｗｙｕｔ２,gwyut2
ｇｗｙｕｔ３,gwyut3
ｇｗｙｕｔ４,gwyut4
ｇｗｙｕｔ５,gwyut5
ｇｗｙｕｔ６,gwyut6
ｇｗｙｕｎ１,gwyun1
ｇｗｙｕｎ２,gwyun2
ｇｗｙｕｎ３,gwyun3
ｇｗｙｕｎ４,gwyun4
ｇｗｙｕｎ５,gwyun5
ｇｗｙｕｎ６,gwyun6
ｇｗｕ１,gwu1
ｇｗｕ２,gwu2
ｇｗｕ３,gwu3
ｇｗｕ４,gwu4
ｇｗｕ５,gwu5
ｇｗｕ６,gwu6
ｇｗｕｐ１,gwup1
ｇｗｕｐ２,gwup2
ｇｗｕｐ３,gwup3
ｇｗｕｐ４,gwup4
ｇｗｕｐ５,gwup5
ｇｗｕｐ６,gwup6
ｇｗｕｔ１,gwut1
ｇｗｕｔ２,gwut2
ｇｗｕｔ３,gwut3
ｇｗｕｔ４,gwut4
ｇｗｕｔ５,gwut5
ｇｗｕｔ６,gwut6
ｇｗｕｋ１,gwuk1
ｇｗｕｋ２,gwuk2
ｇｗｕｋ３,gwuk3
ｇｗｕｋ４,gwuk4
ｇｗｕｋ５,gwuk5
ｇｗｕｋ６,gwuk6
ｇｗｕｍ１,gwum1
ｇｗｕｍ２,gwum2
ｇｗｕｍ３,gwum3
ｇｗｕｍ４,gwum4
ｇｗｕｍ５,gwum5
ｇｗｕｍ６,gwum6
ｇｗｕｎ１,gwun1
ｇｗｕｎ２,gwun2
ｇｗｕｎ３,gwun3
ｇｗｕｎ４,gwun4
ｇｗｕｎ５,gwun5
ｇｗｕｎ６,gwun6
ｇｗｕｎｇ１,gwung1
ｇｗｕｎｇ２,gwung2
ｇｗｕｎｇ３,gwung3
ｇｗｕｎｇ４,gwung4
ｇｗｕｎｇ５,gwung5
ｇｗｕｎｇ６,gwung6
ｇｗｕｉ１,gwui1
ｇｗｕｉ２,gwui2
ｇｗｕｉ３,gwui3
ｇｗｕｉ４,gwui4
ｇｗｕｉ５,gwui5
ｇｗｕｉ６,gwui6
ｇｗｅ１,gwe1
ｇｗｅ２,gwe2
ｇｗｅ３,gwe3
ｇｗｅ４,gwe4
ｇｗｅ５,gwe5
ｇｗｅ６,gwe6
ｇｗｅｐ１,gwep1
ｇｗｅｐ２,gwep2
ｇｗｅｐ３,gwep3
ｇｗｅｐ４,gwep4
ｇｗｅｐ５,gwep5
ｇｗｅｐ６,gwep6
ｇｗｅｔ１,gwet1
ｇｗｅｔ２,gwet2
ｇｗｅｔ３,gwet3
ｇｗｅｔ４,gwet4
ｇｗｅｔ５,gwet5
ｇｗｅｔ６,gwet6
ｇｗｅｋ１,gwek1
ｇｗｅｋ２,gwek2
ｇｗｅｋ３,gwek3
ｇｗｅｋ４,gwek4
ｇｗｅｋ５,gwek5
ｇｗｅｋ６,gwek6
ｇｗｅｍ１,gwem1
ｇｗｅｍ２,gwem2
ｇｗｅｍ３,gwem3
ｇｗｅｍ４,gwem4
ｇｗｅｍ５,gwem5
ｇｗｅｍ６,gwem6
ｇｗｅｎ１,gwen1
ｇｗｅｎ２,gwen2
ｇｗｅｎ３,gwen3
ｇｗｅｎ４,gwen4
ｇｗｅｎ５,gwen5
ｇｗｅｎ６,gwen6
ｇｗｅｎｇ１,gweng1
ｇｗｅｎｇ２,gweng2
ｇｗｅｎｇ３,gweng3
ｇｗｅｎｇ４,gweng4
ｇｗｅｎｇ５,gweng5
ｇｗｅｎｇ６,gweng6
ｇｗｅｉ１,gwei1
ｇｗｅｉ２,gwei2
ｇｗｅｉ３,gwei3
ｇｗｅｉ４,gwei4
ｇｗｅｉ５,gwei5
ｇｗｅｉ６,gwei6
ｇｗｅｕ１,gweu1
ｇｗｅｕ２,gweu2
ｇｗｅｕ３,gweu3
ｇｗｅｕ４,gweu4
ｇｗｅｕ５,gweu5
ｇｗｅｕ６,gweu6
ｇｗｅｏｔ１,gweot1
ｇｗｅｏｔ２,gweot2
ｇｗｅｏｔ３,gweot3
ｇｗｅｏｔ４,gweot4
ｇｗｅｏｔ５,gweot5
ｇｗｅｏｔ６,gweot6
ｇｗｅｏｎ１,gweon1
ｇｗｅｏｎ２,gweon2
ｇｗｅｏｎ３,gweon3
ｇｗｅｏｎ４,gweon4
ｇｗｅｏｎ５,gweon5
ｇｗｅｏｎ６,gweon6
ｇｗｅｏｉ１,gweoi1
ｇｗｅｏｉ２,gweoi2
ｇｗｅｏｉ３,gweoi3
ｇｗｅｏｉ４,gweoi4
ｇｗｅｏｉ５,gweoi5
ｇｗｅｏｉ６,gweoi6
ｇｗｏｅ１,gwoe1
ｇｗｏｅ２,gwoe2
ｇｗｏｅ３,gwoe3
ｇｗｏｅ４,gwoe4
ｇｗｏｅ５,gwoe5
ｇｗｏｅ６,gwoe6
ｇｗｏｅｔ１,gwoet1
ｇｗｏｅｔ２,gwoet2
ｇｗｏｅｔ３,gwoet3
ｇｗｏｅｔ４,gwoet4
ｇｗｏｅｔ５,gwoet5
ｇｗｏｅｔ６,gwoet6
ｇｗｏｅｋ１,gwoek1
ｇｗｏｅｋ２,gwoek2
ｇｗｏｅｋ３,gwoek3
ｇｗｏｅｋ４,gwoek4
ｇｗｏｅｋ５,gwoek5
ｇｗｏｅｋ６,gwoek6
ｇｗｏｅｎｇ１,gwoeng1
ｇｗｏｅｎｇ２,gwoeng2
ｇｗｏｅｎｇ３,gwoeng3
ｇｗｏｅｎｇ４,gwoeng4
ｇｗｏｅｎｇ５,gwoeng5
ｇｗｏｅｎｇ６,gwoeng6
ｇｗｏ１,gwo1
ｇｗｏ２,gwo2
ｇｗｏ３,gwo3
ｇｗｏ４,gwo4
ｇｗｏ５,gwo5
ｇｗｏ６,gwo6
ｇｗｏｔ１,gwot1
ｇｗｏｔ２,gwot2
ｇｗｏｔ３,gwot3
ｇｗｏｔ４,gwot4
ｇｗｏｔ５,gwot5
ｇｗｏｔ６,gwot6
ｇｗｏｋ１,gwok1
ｇｗｏｋ２,gwok2
ｇｗｏｋ３,gwok3
ｇｗｏｋ４,gwok4
ｇｗｏｋ５,gwok5
ｇｗｏｋ６,gwok6
ｇｗｏｎ１,gwon1
ｇｗｏｎ２,gwon2
ｇｗｏｎ３,gwon3
ｇｗｏｎ４,gwon4
ｇｗｏｎ５,gwon5
ｇｗｏｎ６,gwon6
ｇｗｏｎｇ１,gwong1
ｇｗｏｎｇ２,gwong2
ｇｗｏｎｇ３,gwong3
ｇｗｏｎｇ４,gwong4
ｇｗｏｎｇ５,gwong5
ｇｗｏｎｇ６,gwong6
ｇｗｏｉ１,gwoi1
ｇｗｏｉ２,gwoi2
ｇｗｏｉ３,gwoi3
ｇｗｏｉ４,gwoi4
ｇｗｏｉ５,gwoi5
ｇｗｏｉ６,gwoi6
ｇｗｏｕ１,gwou1
ｇｗｏｕ２,gwou2
ｇｗｏｕ３,gwou3
ｇｗｏｕ４,gwou4
ｇｗｏｕ５,gwou5
ｇｗｏｕ６,gwou6
ｇｗａ１,gwa1
ｇｗａ２,gwa2
ｇｗａ３,gwa3
ｇｗａ４,gwa4
ｇｗａ５,gwa5
ｇｗａ６,gwa6
ｇｗａｐ１,gwap1
ｇｗａｐ２,gwap2
ｇｗａｐ３,gwap3
ｇｗａｐ４,gwap4
ｇｗａｐ５,gwap5
ｇｗａｐ６,gwap6
ｇｗａｔ１,gwat1
ｇｗａｔ２,gwat2
ｇｗａｔ３,gwat3
ｇｗａｔ４,gwat4
ｇｗａｔ５,gwat5
ｇｗａｔ６,gwat6
ｇｗａｋ１,gwak1
ｇｗａｋ２,gwak2
ｇｗａｋ３,gwak3
ｇｗａｋ４,gwak4
ｇｗａｋ５,gwak5
ｇｗａｋ６,gwak6
ｇｗａｍ１,gwam1
ｇｗａｍ２,gwam2
ｇｗａｍ３,gwam3
ｇｗａｍ４,gwam4
ｇｗａｍ５,gwam5
ｇｗａｍ６,gwam6
ｇｗａｎ１,gwan1
ｇｗａｎ２,gwan2
ｇｗａｎ３,gwan3
ｇｗａｎ４,gwan4
ｇｗａｎ５,gwan5
ｇｗａｎ６,gwan6
ｇｗａｎｇ１,gwang1
ｇｗａｎｇ２,gwang2
ｇｗａｎｇ３,gwang3
ｇｗａｎｇ４,gwang4
ｇｗａｎｇ５,gwang5
ｇｗａｎｇ６,gwang6
ｇｗａｉ１,gwai1
ｇｗａｉ２,gwai2
ｇｗａｉ３,gwai3
ｇｗａｉ４,gwai4
ｇｗａｉ５,gwai5
ｇｗａｉ６,gwai6
ｇｗａｕ１,gwau1
ｇｗａｕ２,gwau2
ｇｗａｕ３,gwau3
ｇｗａｕ４,gwau4
ｇｗａｕ５,gwau5
ｇｗａｕ６,gwau6
ｇｗａａ１,gwaa1
ｇｗａａ２,gwaa2
ｇｗａａ３,gwaa3
ｇｗａａ４,gwaa4
ｇｗａａ５,gwaa5
ｇｗａａ６,gwaa6
ｇｗａａｐ１,gwaap1
ｇｗａａｐ２,gwaap2
ｇｗａａｐ３,gwaap3
ｇｗａａｐ４,gwaap4
ｇｗａａｐ５,gwaap5
ｇｗａａｐ６,gwaap6
ｇｗａａｔ１,gwaat1
ｇｗａａｔ２,gwaat2
ｇｗａａｔ３,gwaat3
ｇｗａａｔ４,gwaat4
ｇｗａａｔ５,gwaat5
ｇｗａａｔ６,gwaat6
ｇｗａａｋ１,gwaak1
ｇｗａａｋ２,gwaak2
ｇｗａａｋ３,gwaak3
ｇｗａａｋ４,gwaak4
ｇｗａａｋ５,gwaak5
ｇｗａａｋ６,gwaak6
ｇｗａａｍ１,gwaam1
ｇｗａａｍ２,gwaam2
ｇｗａａｍ３,gwaam3
ｇｗａａｍ４,gwaam4
ｇｗａａｍ５,gwaam5
ｇｗａａｍ６,gwaam6
ｇｗａａｎ１,gwaan1
ｇｗａａｎ２,gwaan2
ｇｗａａｎ３,gwaan3
ｇｗａａｎ４,gwaan4
ｇｗａａｎ５,gwaan5
ｇｗａａｎ６,gwaan6
ｇｗａａｎｇ１,gwaang1
ｇｗａａｎｇ２,gwaang2
ｇｗａａｎｇ３,gwaang3
ｇｗａａｎｇ４,gwaang4
ｇｗａａｎｇ５,gwaang5
ｇｗａａｎｇ６,gwaang6
ｇｗａａｉ１,gwaai1
ｇｗａａｉ２,gwaai2
ｇｗａａｉ３,gwaai3
ｇｗａａｉ４,gwaai4
ｇｗａａｉ５,gwaai5
ｇｗａａｉ６,gwaai6
ｇｗａａｕ１,gwaau1
ｇｗａａｕ２,gwaau2
ｇｗａａｕ３,gwaau3
ｇｗａａｕ４,gwaau4
ｇｗａａｕ５,gwaau5
ｇｗａａｕ６,gwaau6
ｋｗｉ１,kwi1
ｋｗｉ２,kwi2
ｋｗｉ３,kwi3
ｋｗｉ４,kwi4
ｋｗｉ５,kwi5
ｋｗｉ６,kwi6
ｋｗｉｐ１,kwip1
ｋｗｉｐ２,kwip2
ｋｗｉｐ３,kwip3
ｋｗｉｐ４,kwip4
ｋｗｉｐ５,kwip5
ｋｗｉｐ６,kwip6
ｋｗｉｔ１,kwit1
ｋｗｉｔ２,kwit2
ｋｗｉｔ３,kwit3
ｋｗｉｔ４,kwit4
ｋｗｉｔ５,kwit5
ｋｗｉｔ６,kwit6
ｋｗｉｋ１,kwik1
ｋｗｉｋ２,kwik2
ｋｗｉｋ３,kwik3
ｋｗｉｋ４,kwik4
ｋｗｉｋ５,kwik5
ｋｗｉｋ６,kwik6
ｋｗｉｍ１,kwim1
ｋｗｉｍ２,kwim2
ｋｗｉｍ３,kwim3
ｋｗｉｍ４,kwim4
ｋｗｉｍ５,kwim5
ｋｗｉｍ６,kwim6
ｋｗｉｎ１,kwin1
ｋｗｉｎ２,kwin2
ｋｗｉｎ３,kwin3
ｋｗｉｎ４,kwin4
ｋｗｉｎ５,kwin5
ｋｗｉｎ６,kwin6
ｋｗｉｎｇ１,kwing1
ｋｗｉｎｇ２,kwing2
ｋｗｉｎｇ３,kwing3
ｋｗｉｎｇ４,kwing4
ｋｗｉｎｇ５,kwing5
ｋｗｉｎｇ６,kwing6
ｋｗｉｕ１,kwiu1
ｋｗｉｕ２,kwiu2
ｋｗｉｕ３,kwiu3
ｋｗｉｕ４,kwiu4
ｋｗｉｕ５,kwiu5
ｋｗｉｕ６,kwiu6
ｋｗｙｕ１,kwyu1
ｋｗｙｕ２,kwyu2
ｋｗｙｕ３,kwyu3
ｋｗｙｕ４,kwyu4
ｋｗｙｕ５,kwyu5
ｋｗｙｕ６,kwyu6
ｋｗｙｕｔ１,kwyut1
ｋｗｙｕｔ２,kwyut2
ｋｗｙｕｔ３,kwyut3
ｋｗｙｕｔ４,kwyut4
ｋｗｙｕｔ５,kwyut5
ｋｗｙｕｔ６,kwyut6
ｋｗｙｕｎ１,kwyun1
ｋｗｙｕｎ２,kwyun2
ｋｗｙｕｎ３,kwyun3
ｋｗｙｕｎ４,kwyun4
ｋｗｙｕｎ５,kwyun5
ｋｗｙｕｎ６,kwyun6
ｋｗｕ１,kwu1
ｋｗｕ２,kwu2
ｋｗｕ３,kwu3
ｋｗｕ４,kwu4
ｋｗｕ５,kwu5
ｋｗｕ６,kwu6
ｋｗｕｐ１,kwup1
ｋｗｕｐ２,kwup2
ｋｗｕｐ３,kwup3
ｋｗｕｐ４,kwup4
ｋｗｕｐ５,kwup5
ｋｗｕｐ６,kwup6
ｋｗｕｔ１,kwut1
ｋｗｕｔ２,kwut2
ｋｗｕｔ３,kwut3
ｋｗｕｔ４,kwut4
ｋｗｕｔ５,kwut5
ｋｗｕｔ６,kwut6
ｋｗｕｋ１,kwuk1
ｋｗｕｋ２,kwuk2
ｋｗｕｋ３,kwuk3
ｋｗｕｋ４,kwuk4
ｋｗｕｋ５,kwuk5
ｋｗｕｋ６,kwuk6
ｋｗｕｍ１,kwum1
ｋｗｕｍ２,kwum2
ｋｗｕｍ３,kwum3
ｋｗｕｍ４,kwum4
ｋｗｕｍ５,kwum5
ｋｗｕｍ６,kwum6
ｋｗｕｎ１,kwun1
ｋｗｕｎ２,kwun2
ｋｗｕｎ３,kwun3
ｋｗｕｎ４,kwun4
ｋｗｕｎ５,kwun5
ｋｗｕｎ６,kwun6
ｋｗｕｎｇ１,kwung1
ｋｗｕｎｇ２,kwung2
ｋｗｕｎｇ３,kwung3
ｋｗｕｎｇ４,kwung4
ｋｗｕｎｇ５,kwung5
ｋｗｕｎｇ６,kwung6
ｋｗｕｉ１,kwui1
ｋｗｕｉ２,kwui2
ｋｗｕｉ３,kwui3
ｋｗｕｉ４,kwui4
ｋｗｕｉ５,kwui5
ｋｗｕｉ６,kwui6
ｋｗｅ１,kwe1
ｋｗｅ２,kwe2
ｋｗｅ３,kwe3
ｋｗｅ４,kwe4
ｋｗｅ５,kwe5
ｋｗｅ６,kwe6
ｋｗｅｐ１,kwep1
ｋｗｅｐ２,kwep2
ｋｗｅｐ３,kwep3
ｋｗｅｐ４,kwep4
ｋｗｅｐ５,kwep5
ｋｗｅｐ６,kwep6
ｋｗｅｔ１,kwet1
ｋｗｅｔ２,kwet2
ｋｗｅｔ３,kwet3
ｋｗｅｔ４,kwet4
ｋｗｅｔ５,kwet5
ｋｗｅｔ６,kwet6
ｋｗｅｋ１,kwek1
ｋｗｅｋ２,kwek2
ｋｗｅｋ３,kwek3
ｋｗｅｋ４,kwek4
ｋｗｅｋ５,kwek5
ｋｗｅｋ６,kwek6
ｋｗｅｍ１,kwem1
ｋｗｅｍ２,kwem2
ｋｗｅｍ３,kwem3
ｋｗｅｍ４,kwem4
ｋｗｅｍ５,kwem5
ｋｗｅｍ６,kwem6
ｋｗｅｎ１,kwen1
ｋｗｅｎ２,kwen2
ｋｗｅｎ３,kwen3
ｋｗｅｎ４,kwen4
ｋｗｅｎ５,kwen5
ｋｗｅｎ６,kwen6
ｋｗｅｎｇ１,kweng1
ｋｗｅｎｇ２,kweng2
ｋｗｅｎｇ３,kweng3
ｋｗｅｎｇ４,kweng4
ｋｗｅｎｇ５,kweng5
ｋｗｅｎｇ６,kweng6
ｋｗｅｉ１,kwei1
ｋｗｅｉ２,kwei2
ｋｗｅｉ３,kwei3
ｋｗｅｉ４,kwei4
ｋｗｅｉ５,kwei5
ｋｗｅｉ６,kwei6
ｋｗｅｕ１,kweu1
ｋｗｅｕ２,kweu2
ｋｗｅｕ３,kweu3
ｋｗｅｕ４,kweu4
ｋｗｅｕ５,kweu5
ｋｗｅｕ６,kweu6
ｋｗｅｏｔ１,kweot1
ｋｗｅｏｔ２,kweot2
ｋｗｅｏｔ３,kweot3
ｋｗｅｏｔ４,kweot4
ｋｗｅｏｔ５,kweot5
ｋｗｅｏｔ６,kweot6
ｋｗｅｏｎ１,kweon1
ｋｗｅｏｎ２,kweon2
ｋｗｅｏｎ３,kweon3
ｋｗｅｏｎ４,kweon4
ｋｗｅｏｎ５,kweon5
ｋｗｅｏｎ６,kweon6
ｋｗｅｏｉ１,kweoi1
ｋｗｅｏｉ２,kweoi2
ｋｗｅｏｉ３,kweoi3
ｋｗｅｏｉ４,kweoi4
ｋｗｅｏｉ５,kweoi5
ｋｗｅｏｉ６,kweoi6
ｋｗｏｅ１,kwoe1
ｋｗｏｅ２,kwoe2
ｋｗｏｅ３,kwoe3
ｋｗｏｅ４,kwoe4
ｋｗｏｅ５,kwoe5
ｋｗｏｅ６,kwoe6
ｋｗｏｅｔ１,kwoet1
ｋｗｏｅｔ２,kwoet2
ｋｗｏｅｔ３,kwoet3
ｋｗｏｅｔ４,kwoet4
ｋｗｏｅｔ５,kwoet5
ｋｗｏｅｔ６,kwoet6
ｋｗｏｅｋ１,kwoek1
ｋｗｏｅｋ２,kwoek2
ｋｗｏｅｋ３,kwoek3
ｋｗｏｅｋ４,kwoek4
ｋｗｏｅｋ５,kwoek5
ｋｗｏｅｋ６,kwoek6
ｋｗｏｅｎｇ１,kwoeng1
ｋｗｏｅｎｇ２,kwoeng2
ｋｗｏｅｎｇ３,kwoeng3
ｋｗｏｅｎｇ４,kwoeng4
ｋｗｏｅｎｇ５,kwoeng5
ｋｗｏｅｎｇ６,kwoeng6
ｋｗｏ１,kwo1
ｋｗｏ２,kwo2
ｋｗｏ３,kwo3
ｋｗｏ４,kwo4
ｋｗｏ５,kwo5
ｋｗｏ６,kwo6
ｋｗｏｔ１,kwot1
ｋｗｏｔ２,kwot2
ｋｗｏｔ３,kwot3
ｋｗｏｔ４,kwot4
ｋｗｏｔ５,kwot5
ｋｗｏｔ６,kwot6
ｋｗｏｋ１,kwok1
ｋｗｏｋ２,kwok2
ｋｗｏｋ３,kwok3
ｋｗｏｋ４,kwok4
ｋｗｏｋ５,kwok5
ｋｗｏｋ６,kwok6
ｋｗｏｎ１,kwon1
ｋｗｏｎ２,kwon2
ｋｗｏｎ３,kwon3
ｋｗｏｎ４,kwon4
ｋｗｏｎ５,kwon5
ｋｗｏｎ６,kwon6
ｋｗｏｎｇ１,kwong1
ｋｗｏｎｇ２,kwong2
ｋｗｏｎｇ３,kwong3
ｋｗｏｎｇ４,kwong4
ｋｗｏｎｇ５,kwong5
ｋｗｏｎｇ６,kwong6
ｋｗｏｉ１,kwoi1
ｋｗｏｉ２,kwoi2
ｋｗｏｉ３,kwoi3
ｋｗｏｉ４,kwoi4
ｋｗｏｉ５,kwoi5
ｋｗｏｉ６,kwoi6
ｋｗｏｕ１,kwou1
ｋｗｏｕ２,kwou2
ｋｗｏｕ３,kwou3
ｋｗｏｕ４,kwou4
ｋｗｏｕ５,kwou5
ｋｗｏｕ６,kwou6
ｋｗａ１,kwa1
ｋｗａ２,kwa2
ｋｗａ３,kwa3
ｋｗａ４,kwa4
ｋｗａ５,kwa5
ｋｗａ６,kwa6
ｋｗａｐ１,kwap1
ｋｗａｐ２,kwap2
ｋｗａｐ３,kwap3
ｋｗａｐ４,kwap4
ｋｗａｐ５,kwap5
ｋｗａｐ６,kwap6
ｋｗａｔ１,kwat1
ｋｗａｔ２,kwat2
ｋｗａｔ３,kwat3
ｋｗａｔ４,kwat4
ｋｗａｔ５,kwat5
ｋｗａｔ６,kwat6
ｋｗａｋ１,kwak1
ｋｗａｋ２,kwak2
ｋｗａｋ３,kwak3
ｋｗａｋ４,kwak4
ｋｗａｋ５,kwak5
ｋｗａｋ６,kwak6
ｋｗａｍ１,kwam1
ｋｗａｍ２,kwam2
ｋｗａｍ３,kwam3
ｋｗａｍ４,kwam4
ｋｗａｍ５,kwam5
ｋｗａｍ６,kwam6
ｋｗａｎ１,kwan1
ｋｗａｎ２,kwan2
ｋｗａｎ３,kwan3
ｋｗａｎ４,kwan4
ｋｗａｎ５,kwan5
ｋｗａｎ６,kwan6
ｋｗａｎｇ１,kwang1
ｋｗａｎｇ２,kwang2
ｋｗａｎｇ３,kwang3
ｋｗａｎｇ４,kwang4
ｋｗａｎｇ５,kwang5
ｋｗａｎｇ６,kwang6
ｋｗａｉ１,kwai1
ｋｗａｉ２,kwai2
ｋｗａｉ３,kwai3
ｋｗａｉ４,kwai4
ｋｗａｉ５,kwai5
ｋｗａｉ６,kwai6
ｋｗａｕ１,kwau1
ｋｗａｕ２,kwau2
ｋｗａｕ３,kwau3
ｋｗａｕ４,kwau4
ｋｗａｕ５,kwau5
ｋｗａｕ６,kwau6
ｋｗａａ１,kwaa1
ｋｗａａ２,kwaa2
ｋｗａａ３,kwaa3
ｋｗａａ４,kwaa4
ｋｗａａ５,kwaa5
ｋｗａａ６,kwaa6
ｋｗａａｐ１,kwaap1
ｋｗａａｐ２,kwaap2
ｋｗａａｐ３,kwaap3
ｋｗａａｐ４,kwaap4
ｋｗａａｐ５,kwaap5
ｋｗａａｐ６,kwaap6
ｋｗａａｔ１,kwaat1
ｋｗａａｔ２,kwaat2
ｋｗａａｔ３,kwaat3
ｋｗａａｔ４,kwaat4
ｋｗａａｔ５,kwaat5
ｋｗａａｔ６,kwaat6
ｋｗａａｋ１,kwaak1
ｋｗａａｋ２,kwaak2
ｋｗａａｋ３,kwaak3
ｋｗａａｋ４,kwaak4
ｋｗａａｋ５,kwaak5
ｋｗａａｋ６,kwaak6
ｋｗａａｍ１,kwaam1
ｋｗａａｍ２,kwaam2
ｋｗａａｍ３,kwaam3
ｋｗａａｍ４,kwaam4
ｋｗａａｍ５,kwaam5
ｋｗａａｍ６,kwaam6
ｋｗａａｎ１,kwaan1
ｋｗａａｎ２,kwaan2
ｋｗａａｎ３,kwaan3
ｋｗａａｎ４,kwaan4
ｋｗａａｎ５,kwaan5
ｋｗａａｎ６,kwaan6
ｋｗａａｎｇ１,kwaang1
ｋｗａａｎｇ２,kwaang2
ｋｗａａｎｇ３,kwaang3
ｋｗａａｎｇ４,kwaang4
ｋｗａａｎｇ５,kwaang5
ｋｗａａｎｇ６,kwaang6
ｋｗａａｉ１,kwaai1
ｋｗａａｉ２,kwaai2
ｋｗａａｉ３,kwaai3
ｋｗａａｉ４,kwaai4
ｋｗａａｉ５,kwaai5
ｋｗａａｉ６,kwaai6
ｋｗａａｕ１,kwaau1
ｋｗａａｕ２,kwaau2
ｋｗａａｕ３,kwaau3
ｋｗａａｕ４,kwaau4
ｋｗａａｕ５,kwaau5
ｋｗａａｕ６,kwaau6
ｗｉ１,wi1
ｗｉ２,wi2
ｗｉ３,wi3
ｗｉ４,wi4
ｗｉ５,wi5
ｗｉ６,wi6
ｗｉｐ１,wip1
ｗｉｐ２,wip2
ｗｉｐ３,wip3
ｗｉｐ４,wip4
ｗｉｐ５,wip5
ｗｉｐ６,wip6
ｗｉｔ１,wit1
ｗｉｔ２,wit2
ｗｉｔ３,wit3
ｗｉｔ４,wit4
ｗｉｔ５,wit5
ｗｉｔ６,wit6
ｗｉｋ１,wik1
ｗｉｋ２,wik2
ｗｉｋ３,wik3
ｗｉｋ４,wik4
ｗｉｋ５,wik5
ｗｉｋ６,wik6
ｗｉｍ１,wim1
ｗｉｍ２,wim2
ｗｉｍ３,wim3
ｗｉｍ４,wim4
ｗｉｍ５,wim5
ｗｉｍ６,wim6
ｗｉｎ１,win1
ｗｉｎ２,win2
ｗｉｎ３,win3
ｗｉｎ４,win4
ｗｉｎ５,win5
ｗｉｎ６,win6
ｗｉｎｇ１,wing1
ｗｉｎｇ２,wing2
ｗｉｎｇ３,wing3
ｗｉｎｇ４,wing4
ｗｉｎｇ５,wing5
ｗｉｎｇ６,wing6
ｗｉｕ１,wiu1
ｗｉｕ２,wiu2
ｗｉｕ３,wiu3
ｗｉｕ４,wiu4
ｗｉｕ５,wiu5
ｗｉｕ６,wiu6
ｗｙｕ１,wyu1
ｗｙｕ２,wyu2
ｗｙｕ３,wyu3
ｗｙｕ４,wyu4
ｗｙｕ５,wyu5
ｗｙｕ６,wyu6
ｗｙｕｔ１,wyut1
ｗｙｕｔ２,wyut2
ｗｙｕｔ３,wyut3
ｗｙｕｔ４,wyut4
ｗｙｕｔ５,wyut5
ｗｙｕｔ６,wyut6
ｗｙｕｎ１,wyun1
ｗｙｕｎ２,wyun2
ｗｙｕｎ３,wyun3
ｗｙｕｎ４,wyun4
ｗｙｕｎ５,wyun5
ｗｙｕｎ６,wyun6
ｗｕ１,wu1
ｗｕ２,wu2
ｗｕ３,wu3
ｗｕ４,wu4
ｗｕ５,wu5
ｗｕ６,wu6
ｗｕｐ１,wup1
ｗｕｐ２,wup2
ｗｕｐ３,wup3
ｗｕｐ４,wup4
ｗｕｐ５,wup5
ｗｕｐ６,wup6
ｗｕｔ１,wut1
ｗｕｔ２,wut2
ｗｕｔ３,wut3
ｗｕｔ４,wut4
ｗｕｔ５,wut5
ｗｕｔ６,wut6
ｗｕｋ１,wuk1
ｗｕｋ２,wuk2
ｗｕｋ３,wuk3
ｗｕｋ４,wuk4
ｗｕｋ５,wuk5
ｗｕｋ６,wuk6
ｗｕｍ１,wum1
ｗｕｍ２,wum2
ｗｕｍ３,wum3
ｗｕｍ４,wum4
ｗｕｍ５,wum5
ｗｕｍ６,wum6
ｗｕｎ１,wun1
ｗｕｎ２,wun2
ｗｕｎ３,wun3
ｗｕｎ４,wun4
ｗｕｎ５,wun5
ｗｕｎ６,wun6
ｗｕｎｇ１,wung1
ｗｕｎｇ２,wung2
ｗｕｎｇ３,wung3
ｗｕｎｇ４,wung4
ｗｕｎｇ５,wung5
ｗｕｎｇ６,wung6
ｗｕｉ１,wui1
ｗｕｉ２,wui2
ｗｕｉ３,wui3
ｗｕｉ４,wui4
ｗｕｉ５,wui5
ｗｕｉ６,wui6
ｗｅ１,we1
ｗｅ２,we2
ｗｅ３,we3
ｗｅ４,we4
ｗｅ５,we5
ｗｅ６,we6
ｗｅｐ１,wep1
ｗｅｐ２,wep2
ｗｅｐ３,wep3
ｗｅｐ４,wep4
ｗｅｐ５,wep5
ｗｅｐ６,wep6
ｗｅｔ１,wet1
ｗｅｔ２,wet2
ｗｅｔ３,wet3
ｗｅｔ４,wet4
ｗｅｔ５,wet5
ｗｅｔ６,wet6
ｗｅｋ１,wek1
ｗｅｋ２,wek2
ｗｅｋ３,wek3
ｗｅｋ４,wek4
ｗｅｋ５,wek5
ｗｅｋ６,wek6
ｗｅｍ１,wem1
ｗｅｍ２,wem2
ｗｅｍ３,wem3
ｗｅｍ４,wem4
ｗｅｍ５,wem5
ｗｅｍ６,wem6
ｗｅｎ１,wen1
ｗｅｎ２,wen2
ｗｅｎ３,wen3
ｗｅｎ４,wen4
ｗｅｎ５,wen5
ｗｅｎ６,wen6
ｗｅｎｇ１,weng1
ｗｅｎｇ２,weng2
ｗｅｎｇ３,weng3
ｗｅｎｇ４,weng4
ｗｅｎｇ５,weng5
ｗｅｎｇ６,weng6
ｗｅｉ１,wei1
ｗｅｉ２,wei2
ｗｅｉ３,wei3
ｗｅｉ４,wei4
ｗｅｉ５,wei5
ｗｅｉ６,wei6
ｗｅｕ１,weu1
ｗｅｕ２,weu2
ｗｅｕ３,weu3
ｗｅｕ４,weu4
ｗｅｕ５,weu5
ｗｅｕ６,weu6
ｗｅｏｔ１,weot1
ｗｅｏｔ２,weot2
ｗｅｏｔ３,weot3
ｗｅｏｔ４,weot4
ｗｅｏｔ５,weot5
ｗｅｏｔ６,weot6
ｗｅｏｎ１,weon1
ｗｅｏｎ２,weon2
ｗｅｏｎ３,weon3
ｗｅｏｎ４,weon4
ｗｅｏｎ５,weon5
ｗｅｏｎ６,weon6
ｗｅｏｉ１,weoi1
ｗｅｏｉ２,weoi2
ｗｅｏｉ３,weoi3
ｗｅｏｉ４,weoi4
ｗｅｏｉ５,weoi5
ｗｅｏｉ６,weoi6
ｗｏｅ１,woe1
ｗｏｅ２,woe2
ｗｏｅ３,woe3
ｗｏｅ４,woe4
ｗｏｅ５,woe5
ｗｏｅ６,woe6
ｗｏｅｔ１,woet1
ｗｏｅｔ２,woet2
ｗｏｅｔ３,woet3
ｗｏｅｔ４,woet4
ｗｏｅｔ５,woet5
ｗｏｅｔ６,woet6
ｗｏｅｋ１,woek1
ｗｏｅｋ２,woek2
ｗｏｅｋ３,woek3
ｗｏｅｋ４,woek4
ｗｏｅｋ５,woek5
ｗｏｅｋ６,woek6
ｗｏｅｎｇ１,woeng1
ｗｏｅｎｇ２,woeng2
ｗｏｅｎｇ３,woeng3
ｗｏｅｎｇ４,woeng4
ｗｏｅｎｇ５,woeng5
ｗｏｅｎｇ６,woeng6
ｗｏ１,wo1
ｗｏ２,wo2
ｗｏ３,wo3
ｗｏ４,wo4
ｗｏ５,wo5
ｗｏ６,wo6
ｗｏｔ１,wot1
ｗｏｔ２,wot2
ｗｏｔ３,wot3
ｗｏｔ４,wot4
ｗｏｔ５,wot5
ｗｏｔ６,wot6
ｗｏｋ１,wok1
ｗｏｋ２,wok2
ｗｏｋ３,wok3
ｗｏｋ４,wok4
ｗｏｋ５,wok5
ｗｏｋ６,wok6
ｗｏｎ１,won1
ｗｏｎ２,won2
ｗｏｎ３,won3
ｗｏｎ４,won4
ｗｏｎ５,won5
ｗｏｎ６,won6
ｗｏｎｇ１,wong1
ｗｏｎｇ２,wong2
ｗｏｎｇ３,wong3
ｗｏｎｇ４,wong4
ｗｏｎｇ５,wong5
ｗｏｎｇ６,wong6
ｗｏｉ１,woi1
ｗｏｉ２,woi2
ｗｏｉ３,woi3
ｗｏｉ４,woi4
ｗｏｉ５,woi5
ｗｏｉ６,woi6
ｗｏｕ１,wou1
ｗｏｕ２,wou2
ｗｏｕ３,wou3
ｗｏｕ４,wou4
ｗｏｕ５,wou5
ｗｏｕ６,wou6
ｗａ１,wa1
ｗａ２,wa2
ｗａ３,wa3
ｗａ４,wa4
ｗａ５,wa5
ｗａ６,wa6
ｗａｐ１,wap1
ｗａｐ２,wap2
ｗａｐ３,wap3
ｗａｐ４,wap4
ｗａｐ５,wap5
ｗａｐ６,wap6
ｗａｔ１,wat1
ｗａｔ２,wat2
ｗａｔ３,wat3
ｗａｔ４,wat4
ｗａｔ５,wat5
ｗａｔ６,wat6
ｗａｋ１,wak1
ｗａｋ２,wak2
ｗａｋ３,wak3
ｗａｋ４,wak4
ｗａｋ５,wak5
ｗａｋ６,wak6
ｗａｍ１,wam1
ｗａｍ２,wam2
ｗａｍ３,wam3
ｗａｍ４,wam4
ｗａｍ５,wam5
ｗａｍ６,wam6
ｗａｎ１,wan1
ｗａｎ２,wan2
ｗａｎ３,wan3
ｗａｎ４,wan4
ｗａｎ５,wan5
ｗａｎ６,wan6
ｗａｎｇ１,wang1
ｗａｎｇ２,wang2
ｗａｎｇ３,wang3
ｗａｎｇ４,wang4
ｗａｎｇ５,wang5
ｗａｎｇ６,wang6
ｗａｉ１,wai1
ｗａｉ２,wai2
ｗａｉ３,wai3
ｗａｉ４,wai4
ｗａｉ５,wai5
ｗａｉ６,wai6
ｗａｕ１,wau1
ｗａｕ２,wau2
ｗａｕ３,wau3
ｗａｕ４,wau4
ｗａｕ５,wau5
ｗａｕ６,wau6
ｗａａ１,waa1
ｗａａ２,waa2
ｗａａ３,waa3
ｗａａ４,waa4
ｗａａ５,waa5
ｗａａ６,waa6
ｗａａｐ１,waap1
ｗａａｐ２,waap2
ｗａａｐ３,waap3
ｗａａｐ４,waap4
ｗａａｐ５,waap5
ｗａａｐ６,waap6
ｗａａｔ１,waat1
ｗａａｔ２,waat2
ｗａａｔ３,waat3
ｗａａｔ４,waat4
ｗａａｔ５,waat5
ｗａａｔ６,waat6
ｗａａｋ１,waak1
ｗａａｋ２,waak2
ｗａａｋ３,waak3
ｗａａｋ４,waak4
ｗａａｋ５,waak5
ｗａａｋ６,waak6
ｗａａｍ１,waam1
ｗａａｍ２,waam2
ｗａａｍ３,waam3
ｗａａｍ４,waam4
ｗａａｍ５,waam5
ｗａａｍ６,waam6
ｗａａｎ１,waan1
ｗａａｎ２,waan2
ｗａａｎ３,waan3
ｗａａｎ４,waan4
ｗａａｎ５,waan5
ｗａａｎ６,waan6
ｗａａｎｇ１,waang1
ｗａａｎｇ２,waang2
ｗａａｎｇ３,waang3
ｗａａｎｇ４,waang4
ｗａａｎｇ５,waang5
ｗａａｎｇ６,waang6
ｗａａｉ１,waai1
ｗａａｉ２,waai2
ｗａａｉ３,waai3
ｗａａｉ４,waai4
ｗａａｉ５,waai5
ｗａａｉ６,waai6
ｗａａｕ１,waau1
ｗａａｕ２,waau2
ｗａａｕ３,waau3
ｗａａｕ４,waau4
ｗａａｕ５,waau5
ｗａａｕ６,waau6
ｚｉ１,zi1
ｚｉ２,zi2
ｚｉ３,zi3
ｚｉ４,zi4
ｚｉ５,zi5
ｚｉ６,zi6
ｚｉｐ１,zip1
ｚｉｐ２,zip2
ｚｉｐ３,zip3
ｚｉｐ４,zip4
ｚｉｐ５,zip5
ｚｉｐ６,zip6
ｚｉｔ１,zit1
ｚｉｔ２,zit2
ｚｉｔ３,zit3
ｚｉｔ４,zit4
ｚｉｔ５,zit5
ｚｉｔ６,zit6
ｚｉｋ１,zik1
ｚｉｋ２,zik2
ｚｉｋ３,zik3
ｚｉｋ４,zik4
ｚｉｋ５,zik5
ｚｉｋ６,zik6
ｚｉｍ１,zim1
ｚｉｍ２,zim2
ｚｉｍ３,zim3
ｚｉｍ４,zim4
ｚｉｍ５,zim5
ｚｉｍ６,zim6
ｚｉｎ１,zin1
ｚｉｎ２,zin2
ｚｉｎ３,zin3
ｚｉｎ４,zin4
ｚｉｎ５,zin5
ｚｉｎ６,zin6
ｚｉｎｇ１,zing1
ｚｉｎｇ２,zing2
ｚｉｎｇ３,zing3
ｚｉｎｇ４,zing4
ｚｉｎｇ５,zing5
ｚｉｎｇ６,zing6
ｚｉｕ１,ziu1
ｚｉｕ２,ziu2
ｚｉｕ３,ziu3
ｚｉｕ４,ziu4
ｚｉｕ５,ziu5
ｚｉｕ６,ziu6
ｚｙｕ１,zyu1
ｚｙｕ２,zyu2
ｚｙｕ３,zyu3
ｚｙｕ４,zyu4
ｚｙｕ５,zyu5
ｚｙｕ６,zyu6
ｚｙｕｔ１,zyut1
ｚｙｕｔ２,zyut2
ｚｙｕｔ３,zyut3
ｚｙｕｔ４,zyut4
ｚｙｕｔ５,zyut5
ｚｙｕｔ６,zyut6
ｚｙｕｎ１,zyun1
ｚｙｕｎ２,zyun2
ｚｙｕｎ３,zyun3
ｚｙｕｎ４,zyun4
ｚｙｕｎ５,zyun5
ｚｙｕｎ６,zyun6
ｚｕ１,zu1
ｚｕ２,zu2
ｚｕ３,zu3
ｚｕ４,zu4
ｚｕ５,zu5
ｚｕ６,zu6
ｚｕｐ１,zup1
ｚｕｐ２,zup2
ｚｕｐ３,zup3
ｚｕｐ４,zup4
ｚｕｐ５,zup5
ｚｕｐ６,zup6
ｚｕｔ１,zut1
ｚｕｔ２,zut2
ｚｕｔ３,zut3
ｚｕｔ４,zut4
ｚｕｔ５,zut5
ｚｕｔ６,zut6
ｚｕｋ１,zuk1
ｚｕｋ２,zuk2
ｚｕｋ３,zuk3
ｚｕｋ４,zuk4
ｚｕｋ５,zuk5
ｚｕｋ６,zuk6
ｚｕｍ１,zum1
ｚｕｍ２,zum2
ｚｕｍ３,zum3
ｚｕｍ４,zum4
ｚｕｍ５,zum5
ｚｕｍ６,zum6
ｚｕｎ１,zun1
ｚｕｎ２,zun2
ｚｕｎ３,zun3
ｚｕｎ４,zun4
ｚｕｎ５,zun5
ｚｕｎ６,zun6
ｚｕｎｇ１,zung1
ｚｕｎｇ２,zung2
ｚｕｎｇ３,zung3
ｚｕｎｇ４,zung4
ｚｕｎｇ５,zung5
ｚｕｎｇ６,zung6
ｚｕｉ１,zui1
ｚｕｉ２,zui2
ｚｕｉ３,zui3
ｚｕｉ４,zui4
ｚｕｉ５,zui5
ｚｕｉ６,zui6
ｚｅ１,ze1
ｚｅ２,ze2
ｚｅ３,ze3
ｚｅ４,ze4
ｚｅ５,ze5
ｚｅ６,ze6
ｚｅｐ１,zep1
ｚｅｐ２,zep2
ｚｅｐ３,zep3
ｚｅｐ４,zep4
ｚｅｐ５,zep5
ｚｅｐ６,zep6
ｚｅｔ１,zet1
ｚｅｔ２,zet2
ｚｅｔ３,zet3
ｚｅｔ４,zet4
ｚｅｔ５,zet5
ｚｅｔ６,zet6
ｚｅｋ１,zek1
ｚｅｋ２,zek2
ｚｅｋ３,zek3
ｚｅｋ４,zek4
ｚｅｋ５,zek5
ｚｅｋ６,zek6
ｚｅｍ１,zem1
ｚｅｍ２,zem2
ｚｅｍ３,zem3
ｚｅｍ４,zem4
ｚｅｍ５,zem5
ｚｅｍ６,zem6
ｚｅｎ１,zen1
ｚｅｎ２,zen2
ｚｅｎ３,zen3
ｚｅｎ４,zen4
ｚｅｎ５,zen5
ｚｅｎ６,zen6
ｚｅｎｇ１,zeng1
ｚｅｎｇ２,zeng2
ｚｅｎｇ３,zeng3
ｚｅｎｇ４,zeng4
ｚｅｎｇ５,zeng5
ｚｅｎｇ６,zeng6
ｚｅｉ１,zei1
ｚｅｉ２,zei2
ｚｅｉ３,zei3
ｚｅｉ４,zei4
ｚｅｉ５,zei5
ｚｅｉ６,zei6
ｚｅｕ１,zeu1
ｚｅｕ２,zeu2
ｚｅｕ３,zeu3
ｚｅｕ４,zeu4
ｚｅｕ５,zeu5
ｚｅｕ６,zeu6
ｚｅｏｔ１,zeot1
ｚｅｏｔ２,zeot2
ｚｅｏｔ３,zeot3
ｚｅｏｔ４,zeot4
ｚｅｏｔ５,zeot5
ｚｅｏｔ６,zeot6
ｚｅｏｎ１,zeon1
ｚｅｏｎ２,zeon2
ｚｅｏｎ３,zeon3
ｚｅｏｎ４,zeon4
ｚｅｏｎ５,zeon5
ｚｅｏｎ６,zeon6
ｚｅｏｉ１,zeoi1
ｚｅｏｉ２,zeoi2
ｚｅｏｉ３,zeoi3
ｚｅｏｉ４,zeoi4
ｚｅｏｉ５,zeoi5
ｚｅｏｉ６,zeoi6
ｚｏｅ１,zoe1
ｚｏｅ２,zoe2
ｚｏｅ３,zoe3
ｚｏｅ４,zoe4
ｚｏｅ５,zoe5
ｚｏｅ６,zoe6
ｚｏｅｔ１,zoet1
ｚｏｅｔ２,zoet2
ｚｏｅｔ３,zoet3
ｚｏｅｔ４,zoet4
ｚｏｅｔ５,zoet5
ｚｏｅｔ６,zoet6
ｚｏｅｋ１,zoek1
ｚｏｅｋ２,zoek2
ｚｏｅｋ３,zoek3
ｚｏｅｋ４,zoek4
ｚｏｅｋ５,zoek5
ｚｏｅｋ６,zoek6
ｚｏｅｎｇ１,zoeng1
ｚｏｅｎｇ２,zoeng2
ｚｏｅｎｇ３,zoeng3
ｚｏｅｎｇ４,zoeng4
ｚｏｅｎｇ５,zoeng5
ｚｏｅｎｇ６,zoeng6
ｚｏ１,zo1
ｚｏ２,zo2
ｚｏ３,zo3
ｚｏ４,zo4
ｚｏ５,zo5
ｚｏ６,zo6
ｚｏｔ１,zot1
ｚｏｔ２,zot2
ｚｏｔ３,zot3
ｚｏｔ４,zot4
ｚｏｔ５,zot5
ｚｏｔ６,zot6
ｚｏｋ１,zok1
ｚｏｋ２,zok2
ｚｏｋ３,zok3
ｚｏｋ４,zok4
ｚｏｋ５,zok5
ｚｏｋ６,zok6
ｚｏｎ１,zon1
ｚｏｎ２,zon2
ｚｏｎ３,zon3
ｚｏｎ４,zon4
ｚｏｎ５,zon5
ｚｏｎ６,zon6
ｚｏｎｇ１,zong1
ｚｏｎｇ２,zong2
ｚｏｎｇ３,zong3
ｚｏｎｇ４,zong4
ｚｏｎｇ５,zong5
ｚｏｎｇ６,zong6
ｚｏｉ１,zoi1
ｚｏｉ２,zoi2
ｚｏｉ３,zoi3
ｚｏｉ４,zoi4
ｚｏｉ５,zoi5
ｚｏｉ６,zoi6
ｚｏｕ１,zou1
ｚｏｕ２,zou2
ｚｏｕ３,zou3
ｚｏｕ４,zou4
ｚｏｕ５,zou5
ｚｏｕ６,zou6
ｚａ１,za1
ｚａ２,za2
ｚａ３,za3
ｚａ４,za4
ｚａ５,za5
ｚａ６,za6
ｚａｐ１,zap1
ｚａｐ２,zap2
ｚａｐ３,zap3
ｚａｐ４,zap4
ｚａｐ５,zap5
ｚａｐ６,zap6
ｚａｔ１,zat1
ｚａｔ２,zat2
ｚａｔ３,zat3
ｚａｔ４,zat4
ｚａｔ５,zat5
ｚａｔ６,zat6
ｚａｋ１,zak1
ｚａｋ２,zak2
ｚａｋ３,zak3
ｚａｋ４,zak4
ｚａｋ５,zak5
ｚａｋ６,zak6
ｚａｍ１,zam1
ｚａｍ２,zam2
ｚａｍ３,zam3
ｚａｍ４,zam4
ｚａｍ５,zam5
ｚａｍ６,zam6
ｚａｎ１,zan1
ｚａｎ２,zan2
ｚａｎ３,zan3
ｚａｎ４,zan4
ｚａｎ５,zan5
ｚａｎ６,zan6
ｚａｎｇ１,zang1
ｚａｎｇ２,zang2
ｚａｎｇ３,zang3
ｚａｎｇ４,zang4
ｚａｎｇ５,zang5
ｚａｎｇ６,zang6
ｚａｉ１,zai1
ｚａｉ２,zai2
ｚａｉ３,zai3
ｚａｉ４,zai4
ｚａｉ５,zai5
ｚａｉ６,zai6
ｚａｕ１,zau1
ｚａｕ２,zau2
ｚａｕ３,zau3
ｚａｕ４,zau4
ｚａｕ５,zau5
ｚａｕ６,zau6
ｚａａ１,zaa1
ｚａａ２,zaa2
ｚａａ３,zaa3
ｚａａ４,zaa4
ｚａａ５,zaa5
ｚａａ６,zaa6
ｚａａｐ１,zaap1
ｚａａｐ２,zaap2
ｚａａｐ３,zaap3
ｚａａｐ４,zaap4
ｚａａｐ５,zaap5
ｚａａｐ６,zaap6
ｚａａｔ１,zaat1
ｚａａｔ２,zaat2
ｚａａｔ３,zaat3
ｚａａｔ４,zaat4
ｚａａｔ５,zaat5
ｚａａｔ６,zaat6
ｚａａｋ１,zaak1
ｚａａｋ２,zaak2
ｚａａｋ３,zaak3
ｚａａｋ４,zaak4
ｚａａｋ５,zaak5
ｚａａｋ６,zaak6
ｚａａｍ１,zaam1
ｚａａｍ２,zaam2
ｚａａｍ３,zaam3
ｚａａｍ４,zaam4
ｚａａｍ５,zaam5
ｚａａｍ６,zaam6
ｚａａｎ１,zaan1
ｚａａｎ２,zaan2
ｚａａｎ３,zaan3
ｚａａｎ４,zaan4
ｚａａｎ５,zaan5
ｚａａｎ６,zaan6
ｚａａｎｇ１,zaang1
ｚａａｎｇ２,zaang2
ｚａａｎｇ３,zaang3
ｚａａｎｇ４,zaang4
ｚａａｎｇ５,zaang5
ｚａａｎｇ６,zaang6
ｚａａｉ１,zaai1
ｚａａｉ２,zaai2
ｚａａｉ３,zaai3
ｚａａｉ４,zaai4
ｚａａｉ５,zaai5
ｚａａｉ６,zaai6
ｚａａｕ１,zaau1
ｚａａｕ２,zaau2
ｚａａｕ３,zaau3
ｚａａｕ４,zaau4
ｚａａｕ５,zaau5
ｚａａｕ６,zaau6
ｃｉ１,ci1
ｃｉ２,ci2
ｃｉ３,ci3
ｃｉ４,ci4
ｃｉ５,ci5
ｃｉ６,ci6
ｃｉｐ１,cip1
ｃｉｐ２,cip2
ｃｉｐ３,cip3
ｃｉｐ４,cip4
ｃｉｐ５,cip5
ｃｉｐ６,cip6
ｃｉｔ１,cit1
ｃｉｔ２,cit2
ｃｉｔ３,cit3
ｃｉｔ４,cit4
ｃｉｔ５,cit5
ｃｉｔ６,cit6
ｃｉｋ１,cik1
ｃｉｋ２,cik2
ｃｉｋ３,cik3
ｃｉｋ４,cik4
ｃｉｋ５,cik5
ｃｉｋ６,cik6
ｃｉｍ１,cim1
ｃｉｍ２,cim2
ｃｉｍ３,cim3
ｃｉｍ４,cim4
ｃｉｍ５,cim5
ｃｉｍ６,cim6
ｃｉｎ１,cin1
ｃｉｎ２,cin2
ｃｉｎ３,cin3
ｃｉｎ４,cin4
ｃｉｎ５,cin5
ｃｉｎ６,cin6
ｃｉｎｇ１,cing1
ｃｉｎｇ２,cing2
ｃｉｎｇ３,cing3
ｃｉｎｇ４,cing4
ｃｉｎｇ５,cing5
ｃｉｎｇ６,cing6
ｃｉｕ１,ciu1
ｃｉｕ２,ciu2
ｃｉｕ３,ciu3
ｃｉｕ４,ciu4
ｃｉｕ５,ciu5
ｃｉｕ６,ciu6
ｃｙｕ１,cyu1
ｃｙｕ２,cyu2
ｃｙｕ３,cyu3
ｃｙｕ４,cyu4
ｃｙｕ５,cyu5
ｃｙｕ６,cyu6
ｃｙｕｔ１,cyut1
ｃｙｕｔ２,cyut2
ｃｙｕｔ３,cyut3
ｃｙｕｔ４,cyut4
ｃｙｕｔ５,cyut5
ｃｙｕｔ６,cyut6
ｃｙｕｎ１,cyun1
ｃｙｕｎ２,cyun2
ｃｙｕｎ３,cyun3
ｃｙｕｎ４,cyun4
ｃｙｕｎ５,cyun5
ｃｙｕｎ６,cyun6
ｃｕ１,cu1
ｃｕ２,cu2
ｃｕ３,cu3
ｃｕ４,cu4
ｃｕ５,cu5
ｃｕ６,cu6
ｃｕｐ１,cup1
ｃｕｐ２,cup2
ｃｕｐ３,cup3
ｃｕｐ４,cup4
ｃｕｐ５,cup5
ｃｕｐ６,cup6
ｃｕｔ１,cut1
ｃｕｔ２,cut2
ｃｕｔ３,cut3
ｃｕｔ４,cut4
ｃｕｔ５,cut5
ｃｕｔ６,cut6
ｃｕｋ１,cuk1
ｃｕｋ２,cuk2
ｃｕｋ３,cuk3
ｃｕｋ４,cuk4
ｃｕｋ５,cuk5
ｃｕｋ６,cuk6
ｃｕｍ１,cum1
ｃｕｍ２,cum2
ｃｕｍ３,cum3
ｃｕｍ４,cum4
ｃｕｍ５,cum5
ｃｕｍ６,cum6
ｃｕｎ１,cun1
ｃｕｎ２,cun2
ｃｕｎ３,cun3
ｃｕｎ４,cun4
ｃｕｎ５,cun5
ｃｕｎ６,cun6
ｃｕｎｇ１,cung1
ｃｕｎｇ２,cung2
ｃｕｎｇ３,cung3
ｃｕｎｇ４,cung4
ｃｕｎｇ５,cung5
ｃｕｎｇ６,cung6
ｃｕｉ１,cui1
ｃｕｉ２,cui2
ｃｕｉ３,cui3
ｃｕｉ４,cui4
ｃｕｉ５,cui5
ｃｕｉ６,cui6
ｃｅ１,ce1
ｃｅ２,ce2
ｃｅ３,ce3
ｃｅ４,ce4
ｃｅ５,ce5
ｃｅ６,ce6
ｃｅｐ１,cep1
ｃｅｐ２,cep2
ｃｅｐ３,cep3
ｃｅｐ４,cep4
ｃｅｐ５,cep5
ｃｅｐ６,cep6
ｃｅｔ１,cet1
ｃｅｔ２,cet2
ｃｅｔ３,cet3
ｃｅｔ４,cet4
ｃｅｔ５,cet5
ｃｅｔ６,cet6
ｃｅｋ１,cek1
ｃｅｋ２,cek2
ｃｅｋ３,cek3
ｃｅｋ４,cek4
ｃｅｋ５,cek5
ｃｅｋ６,cek6
ｃｅｍ１,cem1
ｃｅｍ２,cem2
ｃｅｍ３,cem3
ｃｅｍ４,cem4
ｃｅｍ５,cem5
ｃｅｍ６,cem6
ｃｅｎ１,cen1
ｃｅｎ２,cen2
ｃｅｎ３,cen3
ｃｅｎ４,cen4
ｃｅｎ５,cen5
ｃｅｎ６,cen6
ｃｅｎｇ１,ceng1
ｃｅｎｇ２,ceng2
ｃｅｎｇ３,ceng3
ｃｅｎｇ４,ceng4
ｃｅｎｇ５,ceng5
ｃｅｎｇ６,ceng6
ｃｅｉ１,cei1
ｃｅｉ２,cei2
ｃｅｉ３,cei3
ｃｅｉ４,cei4
ｃｅｉ５,cei5
ｃｅｉ６,cei6
ｃｅｕ１,ceu1
ｃｅｕ２,ceu2
ｃｅｕ３,ceu3
ｃｅｕ４,ceu4
ｃｅｕ５,ceu5
ｃｅｕ６,ceu6
ｃｅｏｔ１,ceot1
ｃｅｏｔ２,ceot2
ｃｅｏｔ３,ceot3
ｃｅｏｔ４,ceot4
ｃｅｏｔ５,ceot5
ｃｅｏｔ６,ceot6
ｃｅｏｎ１,ceon1
ｃｅｏｎ２,ceon2
ｃｅｏｎ３,ceon3
ｃｅｏｎ４,ceon4
ｃｅｏｎ５,ceon5
ｃｅｏｎ６,ceon6
ｃｅｏｉ１,ceoi1
ｃｅｏｉ２,ceoi2
ｃｅｏｉ３,ceoi3
ｃｅｏｉ４,ceoi4
ｃｅｏｉ５,ceoi5
ｃｅｏｉ６,ceoi6
ｃｏｅ１,coe1
ｃｏｅ２,coe2
ｃｏｅ３,coe3
ｃｏｅ４,coe4
ｃｏｅ５,coe5
ｃｏｅ６,coe6
ｃｏｅｔ１,coet1
ｃｏｅｔ２,coet2
ｃｏｅｔ３,coet3
ｃｏｅｔ４,coet4
ｃｏｅｔ５,coet5
ｃｏｅｔ６,coet6
ｃｏｅｋ１,coek1
ｃｏｅｋ２,coek2
ｃｏｅｋ３,coek3
ｃｏｅｋ４,coek4
ｃｏｅｋ５,coek5
ｃｏｅｋ６,coek6
ｃｏｅｎｇ１,coeng1
ｃｏｅｎｇ２,coeng2
ｃｏｅｎｇ３,coeng3
ｃｏｅｎｇ４,coeng4
ｃｏｅｎｇ５,coeng5
ｃｏｅｎｇ６,coeng6
ｃｏ１,co1
ｃｏ２,co2
ｃｏ３,co3
ｃｏ４,co4
ｃｏ５,co5
ｃｏ６,co6
ｃｏｔ１,cot1
ｃｏｔ２,cot2
ｃｏｔ３,cot3
ｃｏｔ４,cot4
ｃｏｔ５,cot5
ｃｏｔ６,cot6
ｃｏｋ１,cok1
ｃｏｋ２,cok2
ｃｏｋ３,cok3
ｃｏｋ４,cok4
ｃｏｋ５,cok5
ｃｏｋ６,cok6
ｃｏｎ１,con1
ｃｏｎ２,con2
ｃｏｎ３,con3
ｃｏｎ４,con4
ｃｏｎ５,con5
ｃｏｎ６,con6
ｃｏｎｇ１,cong1
ｃｏｎｇ２,cong2
ｃｏｎｇ３,cong3
ｃｏｎｇ４,cong4
ｃｏｎｇ５,cong5
ｃｏｎｇ６,cong6
ｃｏｉ１,coi1
ｃｏｉ２,coi2
ｃｏｉ３,coi3
ｃｏｉ４,coi4
ｃｏｉ５,coi5
ｃｏｉ６,coi6
ｃｏｕ１,cou1
ｃｏｕ２,cou2
ｃｏｕ３,cou3
ｃｏｕ４,cou4
ｃｏｕ５,cou5
ｃｏｕ６,cou6
ｃａ１,ca1
ｃａ２,ca2
ｃａ３,ca3
ｃａ４,ca4
ｃａ５,ca5
ｃａ６,ca6
ｃａｐ１,cap1
ｃａｐ２,cap2
ｃａｐ３,cap3
ｃａｐ４,cap4
ｃａｐ５,cap5
ｃａｐ６,cap6
ｃａｔ１,cat1
ｃａｔ２,cat2
ｃａｔ３,cat3
ｃａｔ４,cat4
ｃａｔ５,cat5
ｃａｔ６,cat6
ｃａｋ１,cak1
ｃａｋ２,cak2
ｃａｋ３,cak3
ｃａｋ４,cak4
ｃａｋ５,cak5
ｃａｋ６,cak6
ｃａｍ１,cam1
ｃａｍ２,cam2
ｃａｍ３,cam3
ｃａｍ４,cam4
ｃａｍ５,cam5
ｃａｍ６,cam6
ｃａｎ１,can1
ｃａｎ２,can2
ｃａｎ３,can3
ｃａｎ４,can4
ｃａｎ５,can5
ｃａｎ６,can6
ｃａｎｇ１,cang1
ｃａｎｇ２,cang2
ｃａｎｇ３,cang3
ｃａｎｇ４,cang4
ｃａｎｇ５,cang5
ｃａｎｇ６,cang6
ｃａｉ１,cai1
ｃａｉ２,cai2
ｃａｉ３,cai3
ｃａｉ４,cai4
ｃａｉ５,cai5
ｃａｉ６,cai6
ｃａｕ１,cau1
ｃａｕ２,cau2
ｃａｕ３,cau3
ｃａｕ４,cau4
ｃａｕ５,cau5
ｃａｕ６,cau6
ｃａａ１,caa1
ｃａａ２,caa2
ｃａａ３,caa3
ｃａａ４,caa4
ｃａａ５,caa5
ｃａａ６,caa6
ｃａａｐ１,caap1
ｃａａｐ２,caap2
ｃａａｐ３,caap3
ｃａａｐ４,caap4
ｃａａｐ５,caap5
ｃａａｐ６,caap6
ｃａａｔ１,caat1
ｃａａｔ２,caat2
ｃａａｔ３,caat3
ｃａａｔ４,caat4
ｃａａｔ５,caat5
ｃａａｔ６,caat6
ｃａａｋ１,caak1
ｃａａｋ２,caak2
ｃａａｋ３,caak3
ｃａａｋ４,caak4
ｃａａｋ５,caak5
ｃａａｋ６,caak6
ｃａａｍ１,caam1
ｃａａｍ２,caam2
ｃａａｍ３,caam3
ｃａａｍ４,caam4
ｃａａｍ５,caam5
ｃａａｍ６,caam6
ｃａａｎ１,caan1
ｃａａｎ２,caan2
ｃａａｎ３,caan3
ｃａａｎ４,caan4
ｃａａｎ５,caan5
ｃａａｎ６,caan6
ｃａａｎｇ１,caang1
ｃａａｎｇ２,caang2
ｃａａｎｇ３,caang3
ｃａａｎｇ４,caang4
ｃａａｎｇ５,caang5
ｃａａｎｇ６,caang6
ｃａａｉ１,caai1
ｃａａｉ２,caai2
ｃａａｉ３,caai3
ｃａａｉ４,caai4
ｃａａｉ５,caai5
ｃａａｉ６,caai6
ｃａａｕ１,caau1
ｃａａｕ２,caau2
ｃａａｕ３,caau3
ｃａａｕ４,caau4
ｃａａｕ５,caau5
ｃａａｕ６,caau6
ｓｉ１,si1
ｓｉ２,si2
ｓｉ３,si3
ｓｉ４,si4
ｓｉ５,si5
ｓｉ６,si6
ｓｉｐ１,sip1
ｓｉｐ２,sip2
ｓｉｐ３,sip3
ｓｉｐ４,sip4
ｓｉｐ５,sip5
ｓｉｐ６,sip6
ｓｉｔ１,sit1
ｓｉｔ２,sit2
ｓｉｔ３,sit3
ｓｉｔ４,sit4
ｓｉｔ５,sit5
ｓｉｔ６,sit6
ｓｉｋ１,sik1
ｓｉｋ２,sik2
ｓｉｋ３,sik3
ｓｉｋ４,sik4
ｓｉｋ５,sik5
ｓｉｋ６,sik6
ｓｉｍ１,sim1
ｓｉｍ２,sim2
ｓｉｍ３,sim3
ｓｉｍ４,sim4
ｓｉｍ５,sim5
ｓｉｍ６,sim6
ｓｉｎ１,sin1
ｓｉｎ２,sin2
ｓｉｎ３,sin3
ｓｉｎ４,sin4
ｓｉｎ５,sin5
ｓｉｎ６,sin6
ｓｉｎｇ１,sing1
ｓｉｎｇ２,sing2
ｓｉｎｇ３,sing3
ｓｉｎｇ４,sing4
ｓｉｎｇ５,sing5
ｓｉｎｇ６,sing6
ｓｉｕ１,siu1
ｓｉｕ２,siu2
ｓｉｕ３,siu3
ｓｉｕ４,siu4
ｓｉｕ５,siu5
ｓｉｕ６,siu6
ｓｙｕ１,syu1
ｓｙｕ２,syu2
ｓｙｕ３,syu3
ｓｙｕ４,syu4
ｓｙｕ５,syu5
ｓｙｕ６,syu6
ｓｙｕｔ１,syut1
ｓｙｕｔ２,syut2
ｓｙｕｔ３,syut3
ｓｙｕｔ４,syut4
ｓｙｕｔ５,syut5
ｓｙｕｔ６,syut6
ｓｙｕｎ１,syun1
ｓｙｕｎ２,syun2
ｓｙｕｎ３,syun3
ｓｙｕｎ４,syun4
ｓｙｕｎ５,syun5
ｓｙｕｎ６,syun6
ｓｕ１,su1
ｓｕ２,su2
ｓｕ３,su3
ｓｕ４,su4
ｓｕ５,su5
ｓｕ６,su6
ｓｕｐ１,sup1
ｓｕｐ２,sup2
ｓｕｐ３,sup3
ｓｕｐ４,sup4
ｓｕｐ５,sup5
ｓｕｐ６,sup6
ｓｕｔ１,sut1
ｓｕｔ２,sut2
ｓｕｔ３,sut3
ｓｕｔ４,sut4
ｓｕｔ５,sut5
ｓｕｔ６,sut6
ｓｕｋ１,suk1
ｓｕｋ２,suk2
ｓｕｋ３,suk3
ｓｕｋ４,suk4
ｓｕｋ５,suk5
ｓｕｋ６,suk6
ｓｕｍ１,sum1
ｓｕｍ２,sum2
ｓｕｍ３,sum3
ｓｕｍ４,sum4
ｓｕｍ５,sum5
ｓｕｍ６,sum6
ｓｕｎ１,sun1
ｓｕｎ２,sun2
ｓｕｎ３,sun3
ｓｕｎ４,sun4
ｓｕｎ５,sun5
ｓｕｎ６,sun6
ｓｕｎｇ１,sung1
ｓｕｎｇ２,sung2
ｓｕｎｇ３,sung3
ｓｕｎｇ４,sung4
ｓｕｎｇ５,sung5
ｓｕｎｇ６,sung6
ｓｕｉ１,sui1
ｓｕｉ２,sui2
ｓｕｉ３,sui3
ｓｕｉ４,sui4
ｓｕｉ５,sui5
ｓｕｉ６,sui6
ｓｅ１,se1
ｓｅ２,se2
ｓｅ３,se3
ｓｅ４,se4
ｓｅ５,se5
ｓｅ６,se6
ｓｅｐ１,sep1
ｓｅｐ２,sep2
ｓｅｐ３,sep3
ｓｅｐ４,sep4
ｓｅｐ５,sep5
ｓｅｐ６,sep6
ｓｅｔ１,set1
ｓｅｔ２,set2
ｓｅｔ３,set3
ｓｅｔ４,set4
ｓｅｔ５,set5
ｓｅｔ６,set6
ｓｅｋ１,sek1
ｓｅｋ２,sek2
ｓｅｋ３,sek3
ｓｅｋ４,sek4
ｓｅｋ５,sek5
ｓｅｋ６,sek6
ｓｅｍ１,sem1
ｓｅｍ２,sem2
ｓｅｍ３,sem3
ｓｅｍ４,sem4
ｓｅｍ５,sem5
ｓｅｍ６,sem6
ｓｅｎ１,sen1
ｓｅｎ２,sen2
ｓｅｎ３,sen3
ｓｅｎ４,sen4
ｓｅｎ５,sen5
ｓｅｎ６,sen6
ｓｅｎｇ１,seng1
ｓｅｎｇ２,seng2
ｓｅｎｇ３,seng3
ｓｅｎｇ４,seng4
ｓｅｎｇ５,seng5
ｓｅｎｇ６,seng6
ｓｅｉ１,sei1
ｓｅｉ２,sei2
ｓｅｉ３,sei3
ｓｅｉ４,sei4
ｓｅｉ５,sei5
ｓｅｉ６,sei6
ｓｅｕ１,seu1
ｓｅｕ２,seu2
ｓｅｕ３,seu3
ｓｅｕ４,seu4
ｓｅｕ５,seu5
ｓｅｕ６,seu6
ｓｅｏｔ１,seot1
ｓｅｏｔ２,seot2
ｓｅｏｔ３,seot3
ｓｅｏｔ４,seot4
ｓｅｏｔ５,seot5
ｓｅｏｔ６,seot6
ｓｅｏｎ１,seon1
ｓｅｏｎ２,seon2
ｓｅｏｎ３,seon3
ｓｅｏｎ４,seon4
ｓｅｏｎ５,seon5
ｓｅｏｎ６,seon6
ｓｅｏｉ１,seoi1
ｓｅｏｉ２,seoi2
ｓｅｏｉ３,seoi3
ｓｅｏｉ４,seoi4
ｓｅｏｉ５,seoi5
ｓｅｏｉ６,seoi6
ｓｏｅ１,soe1
ｓｏｅ２,soe2
ｓｏｅ３,soe3
ｓｏｅ４,soe4
ｓｏｅ５,soe5
ｓｏｅ６,soe6
ｓｏｅｔ１,soet1
ｓｏｅｔ２,soet2
ｓｏｅｔ３,soet3
ｓｏｅｔ４,soet4
ｓｏｅｔ５,soet5
ｓｏｅｔ６,soet6
ｓｏｅｋ１,soek1
ｓｏｅｋ２,soek2
ｓｏｅｋ３,soek3
ｓｏｅｋ４,soek4
ｓｏｅｋ５,soek5
ｓｏｅｋ６,soek6
ｓｏｅｎｇ１,soeng1
ｓｏｅｎｇ２,soeng2
ｓｏｅｎｇ３,soeng3
ｓｏｅｎｇ４,soeng4
ｓｏｅｎｇ５,soeng5
ｓｏｅｎｇ６,soeng6
ｓｏ１,so1
ｓｏ２,so2
ｓｏ３,so3
ｓｏ４,so4
ｓｏ５,so5
ｓｏ６,so6
ｓｏｔ１,sot1
ｓｏｔ２,sot2
ｓｏｔ３,sot3
ｓｏｔ４,sot4
ｓｏｔ５,sot5
ｓｏｔ６,sot6
ｓｏｋ１,sok1
ｓｏｋ２,sok2
ｓｏｋ３,sok3
ｓｏｋ４,sok4
ｓｏｋ５,sok5
ｓｏｋ６,sok6
ｓｏｎ１,son1
ｓｏｎ２,son2
ｓｏｎ３,son3
ｓｏｎ４,son4
ｓｏｎ５,son5
ｓｏｎ６,son6
ｓｏｎｇ１,song1
ｓｏｎｇ２,song2
ｓｏｎｇ３,song3
ｓｏｎｇ４,song4
ｓｏｎｇ５,song5
ｓｏｎｇ６,song6
ｓｏｉ１,soi1
ｓｏｉ２,soi2
ｓｏｉ３,soi3
ｓｏｉ４,soi4
ｓｏｉ５,soi5
ｓｏｉ６,soi6
ｓｏｕ１,sou1
ｓｏｕ２,sou2
ｓｏｕ３,sou3
ｓｏｕ４,sou4
ｓｏｕ５,sou5
ｓｏｕ６,sou6
ｓａ１,sa1
ｓａ２,sa2
ｓａ３,sa3
ｓａ４,sa4
ｓａ５,sa5
ｓａ６,sa6
ｓａｐ１,sap1
ｓａｐ２,sap2
ｓａｐ３,sap3
ｓａｐ４,sap4
ｓａｐ５,sap5
ｓａｐ６,sap6
ｓａｔ１,sat1
ｓａｔ２,sat2
ｓａｔ３,sat3
ｓａｔ４,sat4
ｓａｔ５,sat5
ｓａｔ６,sat6
ｓａｋ１,sak1
ｓａｋ２,sak2
ｓａｋ３,sak3
ｓａｋ４,sak4
ｓａｋ５,sak5
ｓａｋ６,sak6
ｓａｍ１,sam1
ｓａｍ２,sam2
ｓａｍ３,sam3
ｓａｍ４,sam4
ｓａｍ５,sam5
ｓａｍ６,sam6
ｓａｎ１,san1
ｓａｎ２,san2
ｓａｎ３,san3
ｓａｎ４,san4
ｓａｎ５,san5
ｓａｎ６,san6
ｓａｎｇ１,sang1
ｓａｎｇ２,sang2
ｓａｎｇ３,sang3
ｓａｎｇ４,sang4
ｓａｎｇ５,sang5
ｓａｎｇ６,sang6
ｓａｉ１,sai1
ｓａｉ２,sai2
ｓａｉ３,sai3
ｓａｉ４,sai4
ｓａｉ５,sai5
ｓａｉ６,sai6
ｓａｕ１,sau1
ｓａｕ２,sau2
ｓａｕ３,sau3
ｓａｕ４,sau4
ｓａｕ５,sau5
ｓａｕ６,sau6
ｓａａ１,saa1
ｓａａ２,saa2
ｓａａ３,saa3
ｓａａ４,saa4
ｓａａ５,saa5
ｓａａ６,saa6
ｓａａｐ１,saap1
ｓａａｐ２,saap2
ｓａａｐ３,saap3
ｓａａｐ４,saap4
ｓａａｐ５,saap5
ｓａａｐ６,saap6
ｓａａｔ１,saat1
ｓａａｔ２,saat2
ｓａａｔ３,saat3
ｓａａｔ４,saat4
ｓａａｔ５,saat5
ｓａａｔ６,saat6
ｓａａｋ１,saak1
ｓａａｋ２,saak2
ｓａａｋ３,saak3
ｓａａｋ４,saak4
ｓａａｋ５,saak5
ｓａａｋ６,saak6
ｓａａｍ１,saam1
ｓａａｍ２,saam2
ｓａａｍ３,saam3
ｓａａｍ４,saam4
ｓａａｍ５,saam5
ｓａａｍ６,saam6
ｓａａｎ１,saan1
ｓａａｎ２,saan2
ｓａａｎ３,saan3
ｓａａｎ４,saan4
ｓａａｎ５,saan5
ｓａａｎ６,saan6
ｓａａｎｇ１,saang1
ｓａａｎｇ２,saang2
ｓａａｎｇ３,saang3
ｓａａｎｇ４,saang4
ｓａａｎｇ５,saang5
ｓａａｎｇ６,saang6
ｓａａｉ１,saai1
ｓａａｉ２,saai2
ｓａａｉ３,saai3
ｓａａｉ４,saai4
ｓａａｉ５,saai5
ｓａａｉ６,saai6
ｓａａｕ１,saau1
ｓａａｕ２,saau2
ｓａａｕ３,saau3
ｓａａｕ４,saau4
ｓａａｕ５,saau5
ｓａａｕ６,saau6
ｊｉ１,ji1
ｊｉ２,ji2
ｊｉ３,ji3
ｊｉ４,ji4
ｊｉ５,ji5
ｊｉ６,ji6
ｊｉｐ１,jip1
ｊｉｐ２,jip2
ｊｉｐ３,jip3
ｊｉｐ４,jip4
ｊｉｐ５,jip5
ｊｉｐ６,jip6
ｊｉｔ１,jit1
ｊｉｔ２,jit2
ｊｉｔ３,jit3
ｊｉｔ４,jit4
ｊｉｔ５,jit5
ｊｉｔ６,jit6
ｊｉｋ１,jik1
ｊｉｋ２,jik2
ｊｉｋ３,jik3
ｊｉｋ４,jik4
ｊｉｋ５,jik5
ｊｉｋ６,jik6
ｊｉｍ１,jim1
ｊｉｍ２,jim2
ｊｉｍ３,jim3
ｊｉｍ４,jim4
ｊｉｍ５,jim5
ｊｉｍ６,jim6
ｊｉｎ１,jin1
ｊｉｎ２,jin2
ｊｉｎ３,jin3
ｊｉｎ４,jin4
ｊｉｎ５,jin5
ｊｉｎ６,jin6
ｊｉｎｇ１,jing1
ｊｉｎｇ２,jing2
ｊｉｎｇ３,jing3
ｊｉｎｇ４,jing4
ｊｉｎｇ５,jing5
ｊｉｎｇ６,jing6
ｊｉｕ１,jiu1
ｊｉｕ２,jiu2
ｊｉｕ３,jiu3
ｊｉｕ４,jiu4
ｊｉｕ５,jiu5
ｊｉｕ６,jiu6
ｊｙｕ１,jyu1
ｊｙｕ２,jyu2
ｊｙｕ３,jyu3
ｊｙｕ４,jyu4
ｊｙｕ５,jyu5
ｊｙｕ６,jyu6
ｊｙｕｔ１,jyut1
ｊｙｕｔ２,jyut2
ｊｙｕｔ３,jyut3
ｊｙｕｔ４,jyut4
ｊｙｕｔ５,jyut5
ｊｙｕｔ６,jyut6
ｊｙｕｎ１,jyun1
ｊｙｕｎ２,jyun2
ｊｙｕｎ３,jyun3
ｊｙｕｎ４,jyun4
ｊｙｕｎ５,jyun5
ｊｙｕｎ６,jyun6
ｊｕ１,ju1
ｊｕ２,ju2
ｊｕ３,ju3
ｊｕ４,ju4
ｊｕ５,ju5
ｊｕ６,ju6
ｊｕｐ１,jup1
ｊｕｐ２,jup2
ｊｕｐ３,jup3
ｊｕｐ４,jup4
ｊｕｐ５,jup5
ｊｕｐ６,jup6
ｊｕｔ１,jut1
ｊｕｔ２,jut2
ｊｕｔ３,jut3
ｊｕｔ４,jut4
ｊｕｔ５,jut5
ｊｕｔ６,jut6
ｊｕｋ１,juk1
ｊｕｋ２,juk2
ｊｕｋ３,juk3
ｊｕｋ４,juk4
ｊｕｋ５,juk5
ｊｕｋ６,juk6
ｊｕｍ１,jum1
ｊｕｍ２,jum2
ｊｕｍ３,jum3
ｊｕｍ４,jum4
ｊｕｍ５,jum5
ｊｕｍ６,jum6
ｊｕｎ１,jun1
ｊｕｎ２,jun2
ｊｕｎ３,jun3
ｊｕｎ４,jun4
ｊｕｎ５,jun5
ｊｕｎ６,jun6
ｊｕｎｇ１,jung1
ｊｕｎｇ２,jung2
ｊｕｎｇ３,jung3
ｊｕｎｇ４,jung4
ｊｕｎｇ５,jung5
ｊｕｎｇ６,jung6
ｊｕｉ１,jui1
ｊｕｉ２,jui2
ｊｕｉ３,jui3
ｊｕｉ４,jui4
ｊｕｉ５,jui5
ｊｕｉ６,jui6
ｊｅ１,je1
ｊｅ２,je2
ｊｅ３,je3
ｊｅ４,je4
ｊｅ５,je5
ｊｅ６,je6
ｊｅｐ１,jep1
ｊｅｐ２,jep2
ｊｅｐ３,jep3
ｊｅｐ４,jep4
ｊｅｐ５,jep5
ｊｅｐ６,jep6
ｊｅｔ１,jet1
ｊｅｔ２,jet2
ｊｅｔ３,jet3
ｊｅｔ４,jet4
ｊｅｔ５,jet5
ｊｅｔ６,jet6
ｊｅｋ１,jek1
ｊｅｋ２,jek2
ｊｅｋ３,jek3
ｊｅｋ４,jek4
ｊｅｋ５,jek5
ｊｅｋ６,jek6
ｊｅｍ１,jem1
ｊｅｍ２,jem2
ｊｅｍ３,jem3
ｊｅｍ４,jem4
ｊｅｍ５,jem5
ｊｅｍ６,jem6
ｊｅｎ１,jen1
ｊｅｎ２,jen2
ｊｅｎ３,jen3
ｊｅｎ４,jen4
ｊｅｎ５,jen5
ｊｅｎ６,jen6
ｊｅｎｇ１,jeng1
ｊｅｎｇ２,jeng2
ｊｅｎｇ３,jeng3
ｊｅｎｇ４,jeng4
ｊｅｎｇ５,jeng5
ｊｅｎｇ６,jeng6
ｊｅｉ１,jei1
ｊｅｉ２,jei2
ｊｅｉ３,jei3
ｊｅｉ４,jei4
ｊｅｉ５,jei5
ｊｅｉ６,jei6
ｊｅｕ１,jeu1
ｊｅｕ２,jeu2
ｊｅｕ３,jeu3
ｊｅｕ４,jeu4
ｊｅｕ５,jeu5
ｊｅｕ６,jeu6
ｊｅｏｔ１,jeot1
ｊｅｏｔ２,jeot2
ｊｅｏｔ３,jeot3
ｊｅｏｔ４,jeot4
ｊｅｏｔ５,jeot5
ｊｅｏｔ６,jeot6
ｊｅｏｎ１,jeon1
ｊｅｏｎ２,jeon2
ｊｅｏｎ３,jeon3
ｊｅｏｎ４,jeon4
ｊｅｏｎ５,jeon5
ｊｅｏｎ６,jeon6
ｊｅｏｉ１,jeoi1
ｊｅｏｉ２,jeoi2
ｊｅｏｉ３,jeoi3
ｊｅｏｉ４,jeoi4
ｊｅｏｉ５,jeoi5
ｊｅｏｉ６,jeoi6
ｊｏｅ１,joe1
ｊｏｅ２,joe2
ｊｏｅ３,joe3
ｊｏｅ４,joe4
ｊｏｅ５,joe5
ｊｏｅ６,joe6
ｊｏｅｔ１,joet1
ｊｏｅｔ２,joet2
ｊｏｅｔ３,joet3
ｊｏｅｔ４,joet4
ｊｏｅｔ５,joet5
ｊｏｅｔ６,joet6
ｊｏｅｋ１,joek1
ｊｏｅｋ２,joek2
ｊｏｅｋ３,joek3
ｊｏｅｋ４,joek4
ｊｏｅｋ５,joek5
ｊｏｅｋ６,joek6
ｊｏｅｎｇ１,joeng1
ｊｏｅｎｇ２,joeng2
ｊｏｅｎｇ３,joeng3
ｊｏｅｎｇ４,joeng4
ｊｏｅｎｇ５,joeng5
ｊｏｅｎｇ６,joeng6
ｊｏ１,jo1
ｊｏ２,jo2
ｊｏ３,jo3
ｊｏ４,jo4
ｊｏ５,jo5
ｊｏ６,jo6
ｊｏｔ１,jot1
ｊｏｔ２,jot2
ｊｏｔ３,jot3
ｊｏｔ４,jot4
ｊｏｔ５,jot5
ｊｏｔ６,jot6
ｊｏｋ１,jok1
ｊｏｋ２,jok2
ｊｏｋ３,jok3
ｊｏｋ４,jok4
ｊｏｋ５,jok5
ｊｏｋ６,jok6
ｊｏｎ１,jon1
ｊｏｎ２,jon2
ｊｏｎ３,jon3
ｊｏｎ４,jon4
ｊｏｎ５,jon5
ｊｏｎ６,jon6
ｊｏｎｇ１,jong1
ｊｏｎｇ２,jong2
ｊｏｎｇ３,jong3
ｊｏｎｇ４,jong4
ｊｏｎｇ５,jong5
ｊｏｎｇ６,jong6
ｊｏｉ１,joi1
ｊｏｉ２,joi2
ｊｏｉ３,joi3
ｊｏｉ４,joi4
ｊｏｉ５,joi5
ｊｏｉ６,joi6
ｊｏｕ１,jou1
ｊｏｕ２,jou2
ｊｏｕ３,jou3
ｊｏｕ４,jou4
ｊｏｕ５,jou5
ｊｏｕ６,jou6
ｊａ１,ja1
ｊａ２,ja2
ｊａ３,ja3
ｊａ４,ja4
ｊａ５,ja5
ｊａ６,ja6
ｊａｐ１,jap1
ｊａｐ２,jap2
ｊａｐ３,jap3
ｊａｐ４,jap4
ｊａｐ５,jap5
ｊａｐ６,jap6
ｊａｔ１,jat1
ｊａｔ２,jat2
ｊａｔ３,jat3
ｊａｔ４,jat4
ｊａｔ５,jat5
ｊａｔ６,jat6
ｊａｋ１,jak1
ｊａｋ２,jak2
ｊａｋ３,jak3
ｊａｋ４,jak4
ｊａｋ５,jak5
ｊａｋ６,jak6
ｊａｍ１,jam1
ｊａｍ２,jam2
ｊａｍ３,jam3
ｊａｍ４,jam4
ｊａｍ５,jam5
ｊａｍ６,jam6
ｊａｎ１,jan1
ｊａｎ２,jan2
ｊａｎ３,jan3
ｊａｎ４,jan4
ｊａｎ５,jan5
ｊａｎ６,jan6
ｊａｎｇ１,jang1
ｊａｎｇ２,jang2
ｊａｎｇ３,jang3
ｊａｎｇ４,jang4
ｊａｎｇ５,jang5
ｊａｎｇ６,jang6
ｊａｉ１,jai1
ｊａｉ２,jai2
ｊａｉ３,jai3
ｊａｉ４,jai4
ｊａｉ５,jai5
ｊａｉ６,jai6
ｊａｕ１,jau1
ｊａｕ２,jau2
ｊａｕ３,jau3
ｊａｕ４,jau4
ｊａｕ５,jau5
ｊａｕ６,jau6
ｊａａ１,jaa1
ｊａａ２,jaa2
ｊａａ３,jaa3
ｊａａ４,jaa4
ｊａａ５,jaa5
ｊａａ６,jaa6
ｊａａｐ１,jaap1
ｊａａｐ２,jaap2
ｊａａｐ３,jaap3
ｊａａｐ４,jaap4
ｊａａｐ５,jaap5
ｊａａｐ６,jaap6
ｊａａｔ１,jaat1
ｊａａｔ２,jaat2
ｊａａｔ３,jaat3
ｊａａｔ４,jaat4
ｊａａｔ５,jaat5
ｊａａｔ６,jaat6
ｊａａｋ１,jaak1
ｊａａｋ２,jaak2
ｊａａｋ３,jaak3
ｊａａｋ４,jaak4
ｊａａｋ５,jaak5
ｊａａｋ６,jaak6
ｊａａｍ１,jaam1
ｊａａｍ２,jaam2
ｊａａｍ３,jaam3
ｊａａｍ４,jaam4
ｊａａｍ５,jaam5
ｊａａｍ６,jaam6
ｊａａｎ１,jaan1
ｊａａｎ２,jaan2
ｊａａｎ３,jaan3
ｊａａｎ４,jaan4
ｊａａｎ５,jaan5
ｊａａｎ６,jaan6
ｊａａｎｇ１,jaang1
ｊａａｎｇ２,jaang2
ｊａａｎｇ３,jaang3
ｊａａｎｇ４,jaang4
ｊａａｎｇ５,jaang5
ｊａａｎｇ６,jaang6
ｊａａｉ１,jaai1
ｊａａｉ２,jaai2
ｊａａｉ３,jaai3
ｊａａｉ４,jaai4
ｊａａｉ５,jaai5
ｊａａｉ６,jaai6
ｊａａｕ１,jaau1
ｊａａｕ２,jaau2
ｊａａｕ３,jaau3
ｊａａｕ４,jaau4
ｊａａｕ５,jaau5
ｊａａｕ６,jaau6
